player_id,sim_time_min,heart_rate,accel_value,impact_event,major_event,tier,network_delay_ms,edge_latency_ms
1,0,90,0.67,False,False,2,58.6,2725.07
2,0,73,1.61,False,False,2,89.4,2634.81
3,0,89,0.53,False,False,2,126.57,2507.52
4,0,88,0.74,False,False,2,61.35,2444.57
5,0,69,0.76,False,False,2,57.33,2386.33
6,0,86,0.86,False,False,2,49.67,2335.94
7,0,73,1.78,False,False,2,86.44,2248.82
8,0,82,1.43,False,False,2,74.12,2173.82
9,0,88,1.04,False,False,2,75.57,2097.16
10,0,78,1.73,False,False,2,116.91,1979.42
11,0,69,0.8,False,False,2,29.25,1949.35
12,0,78,1.3,False,False,2,25.75,1921.16
13,0,77,1.91,False,False,2,132.13,1787.48
14,0,72,1.75,False,False,2,35.17,1751.51
15,0,69,1.62,False,False,2,85.25,1665.07
16,0,71,1.83,False,False,2,58.74,1605.6
17,0,81,0.91,False,False,2,53.4,1551.57
18,0,75,1.77,False,False,2,66.66,1483.89
19,0,77,1.95,False,False,2,31.2,1451.92
20,0,88,1.97,False,False,2,131.34,1319.93
21,0,86,1.71,False,False,2,137.31,1181.69
22,0,87,1.19,False,False,2,149.54,1029.78
1,0.38,91,1.53,False,False,2,28.6,0.01
2,0.38,76,1.08,False,False,2,71.61,2631.45
3,0.38,89,1.94,False,False,2,86.63,2544.3
4,0.38,86,1.08,False,False,2,69.11,2474.35
5,0.38,71,1.83,False,False,2,49.4,2424.3
6,0.38,83,0.62,False,False,2,42.51,2380.86
7,0.38,74,0.79,False,False,2,61.42,2318.11
8,0.38,81,1.91,False,False,2,128.58,2188.55
9,0.38,91,1.48,False,False,2,39.42,2148.4
10,0.38,75,1.94,False,False,2,139.73,2007.79
11,0.38,71,0.74,False,False,2,63.32,1943.14
12,0.38,80,0.5,False,False,2,93.04,1849.05
13,0.38,80,0.68,False,False,2,116.22,1732.0
14,0.38,73,1.55,False,False,2,134.45,1596.83
15,0.38,72,1.06,False,False,2,38.05,1557.96
16,0.38,72,1.3,False,False,2,43.56,1513.37
17,0.38,80,1.74,False,False,2,140.25,1372.19
18,0.38,77,1.12,False,False,2,48.72,1322.16
19,0.38,79,0.8,False,False,2,103.84,1217.45
20,0.38,87,1.16,False,False,2,34.91,1181.23
21,0.38,87,1.62,False,False,2,56.08,1124.6
22,0.38,85,1.26,False,False,2,87.13,1035.51
1,0.75,93,1.79,False,False,2,34.38,0.02
2,0.75,77,0.6,False,False,2,131.73,2646.95
3,0.75,88,1.21,False,False,2,86.53,2559.93
4,0.75,87,1.98,False,False,2,59.78,2498.93
5,0.75,71,1.73,False,False,2,119.99,2377.14
6,0.75,81,1.01,False,False,2,126.14,2250.03
7,0.75,73,1.49,False,False,2,32.73,2216.49
8,0.75,79,1.96,False,False,2,120.12,2095.51
9,0.75,89,0.73,False,False,2,53.1,2041.77
10,0.75,72,1.63,False,False,2,51.46,1989.27
11,0.75,70,1.47,False,False,2,108.07,1880.2
12,0.75,83,1.72,False,False,2,29.91,1849.59
13,0.75,77,0.73,False,False,2,63.95,1784.88
14,0.75,71,0.95,False,False,2,60.82,1723.29
15,0.75,73,0.77,False,False,2,145.87,1575.99
16,0.75,75,1.92,False,False,2,34.9,1538.28
17,0.75,81,1.43,False,False,2,113.55,1424.07
18,0.75,78,1.59,False,False,2,112.38,1311.23
19,0.75,77,0.89,False,False,2,117.09,1193.02
20,0.75,87,1.18,False,False,2,54.12,1137.87
21,0.75,84,1.82,False,False,2,28.74,1107.71
22,0.75,84,0.74,False,False,2,58.09,1048.54
2,1.12,78,0.93,False,False,2,45.94,0.02
3,1.12,88,1.95,False,False,2,140.1,2536.31
4,1.12,84,1.39,False,False,2,114.92,2420.21
5,1.12,71,1.05,False,False,2,42.37,2376.8
6,1.12,82,1.33,False,False,2,45.75,2329.24
7,1.12,76,0.91,False,False,2,104.3,2222.53
8,1.12,76,0.53,False,False,2,55.35,2166.43
9,1.12,92,1.85,False,False,2,101.63,2064.12
10,1.12,70,1.61,False,False,2,60.98,2002.09
11,1.12,68,1.76,False,False,2,24.54,1976.37
12,1.12,82,0.93,False,False,2,42.17,1933.41
13,1.12,75,0.94,False,False,2,125.71,1806.78
14,1.12,69,1.03,False,False,2,22.4,1783.47
15,1.12,74,1.84,False,False,2,149.89,1632.83
16,1.12,72,1.05,False,False,2,60.24,1571.97
17,1.12,82,0.96,False,False,2,103.82,1467.44
18,1.12,77,1.18,False,False,2,59.42,1405.81
19,1.12,76,0.75,False,False,2,140.72,1262.8
20,1.12,87,1.04,False,False,2,39.94,1221.78
21,1.12,87,1.15,False,False,2,98.16,1122.8
22,1.12,81,1.85,False,False,2,51.22,1070.63
1,1.5,96,0.84,False,False,2,68.88,0.02
2,1.5,77,1.4,False,False,2,57.7,1938.66
3,1.5,89,1.24,False,False,2,147.3,1790.56
4,1.5,86,0.97,False,False,2,68.66,1718.98
5,1.5,72,0.72,False,False,2,88.34,1629.46
6,1.5,81,1.53,False,False,2,107.75,1520.96
7,1.5,74,1.64,False,False,2,95.66,1423.53
8,1.5,78,1.66,False,False,2,120.48,1302.02
9,1.5,91,1.84,False,False,2,116.67,1184.38
10,1.5,70,1.03,False,False,2,138.68,1044.79
11,1.5,69,1.26,False,False,2,50.95,992.68
12,1.5,84,0.69,False,False,2,20.67,971.4
13,1.5,76,1.25,False,False,2,101.79,867.68
14,1.5,70,1.52,False,False,2,99.65,766.99
15,1.5,74,0.77,False,False,2,71.54,693.98
16,1.5,71,1.05,False,False,2,71.7,621.34
17,1.5,80,0.89,False,False,2,127.93,491.69
18,1.5,79,1.31,False,False,2,134.73,356.14
19,1.5,79,1.73,False,False,2,133.56,221.51
20,1.5,87,1.64,False,False,2,108.13,112.66
21,1.5,87,0.62,False,False,2,111.45,0.01
22,1.5,80,1.73,False,False,2,58.68,1946.44
1,1.88,95,1.59,False,False,2,118.03,825.05
2,1.88,77,1.42,False,False,2,92.56,731.86
3,1.88,89,0.58,False,False,2,29.9,701.04
4,1.88,86,1.88,False,False,2,34.37,665.26
5,1.88,71,0.64,False,False,2,58.01,606.6
6,1.88,80,0.65,False,False,2,33.75,571.17
7,1.88,73,1.91,False,False,2,142.48,427.78
8,1.88,80,1.32,False,False,2,106.81,320.19
9,1.88,92,1.27,False,False,2,92.42,226.67
10,1.88,68,1.55,False,False,2,127.7,98.15
11,1.88,69,1.51,False,False,2,97.46,0.01
12,1.88,84,0.79,False,False,2,110.38,2053.87
13,1.88,73,1.68,False,False,2,70.64,1982.58
14,1.88,73,0.99,False,False,2,124.34,1857.53
15,1.88,77,0.62,False,False,2,141.01,1715.36
16,1.88,69,0.94,False,False,2,148.68,1565.81
17,1.88,80,1.84,False,False,2,42.89,1522.19
18,1.88,80,0.9,False,False,2,93.08,1428.26
19,1.88,79,1.72,False,False,2,130.7,1296.35
20,1.88,87,1.83,False,False,2,31.5,1263.53
21,1.88,89,1.94,False,False,2,147.08,1115.57
22,1.88,77,1.4,False,False,2,26.24,1087.93
1,2.25,98,0.59,False,False,2,86.26,0.01
2,2.25,79,1.07,False,False,2,55.89,2589.26
3,2.25,86,1.05,False,False,2,47.65,2540.96
4,2.25,88,0.85,False,False,2,119.52,2419.65
5,2.25,68,1.39,False,False,2,79.23,2339.85
6,2.25,83,1.15,False,False,2,39.25,2299.48
7,2.25,72,1.67,False,False,2,32.98,2264.75
8,2.25,77,0.6,False,False,2,117.46,2146.39
9,2.25,92,1.9,False,False,2,78.14,2067.62
10,2.25,68,0.91,False,False,2,147.05,1918.59
11,2.25,69,1.49,False,False,2,31.18,1886.77
12,2.25,82,1.09,False,False,2,100.68,1785.18
13,2.25,72,0.9,False,False,2,92.87,1690.66
14,2.25,72,0.97,False,False,2,29.44,1659.35
15,2.25,77,0.61,False,False,2,31.06,1626.47
16,2.25,67,1.69,False,False,2,110.15,1514.89
17,2.25,77,1.58,False,False,2,61.86,1452.54
18,2.25,81,1.79,False,False,2,25.92,1425.64
19,2.25,76,1.43,False,False,2,77.71,1346.99
20,2.25,88,1.97,False,False,2,108.55,1233.91
21,2.25,87,1.75,False,False,2,109.63,1123.34
22,2.25,74,1.72,False,False,2,59.62,1063.03
1,2.62,96,0.54,False,False,2,62.08,0.01
2,2.62,81,1.96,False,False,2,109.96,2732.02
3,2.62,83,1.85,False,False,2,76.86,2654.62
4,2.62,85,1.59,False,False,2,122.71,2531.0
5,2.62,68,1.46,False,False,2,94.04,2434.8
6,2.62,81,1.77,False,False,2,101.78,2331.82
7,2.62,73,0.84,False,False,2,53.69,2277.27
8,2.62,74,1.03,False,False,2,97.39,2178.43
9,2.62,92,1.07,False,False,2,21.48,2155.92
10,2.62,66,0.87,False,False,2,79.11,2075.97
11,2.62,66,0.53,False,False,2,61.5,2013.26
12,2.62,85,0.84,False,False,2,54.06,1958.19
13,2.62,70,1.37,False,False,2,48.82,1908.46
14,2.62,71,1.73,False,False,2,85.35,1822.35
15,2.62,78,0.96,False,False,2,106.6,1714.67
16,2.62,70,1.75,False,False,2,58.42,1655.45
17,2.62,77,1.29,False,False,2,53.94,1600.92
18,2.62,80,0.61,False,False,2,108.38,1491.64
19,2.62,79,1.71,False,False,2,56.27,1434.25
20,2.62,86,1.31,False,False,2,141.55,1292.0
21,2.62,86,0.5,False,False,2,120.34,1170.42
22,2.62,72,0.78,False,False,2,23.93,1145.42
1,3.0,94,0.55,False,False,2,144.19,0.02
2,3.0,80,0.51,False,False,2,33.32,2839.81
3,3.0,82,0.86,False,False,2,147.69,2691.19
4,3.0,86,0.53,False,False,2,47.68,2642.58
5,3.0,66,1.12,False,False,2,131.57,2510.07
7,3.0,71,1.01,False,False,2,130.65,2378.31
8,3.0,76,1.73,False,False,2,28.08,2348.96
9,3.0,91,0.79,False,False,2,101.74,2245.97
10,3.0,65,1.85,False,False,2,31.76,2213.24
11,3.0,69,0.61,False,False,2,126.01,2086.67
12,3.0,88,1.58,False,False,2,118.02,1967.59
13,3.0,67,0.59,False,False,2,87.87,1878.51
14,3.0,71,0.91,False,False,2,134.9,1741.27
15,3.0,81,0.63,False,False,2,49.21,1691.27
16,3.0,71,1.23,False,False,2,115.38,1574.84
17,3.0,77,0.82,False,False,2,54.69,1519.28
18,3.0,78,1.44,False,False,2,56.81,1461.74
19,3.0,82,1.87,False,False,2,129.15,1331.9
20,3.0,86,1.77,False,False,2,119.79,1211.15
21,3.0,86,1.83,False,False,2,33.01,1177.29
22,3.0,73,1.16,False,False,2,117.81,1058.39
1,3.38,96,1.0,False,False,2,57.44,0.02
2,3.38,79,1.09,False,False,2,116.11,2875.67
3,3.38,81,0.77,False,False,2,149.08,2725.88
5,3.38,68,1.71,False,False,2,115.5,2609.45
6,3.38,83,1.14,False,False,2,141.4,2467.0
7,3.38,73,0.94,False,False,2,110.86,2354.25
8,3.38,78,1.52,False,False,2,54.74,2298.17
9,3.38,88,1.37,False,False,2,98.44,2198.99
10,3.38,64,1.03,False,False,2,133.21,2065.35
11,3.38,67,0.68,False,False,2,49.48,2014.97
12,3.38,89,0.83,False,False,2,37.65,1976.15
13,3.38,69,1.87,False,False,2,143.29,1832.19
14,3.38,71,0.58,False,False,2,127.21,1703.9
15,3.38,84,1.8,False,False,2,69.97,1631.12
16,3.38,69,1.18,False,False,2,42.09,1588.15
17,3.38,79,1.34,False,False,2,91.74,1495.54
18,3.38,75,1.86,False,False,2,84.98,1408.74
19,3.38,84,0.64,False,False,2,103.33,1304.73
20,3.38,84,1.19,False,False,2,141.76,1162.32
21,3.38,83,1.36,False,False,2,93.7,1067.63
22,3.38,70,1.17,False,False,2,22.49,1043.6
1,3.75,93,1.64,False,False,2,42.04,0.02
2,3.75,78,0.62,False,False,2,137.36,1875.09
3,3.75,81,1.93,False,False,2,85.89,1788.18
4,3.75,87,0.58,False,False,2,62.36,1725.01
5,3.75,68,0.5,False,False,2,122.55,1601.27
6,3.75,83,0.58,False,False,2,63.89,1535.55
7,3.75,75,0.76,False,False,2,91.9,1442.45
8,3.75,79,1.59,False,False,2,76.34,1363.86
9,3.75,89,1.5,False,False,2,148.76,1214.1
10,3.75,64,0.98,False,False,2,106.85,1106.44
11,3.75,64,1.63,False,False,2,32.94,1072.67
12,3.75,87,1.48,False,False,2,124.11,947.5
13,3.75,67,1.46,False,False,2,124.82,822.05
14,3.75,70,1.24,False,False,2,148.35,672.05
15,3.75,82,0.8,False,False,2,81.64,589.26
16,3.75,71,1.94,False,False,2,101.26,486.35
17,3.75,81,1.98,False,False,2,23.53,461.41
18,3.75,75,1.54,False,False,2,141.71,317.26
19,3.75,85,0.97,False,False,2,149.26,166.66
20,3.75,81,0.57,False,False,2,55.72,109.31
21,3.75,80,1.28,False,False,2,106.65,0.01
22,3.75,69,1.21,False,False,2,106.01,1967.99
1,4.12,95,1.28,False,False,2,105.54,860.24
2,4.12,81,1.99,False,False,2,43.97,815.2
3,4.12,84,1.38,False,False,2,149.4,663.69
4,4.12,90,0.84,False,False,2,137.44,525.25
5,4.12,66,1.27,False,False,2,85.18,438.95
6,4.12,82,0.94,False,False,2,29.06,409.08
7,4.12,75,1.5,False,False,2,30.32,377.42
8,4.12,78,0.73,False,False,2,24.76,350.96
9,4.12,86,0.52,False,False,2,66.4,283.55
10,4.12,66,1.45,False,False,2,96.92,185.82
11,4.12,61,1.29,False,False,2,81.61,102.97
12,4.12,89,0.93,False,False,2,101.89,0.02
13,4.12,69,2.0,False,False,2,88.88,2041.96
14,4.12,72,1.77,False,False,2,42.46,1998.21
15,4.12,81,1.27,False,False,2,39.16,1958.41
16,4.12,71,1.77,False,False,2,47.83,1909.82
17,4.12,82,1.29,False,False,2,117.91,1791.25
18,4.12,73,0.67,False,False,2,44.39,1744.89
19,4.12,85,1.41,False,False,2,77.75,1665.75
20,4.12,80,1.01,False,False,2,45.05,1619.93
21,4.12,83,0.73,False,False,2,89.56,1529.42
22,4.12,68,0.51,False,False,2,33.61,1494.55
1,4.5,97,1.63,False,False,2,123.63,368.75
2,4.5,79,1.52,False,False,2,47.35,319.68
3,4.5,87,1.83,False,False,2,101.52,217.11
4,4.5,92,1.45,False,False,2,73.68,142.08
5,4.5,66,1.7,False,False,2,140.56,0.02
6,4.5,80,1.15,False,False,2,25.12,2363.39
7,4.5,77,0.67,False,False,2,22.81,2339.55
8,4.5,76,1.82,False,False,2,73.75,2263.41
9,4.5,83,1.05,False,False,2,118.82,2143.74
10,4.5,65,0.79,False,False,2,56.03,2087.12
11,4.5,64,1.58,False,False,2,65.66,2020.77
12,4.5,91,0.82,False,False,2,53.41,1966.11
13,4.5,69,1.22,False,False,2,47.61,1917.57
14,4.5,71,1.46,False,False,2,82.91,1833.69
15,4.5,80,0.64,False,False,2,105.94,1726.98
16,4.5,71,1.88,False,False,2,149.69,1575.35
17,4.5,85,0.66,False,False,2,120.3,1454.02
18,4.5,74,1.01,False,False,2,62.18,1389.83
19,4.5,86,1.48,False,False,2,32.18,1356.87
20,4.5,83,1.4,False,False,2,122.52,1233.26
21,4.5,82,1.45,False,False,2,57.63,1173.44
22,4.5,66,1.82,False,False,2,24.34,1148.2
1,4.88,99,0.98,False,False,2,146.97,0.02
2,4.88,76,1.35,False,False,2,110.92,2700.65
3,4.88,86,1.97,False,False,2,135.27,2563.87
4,4.88,93,1.95,False,False,2,40.21,2521.52
5,4.88,69,0.74,False,False,2,116.03,2404.29
7,4.88,78,1.42,False,False,2,60.49,2341.17
8,4.88,75,0.55,False,False,2,145.3,2194.74
9,4.88,81,0.78,False,False,2,98.22,2095.74
10,4.88,68,1.51,False,False,2,134.14,1960.77
11,4.88,62,1.06,False,False,2,141.14,1819.0
13,4.88,67,0.77,False,False,2,39.06,1779.0
14,4.88,70,1.91,False,False,2,148.17,1629.94
15,4.88,79,1.36,False,False,2,53.63,1574.99
16,4.88,72,1.5,False,False,2,49.45,1524.59
17,4.88,88,1.54,False,False,2,60.24,1463.61
18,4.88,71,1.76,False,False,2,124.49,1337.06
19,4.88,89,0.93,False,False,2,88.47,1247.84
20,4.88,85,1.09,False,False,2,98.39,1146.66
21,4.88,81,1.1,False,False,2,49.06,1095.73
22,4.88,65,1.4,False,False,2,65.08,1029.48
1,5.25,101,0.64,False,False,2,25.82,0.02
2,5.25,76,1.62,False,False,2,141.23,2783.33
3,5.25,83,1.34,False,False,2,141.75,2640.76
4,5.25,90,0.99,False,False,2,117.9,2521.86
5,5.25,68,1.98,False,False,2,59.56,2461.63
6,5.25,81,1.06,False,False,2,139.85,2321.07
7,5.25,80,1.47,False,False,2,63.06,2257.11
8,5.25,78,1.45,False,False,2,20.29,2236.01
9,5.25,80,0.71,False,False,2,32.68,2201.49
10,5.25,65,1.37,False,False,2,32.25,2167.71
11,5.25,61,0.62,False,False,2,137.87,2027.69
13,5.25,68,1.47,False,False,2,141.31,1885.39
14,5.25,72,1.09,False,False,2,51.95,1832.58
15,5.25,80,1.59,False,False,2,95.82,1735.71
16,5.25,70,1.15,False,False,2,58.79,1675.8
17,5.25,90,0.74,False,False,2,44.76,1628.89
18,5.25,68,1.97,False,False,2,139.74,1484.97
19,5.25,92,0.5,False,False,2,119.27,1364.73
20,5.25,84,1.26,False,False,2,77.06,1286.03
21,5.25,80,1.75,False,False,2,123.7,1158.81
22,5.25,63,0.64,False,False,2,23.35,1133.02
1,5.62,101,0.99,False,False,2,131.7,0.01
2,5.62,78,1.75,False,False,2,124.88,2622.98
3,5.62,84,1.47,False,False,2,43.34,2579.04
4,5.62,93,1.41,False,False,2,117.49,2460.84
5,5.62,66,1.81,False,False,2,141.85,2318.24
6,5.62,78,1.88,False,False,2,32.18,2285.03
7,5.62,80,0.52,False,False,2,83.56,2200.31
8,5.62,81,1.57,False,False,2,73.56,2124.46
9,5.62,80,1.08,False,False,2,59.63,2063.7
10,5.62,62,1.16,False,False,2,41.71,2021.07
11,5.62,60,1.37,False,False,2,101.6,1918.45
12,5.62,86,1.92,False,False,2,62.82,1854.9
13,5.62,66,1.79,False,False,2,49.29,1803.91
14,5.62,69,1.43,False,False,2,32.63,1770.24
15,5.62,81,1.26,False,False,2,140.58,1628.58
16,5.62,69,0.91,False,False,2,38.95,1588.91
17,5.62,88,1.17,False,False,2,131.74,1456.01
18,5.62,67,1.31,False,False,2,26.62,1428.37
19,5.62,95,1.7,False,False,2,134.32,1293.3
20,5.62,84,1.68,False,False,2,112.72,1179.83
21,5.62,82,1.52,False,False,2,105.29,1073.9
22,5.62,61,0.81,False,False,2,25.34,1047.66
1,6.0,101,1.15,False,False,2,45.06,0.02
2,6.0,76,1.83,False,False,2,40.19,2748.18
3,6.0,86,1.7,False,False,2,117.63,2629.5
4,6.0,96,1.08,False,False,2,40.95,2587.62
5,6.0,63,0.53,False,False,2,109.6,2477.3
6,6.0,75,0.52,False,False,2,133.19,2342.04
7,6.0,79,1.0,False,False,2,94.59,2246.53
8,6.0,84,1.54,False,False,2,127.14,2118.63
9,6.0,83,1.57,False,False,2,142.22,1975.29
10,6.0,64,0.65,False,False,2,58.14,1916.22
11,6.0,60,0.91,False,False,2,56.22,1858.49
12,6.0,85,0.86,False,False,2,48.72,1808.57
13,6.0,67,1.87,False,False,2,38.89,1768.6
14,6.0,70,1.19,False,False,2,85.83,1681.69
15,6.0,83,0.97,False,False,2,58.94,1621.67
16,6.0,68,0.63,False,False,2,54.36,1566.86
17,6.0,86,1.56,False,False,2,78.81,1487.09
18,6.0,65,1.63,False,False,2,149.2,1336.85
19,6.0,97,1.37,False,False,2,85.41,1249.33
20,6.0,82,0.9,False,False,2,80.17,1168.2
21,6.0,82,0.91,False,False,2,38.06,1129.42
22,6.0,60,1.75,False,False,2,44.93,1083.89
1,6.38,103,1.24,False,False,2,83.12,0.01
2,6.38,73,1.76,False,False,2,23.26,2548.31
3,6.38,83,1.46,False,False,2,53.64,2494.18
4,6.38,98,1.55,False,False,2,98.62,2394.51
5,6.38,66,1.43,False,False,2,98.53,2295.54
6,6.38,75,1.29,False,False,2,41.84,2253.17
7,6.38,77,1.13,False,False,2,24.98,2227.48
8,6.38,84,0.52,False,False,2,42.71,2183.79
9,6.38,80,1.96,False,False,2,123.19,2059.91
10,6.38,65,0.51,False,False,2,42.37,2016.82
11,6.38,63,0.66,False,False,2,24.83,1991.54
12,6.38,86,1.82,False,False,2,44.79,1946.07
13,6.38,70,1.95,False,False,2,56.65,1888.91
14,6.38,70,0.72,False,False,2,128.85,1759.35
15,6.38,82,0.59,False,False,2,127.98,1630.61
16,6.38,65,0.74,False,False,2,78.28,1551.7
17,6.38,87,1.81,False,False,2,80.47,1470.37
18,6.38,63,0.73,False,False,2,101.86,1367.47
19,6.38,96,1.47,False,False,2,83.71,1283.29
20,6.38,84,1.84,False,False,2,66.66,1215.87
21,6.38,80,0.63,False,False,2,100.3,1114.65
22,6.38,60,1.52,False,False,2,59.22,1054.91
1,6.75,101,1.16,False,False,2,53.51,0.01
2,6.75,73,1.56,False,False,2,55.73,2587.2
3,6.75,81,1.08,False,False,2,100.46,2485.95
4,6.75,99,0.94,False,False,2,107.71,2377.35
5,6.75,68,1.53,False,False,2,39.14,2336.1
6,6.75,72,0.9,False,False,2,34.74,2300.54
7,6.75,75,0.96,False,False,2,86.41,2213.05
8,6.75,86,1.91,False,False,2,49.33,2162.87
9,6.75,81,1.0,False,False,2,81.52,2080.35
10,6.75,68,1.62,False,False,2,118.15,1961.06
11,6.75,65,0.9,False,False,2,136.37,1823.01
12,6.75,86,1.18,False,False,2,39.05,1782.82
13,6.75,71,1.66,False,False,2,126.55,1655.55
14,6.75,67,0.94,False,False,2,28.95,1625.84
15,6.75,84,0.53,False,False,2,99.7,1524.66
16,6.75,65,1.17,False,False,2,108.41,1414.44
17,6.75,90,1.41,False,False,2,56.12,1356.86
18,6.75,60,0.96,False,False,2,66.83,1289.3
19,6.75,98,0.86,False,False,2,34.77,1253.48
20,6.75,87,1.0,False,False,2,45.81,1206.93
21,6.75,78,0.66,False,False,2,130.89,1075.41
22,6.75,63,0.87,False,False,2,33.25,1041.25
1,7.12,99,1.84,False,False,2,40.29,0.02
2,7.12,72,1.14,False,False,2,124.25,2665.4
3,7.12,79,1.95,False,False,2,111.85,2552.29
4,7.12,100,1.39,False,False,2,98.51,2453.26
5,7.12,68,1.16,False,False,2,109.23,2342.02
6,7.12,71,1.31,False,False,2,48.64,2292.46
7,7.12,77,1.83,False,False,2,43.04,2248.45
8,7.12,89,0.6,False,False,2,129.95,2116.86
9,7.12,81,1.49,False,False,2,64.72,2050.77
10,7.12,67,0.65,False,False,2,140.92,1908.75
11,7.12,65,1.0,False,False,2,145.59,1762.46
13,7.12,71,1.65,False,False,2,130.89,1627.85
14,7.12,68,1.81,False,False,2,73.08,1553.78
15,7.12,82,0.85,False,False,2,33.38,1519.53
16,7.12,68,1.66,False,False,2,51.39,1466.51
17,7.12,92,1.31,False,False,2,37.24,1428.38
18,7.12,62,1.7,False,False,2,32.12,1395.2
19,7.12,100,0.76,False,False,2,39.84,1354.16
20,7.12,88,0.73,False,False,2,93.75,1258.7
21,7.12,80,0.92,False,False,2,102.52,1155.57
22,7.12,63,1.22,False,False,2,89.51,1065.47
1,7.5,96,1.29,False,False,2,63.41,0.02
2,7.5,74,1.91,False,False,2,55.76,2714.59
3,7.5,77,1.99,False,False,2,22.56,2691.19
4,7.5,103,0.77,False,False,2,140.33,2549.52
5,7.5,66,1.21,False,False,2,133.77,2414.41
6,7.5,68,0.64,False,False,2,71.57,2341.95
7,7.5,76,0.77,False,False,2,69.29,2272.17
8,7.5,87,0.96,False,False,2,123.29,2147.72
9,7.5,78,1.24,False,False,2,90.41,2056.7
10,7.5,70,1.22,False,False,2,126.42,1929.68
11,7.5,65,0.75,False,False,2,26.42,1902.41
12,7.5,91,1.16,False,False,2,20.18,1881.63
13,7.5,74,0.81,False,False,2,36.44,1844.71
14,7.5,66,0.64,False,False,2,101.57,1742.24
15,7.5,85,1.73,False,False,2,129.65,1611.67
16,7.5,68,1.26,False,False,2,92.05,1518.85
17,7.5,89,0.67,False,False,2,23.55,1492.85
18,7.5,60,0.96,False,False,2,71.68,1420.21
19,7.5,103,1.53,False,False,2,138.34,1280.71
20,7.5,90,0.65,False,False,2,40.08,1239.56
21,7.5,81,1.62,False,False,2,48.01,1190.75
22,7.5,62,0.91,False,False,2,65.34,1124.75
1,7.88,98,1.89,False,False,2,123.36,0.02
2,7.88,74,0.77,False,False,2,138.45,2625.37
3,7.88,78,0.89,False,False,2,68.05,2556.6
4,7.88,103,0.95,False,False,2,24.47,2531.48
5,7.88,64,0.7,False,False,2,128.26,2401.56
6,7.88,70,1.28,False,False,2,44.4,2356.25
7,7.88,78,1.45,False,False,2,114.58,2240.91
8,7.88,88,0.55,False,False,2,82.36,2157.5
9,7.88,76,1.33,False,False,2,107.83,2048.51
10,7.88,73,0.56,False,False,2,121.7,1925.89
11,7.88,63,1.71,False,False,2,50.51,1874.68
12,7.88,89,1.97,False,False,2,32.48,1841.19
13,7.88,76,0.74,False,False,2,88.13,1751.69
14,7.88,69,1.53,False,False,2,144.98,1605.31
15,7.88,84,1.54,False,False,2,55.65,1548.49
16,7.88,68,0.82,False,False,2,75.77,1470.28
17,7.88,86,1.37,False,False,2,77.49,1391.75
18,7.88,60,0.74,False,False,2,59.91,1330.27
19,7.88,105,1.64,False,False,2,122.9,1206.4
20,7.88,88,1.7,False,False,2,37.37,1167.59
21,7.88,83,1.45,False,False,2,50.85,1115.07
22,7.88,63,1.78,False,False,2,36.0,1078.33
1,8.25,100,1.9,False,False,2,77.32,0.02
2,8.25,72,0.85,False,False,2,107.96,2577.65
3,8.25,77,0.86,False,False,2,95.49,2481.13
4,8.25,102,1.66,False,False,2,135.73,2344.47
5,8.25,65,1.5,False,False,2,139.09,2204.41
6,8.25,72,1.92,False,False,2,142.64,2061.13
7,8.25,77,1.78,False,False,2,97.13,1963.12
8,8.25,86,1.78,False,False,2,58.55,1903.76
9,8.25,78,1.77,False,False,2,104.03,1798.36
10,8.25,74,0.76,False,False,2,26.83,1770.73
11,8.25,65,1.59,False,False,2,57.67,1711.47
12,8.25,86,1.3,False,False,2,103.04,1607.0
13,8.25,76,1.99,False,False,2,77.83,1528.48
14,8.25,69,1.56,False,False,2,25.65,1501.92
15,8.25,85,0.87,False,False,2,29.72,1471.21
16,8.25,71,0.75,False,False,2,40.77,1429.61
17,8.25,86,1.92,False,False,2,59.53,1369.06
18,8.25,60,1.09,False,False,2,24.08,1344.34
19,8.25,107,0.74,False,False,2,40.02,1303.87
20,8.25,89,1.73,False,False,2,38.85,1264.01
21,8.25,85,1.85,False,False,2,101.45,1161.92
22,8.25,63,0.93,False,False,2,118.85,1042.4
1,8.62,102,1.23,False,False,2,40.94,0.01
2,8.62,69,0.59,False,False,2,28.97,2867.05
3,8.62,79,1.32,False,False,2,144.19,2721.98
4,8.62,102,1.4,False,False,2,129.39,2590.95
5,8.62,63,1.04,False,False,2,22.74,2567.46
6,8.62,75,0.97,False,False,2,29.77,2536.7
7,8.62,75,0.93,False,False,2,64.75,2470.86
8,8.62,83,1.15,False,False,2,85.74,2384.33
9,8.62,81,1.37,False,False,2,63.86,2319.48
10,8.62,74,1.49,False,False,2,38.21,2280.36
11,8.62,64,1.89,False,False,2,78.72,2199.88
12,8.62,85,0.55,False,False,2,34.16,2164.79
13,8.62,78,0.75,False,False,2,94.75,2069.09
14,8.62,70,1.93,False,False,2,68.36,1999.75
15,8.62,88,1.07,False,False,2,146.56,1850.81
16,8.62,72,0.86,False,False,2,67.68,1782.17
17,8.62,87,0.87,False,False,2,144.5,1637.08
18,8.62,60,1.22,False,False,2,63.07,1572.72
19,8.62,109,1.39,False,False,2,104.13,1467.61
20,8.62,88,1.2,False,False,2,59.49,1406.23
21,8.62,83,1.33,False,False,2,120.05,1285.53
22,8.62,65,1.4,False,False,2,133.38,1151.27
1,9.0,102,1.41,False,False,2,148.45,0.02
2,9.0,72,1.03,False,False,2,75.1,2839.55
3,9.0,79,1.12,False,False,2,109.32,2729.39
4,9.0,105,1.37,False,False,2,118.03,2609.98
5,9.0,65,0.75,False,False,2,76.97,2532.4
6,9.0,72,1.33,False,False,2,57.8,2473.07
7,9.0,73,1.54,False,False,2,28.65,2442.45
8,9.0,84,1.09,False,False,2,144.04,2297.71
9,9.0,81,1.91,False,False,2,47.98,2246.93
10,9.0,73,1.18,False,False,2,83.78,2162.33
11,9.0,66,1.11,False,False,2,60.88,2100.89
12,9.0,87,0.78,False,False,2,93.0,2005.99
13,9.0,81,1.78,False,False,2,71.55,1933.68
14,9.0,67,1.13,False,False,2,46.44,1885.57
15,9.0,89,1.91,False,False,2,77.89,1805.98
16,9.0,73,1.1,False,False,2,89.85,1715.14
17,9.0,90,1.48,False,False,2,145.92,1568.13
18,9.0,63,0.68,False,False,2,132.28,1433.01
19,9.0,111,1.97,False,False,2,147.85,1284.33
20,9.0,90,0.61,False,False,2,43.14,1240.52
21,9.0,82,1.74,False,False,2,76.11,1163.43
22,9.0,62,1.12,False,False,2,119.87,1042.4
1,9.38,102,0.75,False,False,2,41.51,0.02
2,9.38,69,0.91,False,False,2,103.13,1902.04
3,9.38,79,0.63,False,False,2,119.85,1780.7
4,9.38,104,1.42,False,False,2,98.6,1681.18
5,9.38,66,1.21,False,False,2,28.36,1651.61
6,9.38,73,1.48,False,False,2,58.95,1590.97
7,9.38,75,1.92,False,False,2,95.29,1493.66
8,9.38,86,1.87,False,False,2,130.98,1361.19
9,9.38,83,0.77,False,False,2,107.36,1252.76
10,9.38,73,1.26,False,False,2,71.89,1179.99
11,9.38,64,1.21,False,False,2,135.19,1044.03
12,9.38,88,1.31,False,False,2,126.03,917.01
13,9.38,82,1.21,False,False,2,108.17,807.98
14,9.38,68,1.17,False,False,2,89.3,717.33
15,9.38,91,1.07,False,False,2,111.01,605.33
16,9.38,73,1.09,False,False,2,50.26,554.33
17,9.38,88,1.04,False,False,2,25.3,527.66
18,9.38,66,0.67,False,False,2,91.93,435.01
19,9.38,110,0.66,False,False,2,129.43,304.64
20,9.38,93,0.8,False,False,2,42.84,261.12
21,9.38,83,1.8,False,False,2,126.83,131.7
22,9.38,62,1.88,False,False,2,130.82,0.01
1,9.75,104,1.2,False,False,2,138.48,875.86
2,9.75,69,1.61,False,False,2,91.45,783.48
3,9.75,82,0.53,False,False,2,149.59,632.94
4,9.75,105,0.5,False,False,2,91.92,540.26
5,9.75,66,1.5,False,False,2,128.74,410.91
6,9.75,70,1.46,False,False,2,111.64,298.86
7,9.75,76,1.82,False,False,2,95.27,203.04
8,9.75,88,1.22,False,False,2,93.37,108.86
9,9.75,81,1.71,False,False,2,107.37,0.02
10,9.75,76,1.8,False,False,2,134.34,1884.71
11,9.75,65,1.01,False,False,2,87.79,1795.98
12,9.75,91,1.67,False,False,2,97.64,1696.28
13,9.75,79,1.6,False,False,2,32.21,1662.7
14,9.75,69,1.1,False,False,2,82.0,1577.26
15,9.75,92,1.12,False,False,2,32.5,1543.88
16,9.75,70,1.48,False,False,2,38.29,1504.7
17,9.75,86,1.36,False,False,2,25.09,1478.66
18,9.75,66,1.34,False,False,2,67.69,1408.56
19,9.75,107,1.47,False,False,2,24.7,1382.99
20,9.75,92,0.79,False,False,2,30.63,1350.88
21,9.75,83,1.11,False,False,2,108.41,1241.38
22,9.75,63,0.6,False,False,2,96.97,1142.36
1,10.12,101,1.64,False,False,2,68.56,72.13
2,10.12,66,1.18,False,False,2,71.43,0.02
3,10.12,84,1.96,False,False,2,149.97,2660.71
4,10.12,102,1.07,False,False,2,56.08,2603.6
5,10.12,64,1.99,False,False,2,116.93,2484.52
6,10.12,70,0.72,False,False,2,43.07,2440.38
7,10.12,74,1.38,False,False,2,58.66,2380.81
8,10.12,90,0.69,False,False,2,122.99,2257.17
9,10.12,83,1.17,False,False,2,38.93,2217.61
10,10.12,75,1.1,False,False,2,36.32,2180.41
11,10.12,67,1.84,False,False,2,91.22,2087.81
12,10.12,93,1.47,False,False,2,42.99,2043.22
13,10.12,78,1.31,False,False,2,47.28,1995.03
14,10.12,69,0.77,False,False,2,85.03,1909.24
15,10.12,94,0.54,False,False,2,104.98,1803.25
16,10.12,73,1.09,False,False,2,97.59,1703.58
17,10.12,86,1.61,False,False,2,107.57,1595.27
18,10.12,66,1.67,False,False,2,88.84,1504.39
19,10.12,105,1.1,False,False,2,90.98,1412.17
20,10.12,95,1.25,False,False,2,136.74,1274.42
21,10.12,80,1.79,False,False,2,43.32,1230.17
22,10.12,60,1.61,False,False,2,107.16,1122.44
1,10.5,101,1.25,False,False,2,121.06,0.02
2,10.5,66,1.81,False,False,2,53.02,2825.55
3,10.5,87,1.94,False,False,2,69.2,2755.12
4,10.5,102,1.97,False,False,2,111.02,2642.7
5,10.5,67,1.27,False,False,2,138.71,2502.99
6,10.5,71,1.13,False,False,2,80.43,2421.6
7,10.5,73,1.02,False,False,2,41.31,2378.77
8,10.5,89,0.52,False,False,2,61.9,2315.66
9,10.5,83,1.48,False,False,2,99.18,2215.83
10,10.5,72,1.79,False,False,2,143.9,2071.31
12,10.5,95,0.54,False,False,2,91.52,1976.54
13,10.5,77,1.86,False,False,2,96.35,1879.28
14,10.5,68,1.37,False,False,2,96.64,1779.98
15,10.5,95,0.69,False,False,2,26.41,1750.83
16,10.5,75,1.76,False,False,2,98.2,1651.74
17,10.5,88,0.88,False,False,2,84.39,1566.59
18,10.5,67,1.51,False,False,2,32.55,1532.06
19,10.5,107,1.94,False,False,2,125.02,1406.36
20,10.5,96,1.15,False,False,2,81.07,1324.12
21,10.5,78,0.89,False,False,2,87.89,1235.18
22,10.5,60,1.35,False,False,2,100.64,1133.49
1,10.88,99,1.67,False,False,2,131.76,0.01
2,10.88,65,0.92,False,False,2,57.74,2041.38
3,10.88,89,1.8,False,False,2,138.86,1900.68
4,10.88,99,1.3,False,False,2,123.94,1776.07
5,10.88,64,1.74,False,False,2,113.48,1661.34
6,10.88,69,1.12,False,False,2,71.08,1589.6
7,10.88,70,1.83,False,False,2,88.69,1500.03
8,10.88,91,1.3,False,False,2,119.37,1380.04
9,10.88,81,1.86,False,False,2,115.6,1263.25
10,10.88,73,0.51,False,False,2,126.19,1136.12
11,10.88,70,0.77,False,False,2,132.2,1003.23
12,10.88,93,0.62,False,False,2,109.56,892.67
13,10.88,77,1.83,False,False,2,132.28,759.56
14,10.88,68,0.73,False,False,2,130.76,627.79
15,10.88,93,0.96,False,False,2,127.4,498.76
16,10.88,76,1.31,False,False,2,146.23,351.51
17,10.88,89,0.85,False,False,2,131.53,218.92
18,10.88,69,1.55,False,False,2,108.57,109.22
19,10.88,107,1.3,False,False,2,106.87,0.01
20,10.88,98,1.73,False,False,2,108.07,2006.1
21,10.88,78,0.61,False,False,2,101.45,1903.94
22,10.88,63,1.72,False,False,2,47.63,1855.32
1,11.25,101,0.78,False,False,2,73.77,780.16
2,11.25,62,1.74,False,False,2,30.99,747.98
3,11.25,92,1.2,False,False,2,128.31,618.74
4,11.25,98,0.51,False,False,2,137.07,480.88
5,11.25,65,0.74,False,False,2,106.88,373.06
6,11.25,69,0.7,False,False,2,76.35,295.95
7,11.25,73,1.68,False,False,2,116.51,178.3
8,11.25,93,1.11,False,False,2,52.29,125.19
9,11.25,84,1.01,False,False,2,124.51,0.01
10,11.25,75,0.66,False,False,2,65.01,2305.68
11,11.25,68,1.91,False,False,2,101.9,2202.94
12,11.25,96,0.63,False,False,2,75.35,2126.74
13,11.25,76,0.71,False,False,2,89.12,2036.64
14,11.25,70,1.14,False,False,2,84.2,1950.85
15,11.25,96,0.78,False,False,2,115.9,1833.97
16,11.25,79,1.28,False,False,2,90.84,1741.79
17,11.25,90,1.2,False,False,2,109.29,1631.97
18,11.25,67,0.62,False,False,2,90.63,1540.83
19,11.25,109,1.97,False,False,2,61.7,1477.62
20,11.25,99,0.98,False,False,2,133.44,1343.13
21,11.25,75,1.66,False,False,2,124.56,1217.66
22,11.25,62,1.55,False,False,2,77.45,1137.92
1,11.62,100,1.14,False,False,2,136.85,0.02
2,11.62,60,0.53,False,False,2,30.2,2588.88
3,11.62,90,0.6,False,False,2,122.55,2465.48
4,11.62,95,1.8,False,False,2,60.06,2404.36
5,11.62,65,1.4,False,False,2,83.85,2319.79
6,11.62,72,1.54,False,False,2,42.71,2276.24
7,11.62,72,1.01,False,False,2,47.56,2228.02
8,11.62,91,0.85,False,False,2,32.31,2194.73
9,11.62,86,0.85,False,False,2,122.16,2071.45
10,11.62,74,0.95,False,False,2,107.33,1962.91
11,11.62,66,1.51,False,False,2,116.69,1844.89
12,11.62,95,1.45,False,False,2,56.08,1787.58
13,11.62,77,1.18,False,False,2,50.23,1736.56
14,11.62,72,0.98,False,False,2,103.63,1631.4
15,11.62,93,1.84,False,False,2,47.67,1582.53
16,11.62,79,0.88,False,False,2,47.14,1534.46
17,11.62,92,0.52,False,False,2,82.4,1451.36
18,11.62,67,0.97,False,False,2,116.01,1334.61
19,11.62,107,1.75,False,False,2,122.81,1210.96
20,11.62,97,1.58,False,False,2,88.67,1121.07
21,11.62,78,0.67,False,False,2,33.3,1086.43
22,11.62,62,1.1,False,False,2,53.1,1031.74
1,12.0,103,0.63,False,False,2,28.88,0.02
2,12.0,60,0.87,False,False,2,139.63,2681.81
3,12.0,89,1.92,False,False,2,48.55,2631.62
4,12.0,94,1.77,False,False,2,146.32,2483.38
5,12.0,66,1.69,False,False,2,126.94,2355.42
6,12.0,73,1.4,False,False,2,43.43,2310.3
7,12.0,73,1.65,False,False,2,24.8,2284.49
8,12.0,90,1.67,False,False,2,92.23,2191.43
9,12.0,89,1.72,False,False,2,25.38,2165.42
10,12.0,75,0.7,False,False,2,71.88,2092.85
11,12.0,66,1.17,False,False,2,141.27,1950.79
12,12.0,95,1.04,False,False,2,79.85,1870.09
13,12.0,75,0.94,False,False,2,141.26,1728.25
14,12.0,74,1.3,False,False,2,31.5,1695.58
15,12.0,95,1.89,False,False,2,42.3,1652.35
16,12.0,78,1.52,False,False,2,117.49,1533.86
17,12.0,89,1.81,False,False,2,99.61,1433.63
18,12.0,66,1.6,False,False,2,23.1,1409.42
19,12.0,106,0.56,False,False,2,73.36,1334.22
20,12.0,97,1.99,False,False,2,27.64,1305.7
21,12.0,78,1.09,False,False,2,98.76,1206.0
22,12.0,62,1.5,False,False,2,101.83,1103.27
1,12.38,102,0.78,False,False,2,101.8,0.02
2,12.38,60,1.67,False,False,2,116.9,2781.1
3,12.38,87,1.42,False,False,2,27.41,2751.47
4,12.38,97,1.36,False,False,2,38.42,2711.98
5,12.38,66,1.06,False,False,2,108.83,2602.37
6,12.38,70,0.85,False,False,2,126.79,2474.52
7,12.38,74,1.15,False,False,2,114.54,2359.05
8,12.38,89,1.82,False,False,2,70.75,2287.41
9,12.38,89,0.7,False,False,2,149.21,2137.57
10,12.38,78,0.67,False,False,2,70.1,2066.51
11,12.38,69,1.47,False,False,2,64.73,2000.07
12,12.38,97,0.77,False,False,2,92.71,1906.36
13,12.38,75,1.41,False,False,2,145.85,1759.57
14,12.38,74,0.56,False,False,2,31.89,1726.23
15,12.38,98,0.96,False,False,2,94.65,1630.76
16,12.38,80,1.0,False,False,2,87.23,1542.66
17,12.38,89,1.9,False,False,2,58.19,1483.71
18,12.38,63,0.93,False,False,2,87.55,1395.17
19,12.38,107,0.55,False,False,2,104.42,1290.1
20,12.38,97,0.59,False,False,2,62.87,1226.32
21,12.38,81,1.48,False,False,2,145.19,1079.96
22,12.38,65,1.1,False,False,2,36.34,1042.11
1,12.75,99,1.06,False,False,2,39.56,0.01
2,12.75,60,0.88,False,False,2,115.9,1950.43
3,12.75,85,0.51,False,False,2,84.14,1865.32
4,12.75,99,1.66,False,False,2,97.52,1766.78
5,12.75,67,1.38,False,False,2,80.54,1684.7
6,12.75,71,0.74,False,False,2,141.26,1542.72
7,12.75,76,1.97,False,False,2,27.35,1514.19
8,12.75,92,0.9,False,False,2,143.62,1369.77
9,12.75,86,1.52,False,False,2,38.57,1330.19
10,12.75,75,1.08,False,False,2,115.96,1213.32
11,12.75,67,0.95,False,False,2,75.78,1136.51
12,12.75,96,1.82,False,False,2,92.9,1041.32
13,12.75,76,0.92,False,False,2,123.63,916.77
14,12.75,76,1.75,False,False,2,115.73,798.76
15,12.75,95,1.09,False,False,2,111.39,686.64
16,12.75,83,1.75,False,False,2,108.49,576.82
17,12.75,90,1.54,False,False,2,141.57,432.27
18,12.75,64,0.71,False,False,2,107.09,324.45
19,12.75,108,1.04,False,False,2,147.51,176.12
20,12.75,94,1.79,False,False,2,64.24,110.76
21,12.75,82,1.4,False,False,2,108.32,0.01
22,12.75,68,0.82,False,False,2,114.04,1917.45
1,13.12,101,1.92,False,False,2,81.67,834.46
2,13.12,61,1.9,False,False,2,123.02,710.25
3,13.12,88,1.2,False,False,2,60.74,648.51
4,13.12,101,1.43,False,False,2,70.15,577.52
6,13.12,74,1.3,False,False,2,86.99,489.07
7,13.12,73,1.77,False,False,2,48.48,439.88
8,13.12,89,0.5,False,False,2,59.03,378.31
9,13.12,84,0.78,False,False,2,143.24,232.82
10,13.12,75,1.77,False,False,2,91.93,139.91
11,13.12,64,0.57,False,False,2,139.3,0.04
12,13.12,94,0.83,False,False,2,34.87,2089.62
13,13.12,78,1.13,False,False,2,90.37,1998.58
14,13.12,77,1.99,False,False,2,92.63,1905.11
15,13.12,98,1.65,False,False,2,47.0,1857.2
16,13.12,85,1.81,False,False,2,65.58,1790.84
17,13.12,93,1.77,False,False,2,112.43,1677.59
18,13.12,62,1.35,False,False,2,39.54,1635.72
19,13.12,110,1.73,False,False,2,102.25,1532.51
20,13.12,96,0.55,False,False,2,145.52,1386.04
21,13.12,79,1.75,False,False,2,66.17,1319.05
22,13.12,66,1.48,False,False,2,97.75,1220.39
1,13.5,100,0.81,False,False,2,21.12,197.07
2,13.5,62,1.22,False,False,2,47.76,146.62
3,13.5,86,1.67,False,False,2,145.68,0.02
4,13.5,98,1.36,False,False,2,148.79,2696.71
5,13.5,64,0.6,False,False,2,88.2,2607.86
6,13.5,72,1.18,False,False,2,78.24,2527.37
7,13.5,71,1.31,False,False,2,86.28,2440.11
8,13.5,91,1.46,False,False,2,109.52,2329.81
9,13.5,85,0.72,False,False,2,80.41,2248.53
10,13.5,75,1.58,False,False,2,127.88,2119.54
11,13.5,63,1.26,False,False,2,99.12,2019.01
12,13.5,92,1.24,False,False,2,131.78,1886.48
13,13.5,80,0.95,False,False,2,146.56,1739.15
14,13.5,76,0.67,False,False,2,63.14,1675.14
15,13.5,96,0.82,False,False,2,45.57,1628.64
16,13.5,87,0.95,False,False,2,57.53,1568.84
17,13.5,95,0.89,False,False,2,45.85,1521.97
18,13.5,60,0.95,False,False,2,20.2,1500.55
19,13.5,108,0.55,False,False,2,124.57,1373.36
20,13.5,98,0.97,False,False,2,77.44,1294.46
21,13.5,78,1.56,False,False,2,120.81,1172.58
22,13.5,65,0.7,False,False,2,100.61,1071.05
1,13.88,97,0.83,False,False,2,69.76,0.02
2,13.88,63,1.37,False,False,2,123.26,2821.07
3,13.88,89,1.54,False,False,2,110.27,2710.2
4,13.88,101,1.79,False,False,2,141.1,2568.49
5,13.88,64,1.29,False,False,2,128.17,2439.01
6,13.88,72,1.57,False,False,2,91.4,2346.98
7,13.88,71,0.84,False,False,2,51.75,2294.46
8,13.88,88,1.11,False,False,2,86.77,2207.06
9,13.88,85,1.95,False,False,2,111.08,2095.31
10,13.88,72,0.85,False,False,2,93.41,1999.28
11,13.88,62,1.97,False,False,2,26.5,1972.13
12,13.88,93,0.89,False,False,2,41.53,1929.84
13,13.88,78,1.32,False,False,2,103.67,1823.84
14,13.88,78,1.66,False,False,2,26.64,1795.75
15,13.88,98,1.47,False,False,2,125.57,1669.24
16,13.88,84,0.98,False,False,2,50.75,1617.82
17,13.88,96,1.14,False,False,2,28.34,1588.95
18,13.88,60,1.27,False,False,2,26.89,1561.31
19,13.88,108,1.92,False,False,2,138.31,1422.13
20,13.88,99,1.3,False,False,2,114.23,1306.91
21,13.88,75,0.67,False,False,2,131.2,1174.89
22,13.88,66,1.39,False,False,2,69.7,1104.19
1,14.25,94,0.84,False,False,2,102.17,0.01
2,14.25,62,1.69,False,False,2,54.85,2460.62
3,14.25,92,1.01,False,False,2,44.63,2413.85
4,14.25,103,1.6,False,False,2,79.13,2334.05
5,14.25,63,1.44,False,False,2,32.57,2299.85
6,14.25,70,1.46,False,False,2,131.58,2167.21
7,14.25,69,1.37,False,False,2,25.22,2141.0
8,14.25,90,0.72,False,False,2,83.39,2056.59
9,14.25,84,1.55,False,False,2,27.78,2027.93
10,14.25,70,1.83,False,False,2,39.74,1987.72
11,14.25,60,1.22,False,False,2,30.16,1956.87
12,14.25,96,0.64,False,False,2,121.19,1834.76
13,14.25,78,1.25,False,False,2,75.17,1758.96
14,14.25,78,1.91,False,False,2,124.87,1633.3
15,14.25,97,0.53,False,False,2,66.37,1565.47
16,14.25,86,0.69,False,False,2,65.22,1499.32
17,14.25,95,1.31,False,False,2,39.29,1459.12
18,14.25,60,1.93,False,False,2,78.02,1378.52
19,14.25,111,0.76,False,False,2,31.59,1343.72
20,14.25,96,1.48,False,False,2,45.35,1296.39
21,14.25,76,1.93,False,False,2,143.2,1152.4
22,14.25,69,1.26,False,False,2,49.08,1101.25
1,14.62,93,1.78,False,False,2,100.07,0.01
2,14.62,65,0.75,False,False,2,97.73,2853.21
3,14.62,93,1.64,False,False,2,103.19,2748.99
4,14.62,104,0.86,False,False,2,45.42,2702.53
5,14.62,62,1.82,False,False,2,85.65,2616.2
6,14.62,71,1.46,False,False,2,105.34,2509.92
7,14.62,66,1.69,False,False,2,65.96,2442.71
8,14.62,88,1.82,False,False,2,91.22,2350.72
9,14.62,84,0.89,False,False,2,40.25,2308.93
10,14.62,68,1.98,False,False,2,139.35,2168.65
11,14.62,62,1.74,False,False,2,25.07,2141.27
12,14.62,98,1.7,False,False,2,34.64,2105.17
13,14.62,80,0.77,False,False,2,79.98,2022.02
14,14.62,77,1.72,False,False,2,25.45,1994.03
15,14.62,98,0.98,False,False,2,115.66,1877.68
16,14.62,84,1.07,False,False,2,104.57,1772.18
17,14.62,95,0.54,False,False,2,149.99,1621.04
18,14.62,60,1.46,False,False,2,132.9,1486.43
19,14.62,108,1.73,False,False,2,40.98,1444.04
20,14.62,96,1.15,False,False,2,123.9,1319.45
21,14.62,74,1.05,False,False,2,116.05,1201.04
22,14.62,70,1.33,False,False,2,140.58,1058.94
1,15.0,91,0.86,False,False,2,56.14,0.02
2,15.0,62,1.1,False,False,2,47.31,2971.5
3,15.0,90,1.27,False,False,2,144.53,2825.82
4,15.0,104,0.97,False,False,2,79.06,2745.69
5,15.0,65,1.64,False,False,2,45.89,2697.74
6,15.0,71,1.69,False,False,2,84.46,2612.67
7,15.0,65,1.3,False,False,2,44.01,2567.56
8,15.0,87,1.21,False,False,2,82.99,2483.4
9,15.0,86,1.67,False,False,2,130.62,2350.63
10,15.0,67,1.93,False,False,2,39.88,2309.59
11,15.0,60,1.35,False,False,2,64.66,2244.07
12,15.0,99,1.72,False,False,2,81.52,2161.51
13,15.0,80,1.99,False,False,2,139.2,2020.83
14,15.0,76,1.2,False,False,2,36.71,1983.15
15,15.0,99,1.7,False,False,2,96.38,1885.69
16,15.0,86,1.94,False,False,2,149.14,1735.88
17,15.0,93,1.05,False,False,2,129.05,1605.92
18,15.0,62,0.66,False,False,2,62.89,1542.62
19,15.0,106,0.82,False,False,2,128.76,1413.16
20,15.0,93,1.67,False,False,2,132.28,1279.94
21,15.0,75,1.78,False,False,2,86.67,1192.13
22,15.0,70,0.71,False,False,2,117.56,1073.9
1,15.38,94,1.32,False,False,2,71.93,0.01
14,15.38,76,11.14,True,False,1,46.11,0.01
2,15.38,60,1.44,False,False,2,25.93,1110.65
3,15.38,89,0.86,False,False,2,103.34,1006.81
4,15.38,102,1.82,False,False,2,56.65,948.35
5,15.38,65,1.71,False,False,2,81.21,865.03
6,15.38,73,1.02,False,False,2,110.4,753.93
7,15.38,66,1.34,False,False,2,104.38,648.23
8,15.38,87,1.27,False,False,2,61.8,585.35
9,15.38,87,1.16,False,False,2,138.42,446.34
10,15.38,70,1.08,False,False,2,76.2,369.11
11,15.38,61,0.79,False,False,2,67.67,300.35
12,15.38,96,1.15,False,False,2,136.97,162.17
13,15.38,78,0.86,False,False,2,112.58,47.97
15,15.38,98,0.55,False,False,2,104.36,1976.15
16,15.38,87,0.79,False,False,2,140.58,1834.6
17,15.38,94,1.18,False,False,2,86.02,1747.69
18,15.38,65,1.02,False,False,2,25.94,1721.0
19,15.38,109,0.81,False,False,2,46.67,1673.7
20,15.38,96,1.3,False,False,2,54.65,1618.43
21,15.38,72,0.69,False,False,2,23.67,1594.14
22,15.38,69,1.21,False,False,2,50.03,1543.13
1,15.75,91,0.75,False,False,2,107.17,434.48
2,15.75,61,0.96,False,False,2,121.82,311.89
3,15.75,86,0.81,False,False,2,84.67,225.41
4,15.75,104,1.11,False,False,2,99.49,125.14
5,15.75,63,0.54,False,False,2,123.74,0.02
6,15.75,75,1.79,False,False,2,48.9,2318.09
7,15.75,63,1.34,False,False,2,42.21,2273.3
8,15.75,88,1.12,False,False,2,109.07,2163.69
9,15.75,86,1.97,False,False,2,70.64,2091.84
10,15.75,71,0.64,False,False,2,37.36,2052.52
11,15.75,60,0.64,False,False,2,32.33,2019.45
12,15.75,96,1.76,False,False,2,20.29,1998.43
13,15.75,81,0.66,False,False,2,65.49,1932.23
14,15.75,79,0.53,False,False,2,90.44,1839.38
15,15.75,95,1.07,False,False,2,60.23,1778.12
16,15.75,89,1.56,False,False,2,99.88,1677.04
17,15.75,92,0.58,False,False,2,131.67,1544.62
18,15.75,62,1.87,False,False,2,119.59,1422.39
19,15.75,109,1.08,False,False,2,146.64,1273.49
20,15.75,96,0.68,False,False,2,115.11,1156.98
21,15.75,71,0.62,False,False,2,26.31,1128.86
22,15.75,72,1.66,False,False,2,93.27,1034.19
1,16.12,88,1.78,False,False,2,32.54,0.02
2,16.12,60,1.02,False,False,2,115.89,2777.33
3,16.12,89,1.26,False,False,2,135.13,2641.26
4,16.12,103,1.02,False,False,2,104.65,2527.93
5,16.12,60,0.8,False,False,2,133.39,2393.63
6,16.12,74,1.21,False,False,2,94.38,2298.45
7,16.12,60,0.66,False,False,2,33.52,2263.47
8,16.12,91,0.9,False,False,2,31.62,2229.92
9,16.12,87,0.85,False,False,2,126.47,2103.0
10,16.12,71,1.59,False,False,2,82.9,2019.26
11,16.12,60,1.03,False,False,2,35.0,1981.3
12,16.12,94,1.46,False,False,2,26.32,1954.47
13,16.12,78,1.34,False,False,2,147.09,1806.79
14,16.12,81,1.55,False,False,2,42.85,1763.17
15,16.12,93,1.68,False,False,2,131.78,1630.5
16,16.12,88,1.12,False,False,2,55.29,1574.66
17,16.12,89,1.37,False,False,2,31.23,1542.73
18,16.12,65,0.86,False,False,2,86.0,1456.13
19,16.12,106,1.18,False,False,2,48.17,1407.2
20,16.12,98,0.87,False,False,2,104.75,1301.13
21,16.12,73,1.73,False,False,2,106.26,1194.12
22,16.12,69,0.84,False,False,2,49.98,1142.95
1,16.5,87,1.53,False,False,2,141.85,0.01
2,16.5,61,0.54,False,False,2,104.33,2344.91
3,16.5,88,1.43,False,False,2,25.33,2319.06
4,16.5,105,1.4,False,False,2,59.06,2259.48
5,16.5,62,1.47,False,False,2,38.84,2220.1
6,16.5,71,1.0,False,False,2,96.54,2120.98
7,16.5,60,1.47,False,False,2,103.65,2014.66
8,16.5,90,1.31,False,False,2,69.14,1944.6
9,16.5,89,1.5,False,False,2,106.28,1837.3
10,16.5,70,1.11,False,False,2,39.64,1796.75
11,16.5,62,1.5,False,False,2,92.17,1703.17
12,16.5,93,1.49,False,False,2,69.7,1632.53
13,16.5,76,1.07,False,False,2,30.67,1601.0
14,16.5,80,1.82,False,False,2,86.17,1514.44
16,16.5,91,1.52,False,False,2,53.9,1457.46
17,16.5,88,1.39,False,False,2,78.83,1376.7
18,16.5,68,1.51,False,False,2,33.25,1342.82
19,16.5,103,0.84,False,False,2,73.16,1268.27
20,16.5,97,0.61,False,False,2,111.73,1155.68
21,16.5,74,1.22,False,False,2,31.76,1123.17
22,16.5,72,0.98,False,False,2,91.55,1031.07
1,16.88,84,1.51,False,False,2,28.86,0.01
2,16.88,61,1.3,False,False,2,114.37,2690.19
3,16.88,91,0.53,False,False,2,31.05,2657.88
4,16.88,102,1.7,False,False,2,75.35,2581.65
5,16.88,62,0.76,False,False,2,44.98,2536.04
6,16.88,71,0.72,False,False,2,61.18,2474.05
7,16.88,62,1.41,False,False,2,60.18,2412.5
8,16.88,93,0.87,False,False,2,86.9,2324.95
9,16.88,90,1.33,False,False,2,71.82,2252.23
10,16.88,68,1.15,False,False,2,65.97,2185.33
11,16.88,60,1.9,False,False,2,104.12,2078.48
12,16.88,92,1.41,False,False,2,75.19,2002.05
13,16.88,75,1.4,False,False,2,75.06,1926.19
14,16.88,80,1.28,False,False,2,111.67,1810.8
15,16.88,93,0.73,False,False,2,40.19,1768.86
16,16.88,89,1.94,False,False,2,63.3,1704.38
17,16.88,86,1.63,False,False,2,138.49,1564.93
18,16.88,70,1.66,False,False,2,126.41,1437.88
19,16.88,106,1.64,False,False,2,81.56,1354.63
21,16.88,73,0.6,False,False,2,125.26,1227.83
22,16.88,71,1.89,False,False,2,122.86,1104.14
1,17.25,86,1.94,False,False,2,102.6,0.01
2,17.25,60,0.71,False,False,2,137.1,2812.5
3,17.25,89,0.75,False,False,2,103.04,2708.94
4,17.25,100,1.29,False,False,2,110.41,2597.69
5,17.25,65,1.38,False,False,2,108.47,2488.08
6,17.25,73,1.6,False,False,2,124.21,2362.8
7,17.25,60,1.14,False,False,2,95.92,2265.23
8,17.25,96,0.51,False,False,2,68.95,2195.43
9,17.25,87,0.52,False,False,2,44.36,2150.38
10,17.25,70,0.79,False,False,2,26.91,2122.64
11,17.25,62,0.91,False,False,2,69.13,2051.79
12,17.25,91,0.68,False,False,2,49.79,2001.17
13,17.25,72,0.99,False,False,2,21.26,1977.57
14,17.25,79,0.89,False,False,2,66.17,1908.99
15,17.25,91,0.79,False,False,2,132.82,1775.14
16,17.25,88,1.48,False,False,2,52.41,1721.46
17,17.25,85,1.55,False,False,2,50.46,1668.87
18,17.25,69,1.11,False,False,2,137.29,1529.98
19,17.25,108,1.14,False,False,2,129.08,1399.19
20,17.25,98,0.72,False,False,2,100.45,1298.1
21,17.25,71,0.83,False,False,2,62.76,1234.27
22,17.25,70,0.76,False,False,2,131.84,1101.47
1,17.62,86,1.35,False,False,2,99.74,0.01
2,17.62,60,0.75,False,False,2,53.26,2515.41
3,17.62,90,1.45,False,False,2,136.51,2378.16
4,17.62,97,1.6,False,False,2,41.91,2335.62
5,17.62,62,1.22,False,False,2,69.6,2265.3
6,17.62,72,0.75,False,False,2,120.68,2143.77
7,17.62,60,1.48,False,False,2,63.68,2077.69
8,17.62,95,1.1,False,False,2,110.95,1966.03
9,17.62,90,0.88,False,False,2,108.51,1856.62
10,17.62,69,1.47,False,False,2,66.4,1789.65
11,17.62,65,1.75,False,False,2,27.21,1761.79
12,17.62,91,1.05,False,False,2,23.78,1737.12
13,17.62,70,0.87,False,False,2,21.05,1714.77
14,17.62,78,1.43,False,False,2,138.39,1575.78
15,17.62,91,1.31,False,False,2,21.85,1553.18
16,17.62,90,1.77,False,False,2,112.02,1439.8
17,17.62,86,1.18,False,False,2,42.01,1395.78
18,17.62,67,1.82,False,False,2,38.32,1356.62
19,17.62,106,0.65,False,False,2,53.32,1301.31
20,17.62,95,0.93,False,False,2,92.05,1207.22
21,17.62,69,1.38,False,False,2,29.3,1177.3
22,17.62,71,0.91,False,False,2,132.59,1044.1
1,18.0,85,1.79,False,False,2,41.01,0.02
2,18.0,60,1.02,False,False,2,54.47,1963.89
3,18.0,91,1.3,False,False,2,32.07,1931.01
4,18.0,100,0.76,False,False,2,93.96,1836.27
5,18.0,61,1.9,False,False,2,134.13,1701.13
6,18.0,74,1.13,False,False,2,148.59,1549.39
7,18.0,60,0.98,False,False,2,84.93,1463.71
8,18.0,94,1.09,False,False,2,59.56,1403.32
9,18.0,88,1.31,False,False,2,32.34,1367.76
10,18.0,70,1.74,False,False,2,110.94,1255.5
11,18.0,68,1.19,False,False,2,147.76,1106.63
12,18.0,90,1.36,False,False,2,136.47,968.87
13,18.0,69,0.84,False,False,2,136.91,831.18
14,18.0,77,1.18,False,False,2,138.84,691.56
15,18.0,92,1.33,False,False,2,75.14,615.56
16,18.0,91,1.57,False,False,2,57.96,556.46
17,18.0,88,0.51,False,False,2,29.79,525.63
18,18.0,64,0.82,False,False,2,141.84,383.3
19,18.0,106,1.69,False,False,2,92.21,290.2
20,18.0,95,1.62,False,False,2,72.46,216.72
21,18.0,71,1.58,False,False,2,94.59,121.18
22,18.0,71,0.83,False,False,2,120.38,0.02
1,18.38,82,1.84,False,False,2,125.86,920.62
2,18.38,60,0.6,False,False,2,45.26,874.46
3,18.38,92,0.71,False,False,2,137.71,734.48
4,18.38,102,1.01,False,False,2,80.0,653.75
5,18.38,63,0.76,False,False,2,84.79,567.19
6,18.38,77,1.46,False,False,2,101.57,464.96
7,18.38,60,1.4,False,False,2,42.81,421.43
8,18.38,92,0.91,False,False,2,23.15,396.42
9,18.38,87,0.76,False,False,2,37.52,356.72
10,18.38,71,1.36,False,False,2,82.57,272.9
11,18.38,67,1.53,False,False,2,64.04,207.88
12,18.38,90,0.93,False,False,2,30.67,174.82
13,18.38,69,1.8,False,False,2,85.96,88.35
14,18.38,76,0.71,False,False,2,87.47,0.02
15,18.38,95,1.37,False,False,2,121.45,1947.78
16,18.38,89,1.03,False,False,2,110.78,1835.54
17,18.38,86,1.31,False,False,2,124.46,1708.56
18,18.38,64,0.77,False,False,2,139.39,1568.45
19,18.38,107,1.04,False,False,2,137.16,1428.65
20,18.38,94,1.66,False,False,2,26.49,1400.19
21,18.38,69,0.85,False,False,2,67.28,1330.21
22,18.38,72,1.5,False,False,2,57.2,1272.24
1,18.75,81,0.63,False,False,2,97.59,172.56
2,18.75,63,1.11,False,False,2,49.85,121.71
3,18.75,95,1.69,False,False,2,120.72,0.01
4,18.75,100,1.35,False,False,2,141.21,2799.61
5,18.75,66,1.45,False,False,2,114.81,2684.09
6,18.75,77,1.22,False,False,2,110.24,2572.87
7,18.75,63,1.56,False,False,2,100.82,2469.9
8,18.75,94,0.7,False,False,2,78.25,2390.76
9,18.75,89,1.54,False,False,2,124.45,2265.24
10,18.75,70,1.45,False,False,2,89.94,2173.5
11,18.75,68,1.58,False,False,2,77.2,2094.12
12,18.75,90,1.27,False,False,2,31.48,2061.82
13,18.75,70,0.61,False,False,2,92.51,1967.65
14,18.75,77,1.16,False,False,2,118.53,1848.04
15,18.75,93,1.98,False,False,2,146.33,1699.81
16,18.75,92,1.85,False,False,2,73.74,1624.62
17,18.75,88,1.72,False,False,2,99.33,1524.53
18,18.75,63,1.4,False,False,2,66.39,1456.07
19,18.75,110,0.57,False,False,2,26.05,1429.39
20,18.75,97,1.41,False,False,2,124.8,1303.75
21,18.75,66,1.9,False,False,2,88.11,1214.01
22,18.75,72,0.71,False,False,2,119.56,1093.43
1,19.12,81,1.02,False,False,2,92.02,0.01
2,19.12,60,1.43,False,False,2,43.5,2072.67
3,19.12,94,0.56,False,False,2,90.11,1981.22
4,19.12,100,0.61,False,False,2,52.48,1928.1
5,19.12,68,1.87,False,False,2,77.15,1850.12
6,19.12,77,0.97,False,False,2,74.21,1775.4
7,19.12,64,1.14,False,False,2,134.46,1640.13
8,19.12,91,1.27,False,False,2,127.17,1512.21
9,19.12,90,0.8,False,False,2,141.31,1370.04
10,19.12,69,1.91,False,False,2,130.75,1238.75
11,19.12,67,1.99,False,False,2,146.54,1091.22
12,19.12,87,1.5,False,False,2,140.56,948.92
13,19.12,67,0.51,False,False,2,99.06,848.9
14,19.12,80,1.08,False,False,2,72.1,775.73
15,19.12,93,1.08,False,False,2,132.86,641.86
16,19.12,91,1.71,False,False,2,68.32,572.76
17,19.12,89,1.98,False,False,2,129.75,442.28
18,19.12,66,0.87,False,False,2,93.0,347.93
19,19.12,109,1.08,False,False,2,33.51,313.56
20,19.12,100,1.84,False,False,2,110.37,201.06
21,19.12,66,0.99,False,False,2,59.6,139.02
22,19.12,69,0.74,False,False,2,138.08,0.01
1,19.5,78,0.7,False,False,2,146.82,920.67
2,19.5,60,1.68,False,False,2,48.97,871.17
3,19.5,93,1.18,False,False,2,132.05,736.98
4,19.5,98,0.73,False,False,2,139.29,596.55
5,19.5,68,0.55,False,False,2,124.73,470.77
6,19.5,79,0.99,False,False,2,85.32,382.97
7,19.5,63,1.42,False,False,2,138.95,242.2
8,19.5,91,1.43,False,False,2,24.47,217.14
9,19.5,90,1.52,False,False,2,106.54,109.64
10,19.5,72,1.22,False,False,2,107.77,0.01
11,19.5,65,1.9,False,False,2,138.02,1946.84
12,19.5,86,1.16,False,False,2,106.21,1839.76
13,19.5,68,1.88,False,False,2,27.9,1811.21
14,19.5,80,1.24,False,False,2,66.47,1744.17
15,19.5,96,1.4,False,False,2,63.1,1680.02
16,19.5,89,1.93,False,False,2,98.24,1581.14
17,19.5,88,1.25,False,False,2,94.54,1486.11
18,19.5,63,1.39,False,False,2,79.21,1406.33
19,19.5,110,0.51,False,False,2,28.34,1377.12
20,19.5,103,0.85,False,False,2,37.05,1339.13
21,19.5,68,1.59,False,False,2,149.93,1188.36
22,19.5,67,0.64,False,False,2,52.71,1134.65
1,19.88,76,1.57,False,False,2,131.93,0.02
2,19.88,60,1.64,False,False,2,104.06,2546.53
3,19.88,91,1.6,False,False,2,149.8,2395.43
4,19.88,101,1.58,False,False,2,22.55,2372.1
5,19.88,65,0.81,False,False,2,148.11,2223.24
6,19.88,81,1.3,False,False,2,60.94,2160.0
7,19.88,62,1.82,False,False,2,92.86,2066.23
8,19.88,89,1.41,False,False,2,127.16,1938.23
9,19.88,91,1.17,False,False,2,120.14,1816.95
10,19.88,70,1.6,False,False,2,33.55,1781.1
11,19.88,68,0.98,False,False,2,41.78,1737.84
12,19.88,87,0.84,False,False,2,72.28,1664.72
13,19.88,67,1.26,False,False,2,23.87,1640.08
14,19.88,83,0.97,False,False,2,40.8,1598.14
15,19.88,94,0.67,False,False,2,69.06,1526.86
16,19.88,87,1.88,False,False,2,57.9,1467.6
17,19.88,88,1.17,False,False,2,126.81,1339.41
18,19.88,66,1.92,False,False,2,24.91,1312.7
19,19.88,110,0.95,False,False,2,53.86,1256.91
20,19.88,102,1.1,False,False,2,86.84,1169.16
21,19.88,66,1.64,False,False,2,54.88,1110.6
22,19.88,64,0.76,False,False,2,78.06,1031.86
1,20.25,76,0.88,False,False,2,30.03,0.01
2,20.25,60,1.21,False,False,2,149.84,1963.56
3,20.25,90,1.18,False,False,2,73.15,1888.45
4,20.25,104,0.85,False,False,2,148.26,1739.11
5,20.25,68,0.61,False,False,2,60.52,1677.33
6,20.25,83,1.44,False,False,2,103.06,1573.03
7,20.25,62,0.76,False,False,2,137.82,1434.64
8,20.25,90,1.58,False,False,2,116.92,1316.91
9,20.25,92,1.74,False,False,2,44.0,1272.17
10,20.25,68,1.13,False,False,2,131.14,1140.52
11,20.25,68,1.15,False,False,2,52.9,1086.83
12,20.25,85,2.0,False,False,2,100.22,984.93
13,20.25,65,1.78,False,False,2,30.71,951.37
14,20.25,83,1.0,False,False,2,108.58,842.24
15,20.25,91,0.67,False,False,2,81.99,759.4
16,20.25,85,1.61,False,False,2,67.64,690.99
17,20.25,88,1.46,False,False,2,124.58,564.04
18,20.25,64,1.71,False,False,2,74.48,488.65
19,20.25,113,1.78,False,False,2,73.03,414.51
20,20.25,105,0.97,False,False,2,149.96,263.76
21,20.25,64,0.56,False,False,2,132.21,130.56
22,20.25,62,1.06,False,False,2,129.54,0.02
1,20.62,79,2.0,False,False,2,99.89,975.54
2,20.62,60,0.95,False,False,2,74.77,900.09
3,20.62,93,1.0,False,False,2,145.26,754.17
4,20.62,107,1.61,False,False,2,39.98,712.21
5,20.62,70,0.59,False,False,2,92.4,617.47
6,20.62,81,0.9,False,False,2,62.12,554.11
7,20.62,61,1.08,False,False,2,82.89,470.36
8,20.62,87,1.17,False,False,2,121.54,347.79
9,20.62,90,1.68,False,False,2,77.48,269.47
10,20.62,69,1.26,False,False,2,148.83,116.94
11,20.62,67,1.96,False,False,2,115.42,0.01
12,20.62,88,0.95,False,False,2,62.21,1940.06
13,20.62,65,1.18,False,False,2,49.48,1889.66
14,20.62,82,1.24,False,False,2,134.77,1754.17
15,20.62,92,1.61,False,False,2,109.19,1643.11
16,20.62,88,1.93,False,False,2,30.55,1611.08
17,20.62,85,0.61,False,False,2,93.37,1516.88
18,20.62,67,0.64,False,False,2,56.74,1457.87
19,20.62,114,1.24,False,False,2,92.68,1364.57
20,20.62,107,1.36,False,False,2,82.13,1281.59
21,20.62,66,1.95,False,False,2,27.2,1252.46
22,20.62,65,1.89,False,False,2,89.77,1161.94
1,21.0,76,1.58,False,False,2,80.49,80.18
2,21.0,60,1.2,False,False,2,78.91,0.01
3,21.0,96,1.93,False,False,2,42.72,2609.86
4,21.0,109,1.37,False,False,2,48.82,2560.14
5,21.0,73,0.65,False,False,2,116.85,2442.29
6,21.0,82,0.97,False,False,2,79.31,2362.08
7,21.0,60,0.94,False,False,2,95.92,2265.22
8,21.0,90,1.46,False,False,2,52.47,2212.12
9,21.0,87,0.69,False,False,2,42.65,2167.36
10,21.0,70,1.42,False,False,2,29.32,2137.25
11,21.0,65,0.93,False,False,2,116.19,2020.4
12,21.0,89,0.61,False,False,2,107.59,1911.76
13,21.0,65,0.5,False,False,2,25.43,1885.53
14,21.0,85,0.7,False,False,2,36.73,1848.13
15,21.0,94,1.39,False,False,2,44.11,1802.89
16,21.0,90,1.2,False,False,2,78.76,1723.42
17,21.0,82,1.2,False,False,2,23.66,1698.87
18,21.0,68,1.41,False,False,2,139.76,1558.36
19,21.0,117,1.17,False,False,2,71.74,1485.73
20,21.0,105,0.69,False,False,2,143.16,1341.92
21,21.0,69,1.65,False,False,2,135.05,1206.35
22,21.0,67,1.76,False,False,2,142.15,1063.57
1,21.38,78,0.59,False,False,2,62.2,0.02
1,21.75,77,8.61,True,False,1,149.88,0.01
2,21.38,62,0.88,False,False,2,68.23,2987.81
3,21.38,96,1.15,False,False,2,66.1,2920.89
4,21.38,108,1.36,False,False,2,147.95,2772.43
5,21.38,75,1.88,False,False,2,136.0,2635.87
6,21.38,85,1.52,False,False,2,132.49,2502.37
7,21.38,62,0.78,False,False,2,143.3,2358.31
8,21.38,92,0.84,False,False,2,101.82,2255.66
9,21.38,88,0.66,False,False,2,80.59,2174.31
10,21.38,73,1.12,False,False,2,88.28,2085.4
11,21.38,64,1.75,False,False,2,133.47,1950.62
12,21.38,89,1.28,False,False,2,37.27,1912.53
13,21.38,68,1.32,False,False,2,28.32,1883.32
14,21.38,85,0.75,False,False,2,51.31,1831.36
15,21.38,94,0.54,False,False,2,46.97,1783.76
16,21.38,92,1.35,False,False,2,46.6,1735.9
17,21.38,85,0.77,False,False,2,81.14,1653.95
18,21.38,68,1.86,False,False,2,84.82,1568.45
19,21.38,119,0.95,False,False,2,30.69,1536.88
20,21.38,105,1.37,False,False,2,144.04,1391.92
21,21.38,68,1.68,False,False,2,117.87,1273.08
22,21.38,65,1.23,False,False,2,119.5,1151.55
2,21.75,60,1.54,False,False,2,122.36,1885.78
3,21.75,98,1.51,False,False,2,140.7,1743.75
4,21.75,107,1.0,False,False,2,46.64,1696.27
5,21.75,78,1.33,False,False,2,111.22,1583.9
6,21.75,83,1.92,False,False,2,120.08,1461.41
7,21.75,60,1.7,False,False,2,88.16,1372.0
8,21.75,90,1.51,False,False,2,40.01,1331.21
9,21.75,85,0.55,False,False,2,72.96,1257.45
10,21.75,76,1.77,False,False,2,113.93,1142.76
11,21.75,63,1.84,False,False,2,117.24,1024.6
12,21.75,90,0.57,False,False,2,109.06,913.16
13,21.75,69,1.66,False,False,2,47.8,863.39
14,21.75,83,1.25,False,False,2,25.97,836.18
15,21.75,93,0.81,False,False,2,143.83,691.23
16,21.75,95,0.84,False,False,2,138.54,551.68
17,21.75,82,1.35,False,False,2,82.37,468.69
18,21.75,71,0.98,False,False,2,48.76,418.61
19,21.75,116,0.89,False,False,2,80.67,337.35
20,21.75,106,0.74,False,False,2,140.07,196.28
21,21.75,66,0.51,False,False,2,141.92,52.07
22,21.75,63,0.77,False,False,2,51.03,0.02
1,22.12,75,1.2,False,False,2,68.7,958.32
2,22.12,60,1.62,False,False,2,81.34,876.22
3,22.12,97,0.83,False,False,2,126.28,749.12
4,22.12,106,1.74,False,False,2,145.22,603.08
5,22.12,79,1.03,False,False,2,20.58,581.64
6,22.12,85,1.4,False,False,2,89.63,491.08
7,22.12,60,1.69,False,False,2,99.44,391.09
8,22.12,90,1.72,False,False,2,23.41,366.21
9,22.12,85,1.19,False,False,2,74.64,290.41
10,22.12,75,2.0,False,False,2,148.84,140.79
11,22.12,64,1.72,False,False,2,140.13,0.01
3,22.5,95,10.51,True,False,1,59.06,0.01
12,22.12,89,0.92,False,False,2,49.78,1924.69
13,22.12,71,0.83,False,False,2,112.68,1810.85
14,22.12,86,1.28,False,False,2,130.49,1679.45
15,22.12,94,1.73,False,False,2,34.25,1644.4
16,22.12,92,1.17,False,False,2,41.15,1602.58
17,22.12,83,1.46,False,False,2,38.59,1563.49
18,22.12,70,1.62,False,False,2,119.17,1443.92
19,22.12,115,1.22,False,False,2,90.01,1353.02
20,22.12,104,1.84,False,False,2,60.09,1292.22
21,22.12,64,0.53,False,False,2,112.44,1179.21
22,22.12,62,0.87,False,False,2,45.94,1132.86
2,22.5,60,0.77,False,False,2,70.84,60.25
4,22.5,109,1.41,False,False,2,124.23,2383.36
5,22.5,77,0.94,False,False,2,78.42,2303.51
6,22.5,85,0.87,False,False,2,38.32,2264.3
7,22.5,63,0.93,False,False,2,55.43,2208.2
8,22.5,92,1.51,False,False,2,20.15,2187.38
10,22.5,75,1.39,False,False,2,26.63,2159.4
11,22.5,62,1.47,False,False,2,33.52,2125.32
12,22.5,87,0.56,False,False,2,71.18,2053.21
13,22.5,70,1.56,False,False,2,54.62,1997.71
14,22.5,83,0.78,False,False,2,145.36,1851.58
15,22.5,95,1.71,False,False,2,135.07,1715.55
16,22.5,89,1.38,False,False,2,124.16,1590.46
17,22.5,83,1.06,False,False,2,106.5,1483.46
18,22.5,70,0.88,False,False,2,76.23,1406.35
19,22.5,116,1.75,False,False,2,48.39,1355.35
20,22.5,105,1.52,False,False,2,108.27,1246.18
21,22.5,66,1.87,False,False,2,86.16,1159.23
22,22.5,60,0.87,False,False,2,66.54,1091.73
1,22.88,77,0.82,False,False,2,90.56,0.02
2,22.88,63,1.91,False,False,2,73.6,2885.43
3,22.88,94,1.66,False,False,2,29.6,2854.92
4,22.88,110,1.59,False,False,2,95.98,2757.64
5,22.88,80,1.43,False,False,2,125.33,2631.14
6,22.88,87,0.65,False,False,2,38.87,2591.53
7,22.88,65,1.13,False,False,2,93.32,2496.87
8,22.88,94,0.73,False,False,2,83.91,2410.24
9,22.88,88,1.54,False,False,2,48.54,2360.75
10,22.88,76,1.52,False,False,2,101.98,2257.84
11,22.88,63,1.32,False,False,2,41.42,2214.83
12,22.88,84,1.32,False,False,2,98.02,2116.04
13,22.88,69,1.4,False,False,2,79.86,2033.94
14,22.88,80,1.9,False,False,2,143.87,1888.18
15,22.88,92,1.2,False,False,2,105.57,1782.04
16,22.88,88,1.07,False,False,2,104.52,1675.57
17,22.88,83,0.58,False,False,2,29.8,1644.81
18,22.88,73,1.08,False,False,2,129.23,1514.85
19,22.88,116,1.2,False,False,2,76.04,1436.69
20,22.88,106,1.01,False,False,2,116.81,1319.28
21,22.88,66,0.91,False,False,2,110.28,1208.37
22,22.88,61,1.17,False,False,2,107.52,1100.25
1,23.25,76,0.59,False,False,2,99.45,0.01
2,23.25,64,0.83,False,False,2,44.87,2816.59
3,23.25,92,0.97,False,False,2,136.84,2678.92
4,23.25,113,1.48,False,False,2,80.18,2597.3
5,23.25,82,0.59,False,False,2,28.85,2567.36
6,23.25,89,1.68,False,False,2,57.85,2508.97
7,23.25,68,1.58,False,False,2,92.73,2413.85
8,23.25,95,1.34,False,False,2,71.26,2341.64
9,23.25,86,0.75,False,False,2,82.1,2257.5
10,23.25,76,1.21,False,False,2,84.67,2171.94
11,23.25,62,0.74,False,False,2,47.37,2122.48
12,23.25,86,1.91,False,False,2,144.63,1975.75
13,23.25,71,0.78,False,False,2,67.12,1906.65
14,23.25,77,0.72,False,False,2,94.62,1811.08
15,23.25,90,1.32,False,False,2,92.18,1718.14
16,23.25,85,1.92,False,False,2,137.95,1579.6
17,23.25,81,1.99,False,False,2,107.54,1471.5
18,23.25,72,0.56,False,False,2,97.03,1372.4
20,23.25,105,0.76,False,False,2,48.55,1322.37
21,23.25,67,0.97,False,False,2,129.6,1191.6
22,23.25,63,0.78,False,False,2,52.14,1139.05
1,23.62,74,1.92,False,False,2,137.75,0.02
2,23.62,66,1.23,False,False,2,24.3,2789.33
3,23.62,94,1.87,False,False,2,139.41,2648.85
4,23.62,110,1.26,False,False,2,35.24,2612.51
5,23.62,83,0.73,False,False,2,82.89,2528.86
6,23.62,90,1.96,False,False,2,115.12,2412.9
7,23.62,71,1.71,False,False,2,51.92,2360.29
8,23.62,95,1.39,False,False,2,60.49,2299.26
9,23.62,84,0.98,False,False,2,121.01,2177.29
10,23.62,73,0.51,False,False,2,58.49,2117.54
11,23.62,60,1.45,False,False,2,102.19,2013.43
12,23.62,87,1.45,False,False,2,60.18,1952.38
13,23.62,70,0.52,False,False,2,41.51,1910.44
14,23.62,79,0.95,False,False,2,81.6,1828.25
15,23.62,92,0.96,False,False,2,136.48,1688.83
16,23.62,86,1.8,False,False,2,65.63,1622.28
17,23.62,81,1.02,False,False,2,90.1,1530.62
18,23.62,71,0.8,False,False,2,117.69,1412.25
19,23.62,114,1.93,False,False,2,37.29,1374.21
21,23.62,70,0.83,False,False,2,127.7,1243.02
22,23.62,66,1.7,False,False,2,108.44,1133.02
1,24.0,74,0.52,False,False,2,132.05,0.01
2,24.0,69,1.31,False,False,2,64.56,2748.17
3,24.0,97,1.09,False,False,2,30.52,2716.55
4,24.0,112,0.81,False,False,2,40.29,2675.18
5,24.0,85,1.88,False,False,2,62.06,2612.16
6,24.0,87,1.75,False,False,2,128.92,2482.13
7,24.0,68,1.06,False,False,2,118.53,2362.7
8,24.0,98,1.69,False,False,2,85.99,2275.69
9,24.0,85,1.64,False,False,2,147.22,2127.65
10,24.0,72,1.46,False,False,2,83.38,2043.61
11,24.0,61,1.09,False,False,2,116.41,1926.09
12,24.0,87,1.98,False,False,2,30.03,1895.29
13,24.0,72,0.75,False,False,2,24.9,1867.78
14,24.0,76,1.64,False,False,2,70.06,1795.68
15,24.0,93,1.18,False,False,2,105.01,1689.45
16,24.0,87,0.79,False,False,2,36.02,1650.9
17,24.0,78,1.25,False,False,2,94.9,1554.09
18,24.0,68,1.14,False,False,2,130.31,1421.99
19,24.0,116,0.55,False,False,2,45.28,1375.78
20,24.0,107,0.63,False,False,2,84.61,1290.51
21,24.0,73,1.85,False,False,2,83.83,1205.35
22,24.0,67,0.82,False,False,2,59.07,1145.71
1,24.38,74,1.39,False,False,2,143.6,0.02
2,24.38,68,0.94,False,False,2,138.01,2799.87
3,24.38,100,1.8,False,False,2,148.29,2650.76
4,24.38,109,0.89,False,False,2,36.3,2613.73
5,24.38,83,1.51,False,False,2,115.78,2497.15
6,24.38,85,1.19,False,False,2,45.34,2450.58
7,24.38,66,1.24,False,False,2,41.55,2406.98
8,24.38,96,1.68,False,False,2,136.61,2268.93
9,24.38,84,1.98,False,False,2,72.83,2195.3
10,24.38,70,1.09,False,False,2,49.21,2145.04
11,24.38,61,0.84,False,False,2,109.94,2034.09
12,24.38,85,1.02,False,False,2,126.0,1907.16
13,24.38,69,1.13,False,False,2,54.31,1850.72
14,24.38,79,1.34,False,False,2,149.52,1699.75
15,24.38,94,1.11,False,False,2,29.83,1668.77
16,24.38,86,0.63,False,False,2,84.97,1583.07
17,24.38,80,1.89,False,False,2,63.36,1519.05
18,24.38,69,1.33,False,False,2,109.93,1408.54
19,24.38,118,1.22,False,False,2,30.28,1376.81
20,24.38,106,1.02,False,False,2,56.8,1318.75
21,24.38,72,1.74,False,False,2,97.16,1219.61
22,24.38,65,1.69,False,False,2,131.75,1086.02
1,24.75,72,0.75,False,False,2,85.08,0.01
2,24.75,70,0.96,False,False,2,72.77,2920.41
3,24.75,102,0.6,False,False,2,29.89,2889.58
4,24.75,110,0.69,False,False,2,141.31,2747.38
5,24.75,82,1.21,False,False,2,123.46,2621.99
6,24.75,82,1.54,False,False,2,89.88,2529.34
7,24.75,66,1.18,False,False,2,115.4,2413.37
8,24.75,95,1.61,False,False,2,117.49,2294.57
9,24.75,86,0.5,False,False,2,125.23,2168.33
10,24.75,73,1.6,False,False,2,96.75,2070.09
11,24.75,63,1.64,False,False,2,147.79,1921.23
12,24.75,88,0.69,False,False,2,38.06,1882.41
13,24.75,66,1.42,False,False,2,76.59,1804.57
14,24.75,80,0.81,False,False,2,48.1,1755.67
15,24.75,93,0.66,False,False,2,121.07,1633.51
16,24.75,87,1.35,False,False,2,127.32,1505.47
17,24.75,82,1.28,False,False,2,27.93,1477.01
18,24.75,71,1.41,False,False,2,101.58,1372.97
19,24.75,118,1.1,False,False,2,23.64,1347.92
20,24.75,105,0.83,False,False,2,107.15,1239.78
21,24.75,73,1.67,False,False,2,97.2,1141.71
22,24.75,68,0.57,False,False,2,81.24,1059.43
1,25.12,73,1.8,False,False,2,56.34,0.02
2,25.12,70,1.72,False,False,2,134.47,2721.59
3,25.12,100,1.0,False,False,2,60.18,2660.75
4,25.12,108,0.61,False,False,2,45.94,2613.58
5,25.12,79,0.79,False,False,2,104.34,2508.57
6,25.12,80,1.24,False,False,2,65.59,2440.44
7,25.12,69,1.09,False,False,2,120.62,2318.85
8,25.12,92,0.85,False,False,2,118.86,2199.08
9,25.12,87,1.97,False,False,2,38.58,2159.02
10,25.12,76,1.32,False,False,2,20.56,2137.57
11,25.12,62,0.51,False,False,2,78.08,2058.58
12,25.12,87,1.95,False,False,2,30.43,2027.55
13,25.12,69,1.26,False,False,2,137.25,1889.62
14,25.12,83,1.16,False,False,2,69.86,1818.91
15,25.12,94,1.67,False,False,2,88.63,1729.53
16,25.12,85,1.2,False,False,2,61.66,1663.93
17,25.12,84,0.74,False,False,2,142.65,1519.9
18,25.12,72,0.53,False,False,2,22.37,1496.69
19,25.12,119,1.01,False,False,2,47.5,1448.64
20,25.12,105,1.09,False,False,2,85.66,1362.06
21,25.12,75,1.82,False,False,2,113.77,1244.13
22,25.12,71,1.55,False,False,2,108.57,1134.59
1,25.5,76,1.64,False,False,2,132.72,0.02
2,25.5,67,0.51,False,False,2,45.24,3008.35
3,25.5,103,0.76,False,False,2,32.55,2974.67
4,25.5,110,1.95,False,False,2,116.3,2857.57
5,25.5,82,0.81,False,False,2,85.38,2770.03
6,25.5,83,1.39,False,False,2,57.13,2712.31
7,25.5,71,0.54,False,False,2,143.88,2567.61
8,25.5,90,0.72,False,False,2,39.33,2525.82
9,25.5,90,1.01,False,False,2,143.62,2380.27
10,25.5,77,1.48,False,False,2,79.29,2299.12
11,25.5,60,0.6,False,False,2,127.73,2170.54
12,25.5,87,0.81,False,False,2,145.54,2022.71
13,25.5,67,1.57,False,False,2,134.83,1885.65
14,25.5,85,1.46,False,False,2,96.15,1787.69
15,25.5,97,0.98,False,False,2,69.52,1717.29
16,25.5,88,1.22,False,False,2,72.18,1643.66
17,25.5,87,1.82,False,False,2,114.41,1527.22
18,25.5,69,1.72,False,False,2,95.97,1429.7
19,25.5,121,1.5,False,False,2,35.66,1393.26
20,25.5,106,1.41,False,False,2,116.77,1274.08
21,25.5,77,1.01,False,False,2,82.57,1190.56
22,25.5,72,1.51,False,False,2,79.65,1110.06
1,25.88,77,0.83,False,False,2,107.26,0.01
2,25.88,70,1.67,False,False,2,51.72,3023.71
3,25.88,103,1.15,False,False,2,28.44,2994.04
4,25.88,109,0.98,False,False,2,52.34,2940.43
5,25.88,81,1.37,False,False,2,52.49,2887.22
6,25.88,83,1.63,False,False,2,56.42,2829.73
7,25.88,69,1.92,False,False,2,119.35,2708.66
8,25.88,90,1.33,False,False,2,130.37,2577.58
9,25.88,87,1.88,False,False,2,115.97,2459.51
10,25.88,78,1.69,False,False,2,98.04,2360.44
11,25.88,62,0.64,False,False,2,95.43,2264.02
12,25.88,87,1.87,False,False,2,118.44,2145.01
13,25.88,65,1.54,False,False,2,98.33,2045.94
14,25.88,87,1.71,False,False,2,128.26,1917.04
15,25.88,99,1.96,False,False,2,132.23,1783.42
16,25.88,91,1.07,False,False,2,130.0,1651.33
17,25.88,85,1.29,False,False,2,49.54,1600.87
18,25.88,72,1.54,False,False,2,78.19,1520.94
19,25.88,123,1.86,False,False,2,56.27,1463.28
20,25.88,106,1.78,False,False,2,125.2,1336.49
21,25.88,79,1.72,False,False,2,145.37,1188.74
22,25.88,71,0.84,False,False,2,62.97,1123.67
1,26.25,75,1.94,False,False,2,121.25,0.01
2,26.25,72,1.28,False,False,2,148.75,2401.03
3,26.25,106,1.56,False,False,2,21.95,2377.5
4,26.25,112,1.21,False,False,2,46.72,2329.92
5,26.25,83,1.32,False,False,2,50.62,2278.68
6,26.25,83,1.3,False,False,2,39.56,2236.6
7,26.25,66,1.1,False,False,2,147.61,2087.9
9,26.25,87,1.57,False,False,2,122.61,1963.84
10,26.25,78,1.62,False,False,2,128.72,1834.25
11,26.25,62,1.49,False,False,2,48.48,1784.68
12,26.25,89,0.62,False,False,2,49.71,1734.12
13,26.25,63,0.87,False,False,2,20.8,1712.68
14,26.25,88,0.57,False,False,2,74.78,1636.04
15,26.25,96,1.41,False,False,2,97.44,1536.7
16,26.25,90,1.13,False,False,2,94.36,1441.32
17,26.25,82,0.95,False,False,2,53.85,1385.76
18,26.25,70,1.36,False,False,2,22.03,1362.73
19,26.25,126,0.55,False,False,2,31.73,1330.17
20,26.25,104,0.97,False,False,2,63.2,1266.15
21,26.25,80,0.63,False,False,2,142.13,1123.07
22,26.25,69,0.98,False,False,2,72.41,1049.77
1,26.62,74,1.49,False,False,2,48.68,0.01
2,26.62,72,1.44,False,False,2,116.44,2901.05
3,26.62,103,1.19,False,False,2,109.32,2790.81
4,26.62,114,1.55,False,False,2,120.65,2669.39
5,26.62,82,0.89,False,False,2,119.89,2548.55
6,26.62,83,1.25,False,False,2,43.23,2504.14
7,26.62,67,2.0,False,False,2,86.35,2417.11
8,26.62,89,0.58,False,False,2,68.23,2348.09
9,26.62,88,0.53,False,False,2,118.9,2225.76
10,26.62,75,0.53,False,False,2,73.43,2151.03
11,26.62,62,1.93,False,False,2,27.32,2122.77
12,26.62,91,1.0,False,False,2,103.59,2018.04
13,26.62,66,0.71,False,False,2,114.42,1902.9
14,26.62,89,1.38,False,False,2,129.03,1772.86
15,26.62,99,0.83,False,False,2,95.28,1676.35
16,26.62,91,1.25,False,False,2,61.16,1614.12
17,26.62,82,0.98,False,False,2,113.86,1498.44
18,26.62,70,0.75,False,False,2,57.06,1440.35
19,26.62,127,0.56,False,False,2,108.28,1329.92
20,26.62,106,1.64,False,False,2,85.43,1243.7
21,26.62,81,0.99,False,False,2,50.3,1190.76
22,26.62,66,1.77,False,False,2,87.42,1102.2
1,27.0,77,1.77,False,False,2,100.85,0.02
2,27.0,72,0.61,False,False,2,108.98,2795.97
3,27.0,103,1.74,False,False,2,139.88,2655.21
4,27.0,115,1.07,False,False,2,65.7,2588.29
5,27.0,82,1.0,False,False,2,78.64,2509.14
6,27.0,82,1.11,False,False,2,103.28,2403.99
7,27.0,69,1.53,False,False,2,89.13,2313.72
8,27.0,92,0.51,False,False,2,80.27,2232.64
9,27.0,88,0.84,False,False,2,109.13,2122.47
10,27.0,78,1.41,False,False,2,62.53,2057.5
11,27.0,63,1.24,False,False,2,103.57,1952.48
12,27.0,92,1.5,False,False,2,48.44,1903.35
13,27.0,65,1.57,False,False,2,52.35,1850.32
14,27.0,90,1.78,False,False,2,138.74,1710.89
15,27.0,96,0.93,False,False,2,108.94,1601.14
16,27.0,91,1.21,False,False,2,136.95,1462.65
17,27.0,81,1.96,False,False,2,39.77,1422.26
18,27.0,73,0.59,False,False,2,24.81,1396.51
19,27.0,126,1.94,False,False,2,111.08,1284.4
20,27.0,104,0.53,False,False,2,93.16,1189.6
21,27.0,79,1.86,False,False,2,90.7,1096.73
22,27.0,68,0.73,False,False,2,32.93,1062.8
1,27.38,77,1.47,False,False,2,61.38,0.01
2,27.38,75,1.35,False,False,2,114.07,2644.88
3,27.38,102,1.74,False,False,2,61.29,2582.5
4,27.38,115,1.51,False,False,2,131.77,2449.82
5,27.38,80,1.29,False,False,2,70.76,2377.61
6,27.38,81,1.52,False,False,2,127.13,2248.8
7,27.38,67,0.94,False,False,2,41.92,2205.69
8,27.38,92,1.1,False,False,2,59.41,2145.39
9,27.38,85,1.81,False,False,2,49.04,2095.6
10,27.38,75,1.88,False,False,2,36.18,2058.56
11,27.38,65,1.7,False,False,2,104.31,1953.31
12,27.38,90,1.96,False,False,2,123.45,1827.68
13,27.38,68,1.37,False,False,2,57.11,1768.99
14,27.38,89,0.97,False,False,2,135.08,1631.86
15,27.38,96,1.57,False,False,2,52.33,1578.7
16,27.38,89,1.67,False,False,2,72.65,1503.58
17,27.38,80,1.47,False,False,2,54.16,1447.51
18,27.38,70,1.58,False,False,2,22.86,1422.83
19,27.38,125,1.82,False,False,2,58.41,1361.54
20,27.38,107,0.87,False,False,2,36.92,1322.93
21,27.38,77,1.52,False,False,2,94.46,1224.83
22,27.38,67,1.42,False,False,2,124.07,1100.31
1,27.75,74,1.67,False,False,2,99.07,0.02
2,27.75,72,1.2,False,False,2,29.24,2981.38
4,27.75,118,1.59,False,False,2,72.5,2907.75
5,27.75,78,1.25,False,False,2,30.41,2876.71
6,27.75,84,1.41,False,False,2,124.52,2750.2
7,27.75,67,1.51,False,False,2,104.99,2644.53
8,27.75,89,1.98,False,False,2,104.98,2538.2
10,27.75,78,0.88,False,False,2,91.55,2445.41
11,27.75,62,1.71,False,False,2,136.93,2307.43
12,27.75,90,0.82,False,False,2,100.59,2206.06
13,27.75,71,1.86,False,False,2,144.88,2059.96
14,27.75,89,1.4,False,False,2,120.36,1938.46
15,27.75,97,1.36,False,False,2,70.33,1867.28
16,27.75,88,0.93,False,False,2,93.04,1773.33
17,27.75,79,0.82,False,False,2,141.98,1630.73
18,27.75,70,1.54,False,False,2,130.12,1499.23
19,27.75,122,1.77,False,False,2,87.04,1409.6
20,27.75,107,1.32,False,False,2,107.52,1299.8
21,27.75,79,0.54,False,False,2,135.72,1163.31
22,27.75,67,0.92,False,False,2,28.15,1134.19
1,28.12,71,1.17,False,False,2,132.62,0.02
2,28.12,69,0.85,False,False,2,84.8,2705.87
3,28.12,101,1.49,False,False,2,139.52,2564.84
4,28.12,119,1.57,False,False,2,107.99,2455.94
5,28.12,78,1.86,False,False,2,100.43,2354.06
6,28.12,81,0.58,False,False,2,27.05,2325.09
7,28.12,68,0.95,False,False,2,140.17,2183.1
8,28.12,92,1.36,False,False,2,35.33,2146.83
9,28.12,85,0.86,False,False,2,68.41,2076.52
10,28.12,76,1.79,False,False,2,45.58,2028.73
11,28.12,63,0.99,False,False,2,65.37,1962.39
12,28.12,87,1.33,False,False,2,28.17,1933.19
13,28.12,71,0.98,False,False,2,120.36,1810.17
14,28.12,86,0.55,False,False,2,61.33,1747.61
15,28.12,98,1.47,False,False,2,131.27,1615.6
16,28.12,86,1.49,False,False,2,45.93,1569.06
17,28.12,79,0.8,False,False,2,124.29,1444.0
18,28.12,68,0.5,False,False,2,123.09,1319.95
19,28.12,124,0.99,False,False,2,42.05,1275.67
20,28.12,104,0.76,False,False,2,79.13,1195.98
21,28.12,78,1.72,False,False,2,26.37,1168.73
22,28.12,67,1.52,False,False,2,106.91,1060.81
1,28.5,72,1.57,False,False,2,57.92,0.01
2,28.5,67,1.18,False,False,2,32.98,2979.13
3,28.5,102,0.56,False,False,2,50.59,2927.55
4,28.5,117,1.14,False,False,2,36.4,2890.23
5,28.5,80,1.62,False,False,2,84.61,2803.4
6,28.5,78,1.09,False,False,2,146.54,2655.97
7,28.5,66,0.69,False,False,2,36.33,2618.91
8,28.5,89,1.39,False,False,2,95.51,2520.12
9,28.5,82,0.85,False,False,2,149.66,2369.62
10,28.5,75,0.83,False,False,2,97.93,2270.16
11,28.5,61,1.79,False,False,2,138.78,2130.21
12,28.5,86,0.53,False,False,2,77.55,2051.92
13,28.5,71,1.54,False,False,2,68.22,1982.98
14,28.5,89,0.66,False,False,2,140.9,1838.12
15,28.5,95,1.29,False,False,2,149.15,1688.02
16,28.5,86,0.7,False,False,2,60.08,1625.91
17,28.5,80,1.45,False,False,2,57.76,1566.96
18,28.5,71,1.13,False,False,2,79.41,1486.44
19,28.5,127,1.36,False,False,2,138.67,1346.41
20,28.5,104,0.76,False,False,2,139.15,1206.05
21,28.5,77,1.3,False,False,2,22.75,1182.22
22,28.5,70,1.86,False,False,2,89.34,1091.77
1,28.88,70,1.69,False,False,2,90.11,0.01
2,28.88,69,0.78,False,False,2,21.3,2711.95
3,28.88,99,1.78,False,False,2,118.86,2592.28
4,28.88,116,1.65,False,False,2,83.61,2507.39
5,28.88,83,0.99,False,False,2,147.94,2358.71
6,28.88,80,1.57,False,False,2,86.98,2271.04
7,28.88,63,1.57,False,False,2,135.17,2135.06
8,28.88,92,0.96,False,False,2,91.95,2042.2
9,28.88,79,1.29,False,False,2,69.74,1970.92
10,28.88,72,1.67,False,False,2,42.3,1927.37
11,28.88,60,0.84,False,False,2,69.4,1857.34
12,28.88,88,1.99,False,False,2,37.73,1819.12
13,28.88,74,1.63,False,False,2,130.63,1684.7
14,28.88,91,1.13,False,False,2,23.0,1660.31
15,28.88,95,0.79,False,False,2,84.75,1574.45
16,28.88,84,1.5,False,False,2,82.45,1491.36
17,28.88,79,1.84,False,False,2,115.79,1374.72
18,28.88,72,1.7,False,False,2,21.84,1351.28
19,28.88,129,1.94,False,False,2,23.6,1326.43
20,28.88,106,1.24,False,False,2,67.2,1258.38
21,28.88,78,1.73,False,False,2,129.99,1127.28
22,28.88,73,1.2,False,False,2,36.8,1089.05
1,29.25,69,1.54,False,False,2,85.27,0.01
2,29.25,72,1.56,False,False,2,99.01,2997.53
3,29.25,101,1.22,False,False,2,134.49,2860.63
4,29.25,113,1.16,False,False,2,46.54,2812.33
5,29.25,83,1.55,False,False,2,92.29,2717.65
6,29.25,81,1.67,False,False,2,82.96,2633.86
7,29.25,60,0.6,False,False,2,120.94,2512.09
8,29.25,91,0.59,False,False,2,87.08,2423.84
9,29.25,81,1.79,False,False,2,65.19,2357.89
10,29.25,69,1.93,False,False,2,142.41,2213.08
11,29.25,60,1.73,False,False,2,134.44,2077.37
12,29.25,85,0.7,False,False,2,64.07,2011.12
13,29.25,74,0.69,False,False,2,80.45,1929.07
14,29.25,90,1.61,False,False,2,45.04,1882.9
15,29.25,94,1.31,False,False,2,111.58,1770.49
16,29.25,86,1.19,False,False,2,94.73,1674.11
17,29.25,79,0.68,False,False,2,113.29,1560.16
18,29.25,74,1.02,False,False,2,67.07,1491.38
19,29.25,129,1.7,False,False,2,89.27,1400.69
20,29.25,106,0.78,False,False,2,40.69,1359.35
21,29.25,79,0.89,False,False,2,78.53,1279.7
22,29.25,74,1.54,False,False,2,146.27,1132.66
1,29.62,68,1.34,False,False,2,131.39,0.02
2,29.62,72,1.55,False,False,2,138.22,2732.54
3,29.62,98,0.85,False,False,2,86.2,2645.47
4,29.62,110,1.09,False,False,2,135.91,2508.92
6,29.62,84,1.93,False,False,2,63.12,2444.64
7,29.62,60,0.62,False,False,2,65.88,2376.51
8,29.62,89,1.81,False,False,2,85.07,2290.54
9,29.62,82,0.77,False,False,2,115.82,2173.97
10,29.62,71,1.33,False,False,2,123.17,2049.94
11,29.62,60,0.64,False,False,2,68.39,1980.65
13,29.62,75,0.65,False,False,2,137.52,1841.4
14,29.62,90,1.01,False,False,2,85.53,1754.07
15,29.62,96,1.88,False,False,2,110.96,1642.24
16,29.62,83,1.54,False,False,2,96.69,1544.51
17,29.62,80,1.94,False,False,2,117.02,1426.88
18,29.62,73,1.37,False,False,2,92.47,1333.11
19,29.62,129,0.64,False,False,2,52.59,1278.32
20,29.62,104,1.97,False,False,2,80.07,1197.46
21,29.62,81,1.02,False,False,2,40.48,1156.11
22,29.62,71,1.25,False,False,2,78.89,1076.33
1,30.0,68,1.08,False,False,2,75.11,0.02
2,30.0,70,0.86,False,False,2,85.01,2647.83
3,30.0,100,1.45,False,False,2,94.36,2552.23
4,30.0,109,1.7,False,False,2,25.88,2525.62
5,30.0,86,1.02,False,False,2,128.47,2396.5
6,30.0,81,0.77,False,False,2,135.14,2260.35
7,30.0,61,1.45,False,False,2,76.66,2183.11
8,30.0,88,1.27,False,False,2,146.53,2034.18
9,30.0,83,1.92,False,False,2,65.39,1968.1
10,30.0,72,1.39,False,False,2,102.04,1865.11
11,30.0,60,0.98,False,False,2,63.81,1800.48
12,30.0,84,1.44,False,False,2,98.0,1701.66
13,30.0,74,0.99,False,False,2,39.14,1661.1
14,30.0,91,1.23,False,False,2,70.07,1588.97
15,30.0,98,1.42,False,False,2,88.5,1499.61
16,30.0,80,0.94,False,False,2,83.52,1415.46
17,30.0,83,1.09,False,False,2,94.62,1320.1
18,30.0,70,1.59,False,False,2,77.09,1242.33
19,30.0,127,1.69,False,False,2,27.72,1213.73
20,30.0,104,1.6,False,False,2,121.48,1091.58
21,30.0,78,1.74,False,False,2,59.77,1031.32
1,30.38,67,0.83,False,False,2,29.03,0.02
2,30.38,71,1.67,False,False,2,58.16,2796.58
3,30.38,101,1.26,False,False,2,26.3,2768.1
4,30.38,107,1.86,False,False,2,107.71,2659.38
5,30.38,87,0.92,False,False,2,55.37,2603.35
6,30.38,82,0.52,False,False,2,50.32,2551.24
7,30.38,62,1.75,False,False,2,127.38,2423.12
8,30.38,88,1.64,False,False,2,49.92,2372.41
9,30.38,81,0.85,False,False,2,67.16,2304.29
10,30.38,71,0.89,False,False,2,86.19,2213.07
11,30.38,63,1.37,False,False,2,113.0,2099.34
12,30.38,86,0.91,False,False,2,24.86,2073.25
13,30.38,77,1.42,False,False,2,146.76,1925.84
14,30.38,92,1.29,False,False,2,113.42,1811.56
15,30.38,101,1.45,False,False,2,119.32,1691.11
16,30.38,77,1.83,False,False,2,81.66,1608.36
17,30.38,82,1.31,False,False,2,116.13,1491.17
18,30.38,69,0.67,False,False,2,74.76,1414.21
19,30.38,125,0.79,False,False,2,68.17,1345.44
20,30.38,105,1.87,False,False,2,41.25,1303.42
21,30.38,79,1.99,False,False,2,59.79,1242.8
22,30.38,71,0.95,False,False,2,126.43,1115.86
1,30.75,70,1.75,False,False,2,114.38,0.02
2,30.75,68,0.63,False,False,2,99.19,2491.79
3,30.75,103,1.69,False,False,2,97.96,2392.71
4,30.75,108,1.67,False,False,2,62.97,2328.52
5,30.75,89,0.65,False,False,2,62.3,2263.89
6,30.75,84,1.2,False,False,2,31.07,2231.7
7,30.75,60,1.63,False,False,2,27.44,2202.13
8,30.75,89,1.19,False,False,2,65.03,2136.3
9,30.75,80,1.08,False,False,2,66.04,2069.63
10,30.75,68,1.41,False,False,2,114.8,1954.2
11,30.75,66,0.79,False,False,2,25.03,1928.17
12,30.75,85,1.87,False,False,2,24.57,1902.89
13,30.75,80,1.02,False,False,2,64.5,1836.23
14,30.75,89,1.73,False,False,2,83.5,1750.58
15,30.75,101,0.57,False,False,2,50.8,1698.52
16,30.75,79,1.22,False,False,2,51.81,1645.37
17,30.75,80,0.95,False,False,2,141.16,1502.25
18,30.75,71,1.11,False,False,2,78.25,1421.61
19,30.75,126,0.56,False,False,2,53.6,1365.44
20,30.75,106,1.07,False,False,2,56.32,1307.32
21,30.75,76,0.51,False,False,2,81.87,1223.45
22,30.75,72,0.75,False,False,2,101.2,1120.21
1,31.12,69,1.94,False,False,2,119.03,0.02
2,31.12,66,0.91,False,False,2,84.19,2750.62
3,31.12,101,0.51,False,False,2,53.89,2695.81
4,31.12,108,1.45,False,False,2,141.03,2552.47
5,31.12,91,1.67,False,False,2,49.11,2501.27
6,31.12,81,1.72,False,False,2,70.73,2429.64
7,31.12,60,1.06,False,False,2,65.44,2363.55
8,31.12,92,1.75,False,False,2,73.47,2288.34
9,31.12,81,1.13,False,False,2,58.27,2229.12
10,31.12,70,0.83,False,False,2,68.06,2160.47
11,31.12,63,1.57,False,False,2,89.14,2069.33
12,31.12,85,1.73,False,False,2,140.06,1925.61
13,31.12,78,0.99,False,False,2,125.92,1798.75
14,31.12,90,1.43,False,False,2,40.88,1756.67
15,31.12,98,1.15,False,False,2,134.53,1621.28
16,31.12,81,1.92,False,False,2,38.49,1582.15
17,31.12,78,1.65,False,False,2,131.0,1450.19
18,31.12,68,1.09,False,False,2,38.88,1410.42
19,31.12,128,1.94,False,False,2,88.91,1319.52
20,31.12,104,0.88,False,False,2,121.91,1196.89
21,31.12,74,0.73,False,False,2,20.19,1175.76
22,31.12,73,1.54,False,False,2,144.88,1029.12
1,31.5,66,1.91,False,False,2,27.83,0.02
11,31.5,65,10.41,True,False,1,130.88,0.01
2,31.5,68,1.73,False,False,2,40.56,668.93
3,31.5,98,1.49,False,False,2,100.43,567.78
4,31.5,109,1.06,False,False,2,95.92,471.13
5,31.5,89,0.65,False,False,2,127.69,342.37
6,31.5,80,1.64,False,False,2,64.64,276.73
7,31.5,60,1.55,False,False,2,22.81,253.17
8,31.5,94,0.66,False,False,2,34.14,218.06
9,31.5,80,1.44,False,False,2,20.64,196.54
10,31.5,67,1.93,False,False,2,63.57,132.23
12,31.5,83,1.65,False,False,2,88.54,1944.99
13,31.5,75,0.51,False,False,2,130.37,1813.38
14,31.5,88,0.98,False,False,2,46.06,1766.15
15,31.5,101,1.58,False,False,2,146.95,1617.22
16,31.5,80,1.64,False,False,2,141.47,1473.66
17,31.5,78,1.02,False,False,2,139.71,1333.28
18,31.5,69,1.35,False,False,2,20.04,1311.82
19,31.5,127,1.06,False,False,2,34.92,1276.03
21,31.5,76,1.33,False,False,2,69.27,1205.17
22,31.5,72,1.66,False,False,2,33.09,1170.95
1,31.88,64,1.65,False,False,2,76.55,92.89
2,31.88,68,0.92,False,False,2,92.17,0.02
3,31.88,99,0.75,False,False,2,146.02,2599.54
4,31.88,110,1.24,False,False,2,140.49,2458.08
5,31.88,89,1.34,False,False,2,102.38,2354.99
6,31.88,83,1.59,False,False,2,36.73,2317.44
7,31.88,60,0.82,False,False,2,142.29,2174.35
8,31.88,97,0.56,False,False,2,21.21,2152.6
9,31.88,79,1.03,False,False,2,51.0,2100.67
10,31.88,64,1.86,False,False,2,30.57,2068.37
11,31.88,62,0.56,False,False,2,90.63,1976.98
12,31.88,86,0.71,False,False,2,52.88,1921.77
13,31.88,77,1.22,False,False,2,70.53,1850.16
14,31.88,89,1.43,False,False,2,96.61,1752.53
15,31.88,99,0.53,False,False,2,48.89,1701.13
16,31.88,82,0.95,False,False,2,97.18,1602.18
17,31.88,81,0.63,False,False,2,80.77,1520.48
18,31.88,67,0.61,False,False,2,64.58,1454.26
19,31.88,126,1.58,False,False,2,64.61,1388.15
20,31.88,103,1.71,False,False,2,74.46,1312.05
21,31.88,78,1.17,False,False,2,138.42,1172.8
22,31.88,69,1.97,False,False,2,30.59,1141.57
1,32.25,64,1.85,False,False,2,140.17,0.02
2,32.25,71,1.35,False,False,2,145.59,2476.03
3,32.25,96,1.57,False,False,2,71.27,2403.7
4,32.25,109,1.63,False,False,2,31.18,2371.3
5,32.25,86,1.92,False,False,2,29.91,2340.27
6,32.25,83,0.73,False,False,2,88.95,2249.94
7,32.25,62,1.91,False,False,2,35.34,2212.73
8,32.25,99,1.54,False,False,2,130.86,2079.89
9,32.25,78,0.64,False,False,2,26.37,2052.71
10,32.25,64,1.12,False,False,2,25.63,2026.0
11,32.25,61,0.55,False,False,2,51.48,1969.12
12,32.25,84,0.83,False,False,2,62.69,1905.56
13,32.25,79,1.03,False,False,2,49.53,1855.24
14,32.25,86,1.87,False,False,2,139.66,1714.77
15,32.25,100,1.34,False,False,2,114.47,1599.57
16,32.25,84,1.82,False,False,2,141.17,1455.93
17,32.25,81,1.96,False,False,2,92.81,1362.28
18,32.25,67,1.04,False,False,2,87.73,1272.35
19,32.25,126,1.34,False,False,2,20.97,1250.44
20,32.25,104,1.95,False,False,2,68.28,1181.55
21,32.25,75,0.64,False,False,2,39.67,1141.21
22,32.25,68,1.9,False,False,2,30.57,1108.44
1,32.62,66,1.69,False,False,2,106.97,0.01
2,32.62,71,1.22,False,False,2,65.32,2727.68
3,32.62,94,1.29,False,False,2,112.08,2614.56
4,32.62,109,1.94,False,False,2,88.44,2524.86
6,32.62,81,1.07,False,False,2,116.68,2405.98
7,32.62,63,0.53,False,False,2,95.9,2307.58
8,32.62,96,0.65,False,False,2,48.37,2258.43
9,32.62,75,1.97,False,False,2,64.43,2193.41
10,32.62,62,1.39,False,False,2,79.18,2113.28
11,32.62,63,0.67,False,False,2,36.36,2075.98
12,32.62,82,1.27,False,False,2,113.8,1961.09
13,32.62,77,1.38,False,False,2,46.79,1911.86
14,32.62,89,0.69,False,False,2,50.57,1860.52
15,32.62,100,0.51,False,False,2,108.57,1751.02
16,32.62,81,0.74,False,False,2,56.66,1693.48
17,32.62,84,1.17,False,False,2,68.65,1623.67
18,32.62,70,0.73,False,False,2,82.08,1540.89
19,32.62,129,1.48,False,False,2,110.22,1428.68
20,32.62,102,1.64,False,False,2,107.14,1320.47
21,32.62,74,0.77,False,False,2,72.32,1247.28
22,32.62,66,1.16,False,False,2,142.0,1104.01
1,33.0,67,0.85,False,False,2,102.16,0.01
2,33.0,73,0.86,False,False,2,86.04,2782.03
3,33.0,93,1.73,False,False,2,131.96,2649.35
4,33.0,108,1.71,False,False,2,60.17,2588.39
5,33.0,87,1.36,False,False,2,85.36,2502.01
6,33.0,79,0.67,False,False,2,126.77,2374.36
7,33.0,61,1.76,False,False,2,55.41,2315.81
8,33.0,93,1.36,False,False,2,55.76,2259.12
9,33.0,74,1.31,False,False,2,133.59,2124.72
10,33.0,65,0.56,False,False,2,51.31,2072.39
11,33.0,63,1.01,False,False,2,48.88,2022.78
12,33.0,79,1.36,False,False,2,81.93,1939.51
13,33.0,77,1.56,False,False,2,123.24,1815.31
14,33.0,87,0.69,False,False,2,47.93,1765.46
15,33.0,101,1.8,False,False,2,104.31,1660.32
16,33.0,82,1.9,False,False,2,144.35,1514.9
17,33.0,85,1.27,False,False,2,33.79,1479.63
18,33.0,71,1.25,False,False,2,31.24,1446.34
19,33.0,132,0.98,False,False,2,71.1,1374.33
20,33.0,103,1.45,False,False,2,74.55,1299.3
21,33.0,73,0.76,False,False,2,25.97,1272.18
22,33.0,63,0.87,False,False,2,148.42,1121.79
1,33.38,70,0.73,False,False,2,120.49,0.02
2,33.38,71,1.9,False,False,2,76.94,1972.19
3,33.38,94,1.9,False,False,2,126.56,1844.64
4,33.38,107,0.77,False,False,2,28.28,1815.6
5,33.38,84,0.62,False,False,2,37.34,1777.64
6,33.38,82,1.09,False,False,2,149.88,1625.37
7,33.38,60,1.32,False,False,2,117.75,1505.6
8,33.38,92,1.22,False,False,2,131.56,1372.91
9,33.38,77,1.61,False,False,2,136.72,1235.45
10,33.38,63,1.69,False,False,2,103.67,1131.03
11,33.38,60,1.64,False,False,2,126.72,1002.27
12,33.38,79,1.7,False,False,2,47.43,954.05
13,33.38,74,0.57,False,False,2,87.27,865.39
14,33.38,86,1.25,False,False,2,87.07,777.79
15,33.38,102,1.67,False,False,2,140.02,636.71
16,33.38,82,1.76,False,False,2,45.24,588.17
17,33.38,83,1.13,False,False,2,141.79,445.44
18,33.38,73,0.57,False,False,2,51.63,392.54
19,33.38,135,1.37,False,False,2,117.43,272.88
20,33.38,102,1.18,False,False,2,69.54,202.07
21,33.38,74,1.08,False,False,2,145.17,55.57
22,33.38,63,1.01,False,False,2,54.66,0.01
1,33.75,72,1.46,False,False,2,123.45,1007.83
2,33.75,69,1.91,False,False,2,47.79,958.35
3,33.75,95,1.35,False,False,2,101.91,855.27
4,33.75,107,1.85,False,False,2,145.23,709.26
5,33.75,81,0.51,False,False,2,138.64,569.23
6,33.75,82,0.79,False,False,2,81.61,486.86
7,33.75,63,1.05,False,False,2,45.48,440.62
8,33.75,93,1.13,False,False,2,83.15,355.65
9,33.75,79,0.85,False,False,2,21.5,332.81
10,33.75,65,0.79,False,False,2,123.92,207.06
11,33.75,60,1.36,False,False,2,68.63,135.73
12,33.75,76,0.79,False,False,2,134.96,0.01
13,33.75,75,1.94,False,False,2,120.38,1954.8
14,33.75,86,0.73,False,False,2,87.86,1866.35
15,33.75,104,0.76,False,False,2,121.88,1743.88
16,33.75,82,1.43,False,False,2,97.16,1645.32
17,33.75,83,1.01,False,False,2,118.4,1525.94
18,33.75,75,0.55,False,False,2,78.16,1446.97
19,33.75,136,1.96,False,False,2,79.47,1366.59
21,33.75,73,0.93,False,False,2,37.7,1327.65
22,33.75,65,1.17,False,False,2,27.23,1296.95
1,34.12,75,1.25,False,False,2,54.58,241.01
2,34.12,72,1.84,False,False,2,90.39,149.01
3,34.12,96,1.84,False,False,2,35.12,112.76
4,34.12,108,0.61,False,False,2,111.95,0.02
5,34.12,80,1.68,False,False,2,58.27,2438.13
6,34.12,81,0.87,False,False,2,134.8,2302.47
7,34.12,62,1.88,False,False,2,58.63,2242.94
8,34.12,96,0.9,False,False,2,48.25,2193.95
9,34.12,76,0.71,False,False,2,54.28,2138.45
10,34.12,63,1.03,False,False,2,83.03,2054.64
11,34.12,63,1.96,False,False,2,125.14,1927.57
12,34.12,75,0.53,False,False,2,70.13,1855.6
13,34.12,76,1.05,False,False,2,119.26,1735.84
14,34.12,84,1.63,False,False,2,58.51,1676.1
15,34.12,106,1.8,False,False,2,23.64,1651.5
16,34.12,80,0.92,False,False,2,71.73,1578.7
17,34.12,84,1.2,False,False,2,132.61,1445.12
18,34.12,72,1.82,False,False,2,83.48,1360.57
19,34.12,133,0.58,False,False,2,65.19,1294.6
20,34.12,105,1.97,False,False,2,20.94,1272.73
21,34.12,71,1.12,False,False,2,112.84,1158.91
22,34.12,66,1.56,False,False,2,79.42,1078.4
1,34.5,74,0.92,False,False,2,74.9,0.02
2,34.5,69,0.64,False,False,2,109.75,2728.57
3,34.5,93,1.23,False,False,2,41.43,2685.92
4,34.5,106,0.62,False,False,2,20.71,2664.23
5,34.5,82,0.52,False,False,2,148.13,2515.24
6,34.5,83,0.54,False,False,2,116.35,2397.82
7,34.5,64,0.85,False,False,2,57.47,2339.56
8,34.5,93,0.69,False,False,2,93.63,2245.02
9,34.5,74,1.99,False,False,2,58.76,2185.35
10,34.5,63,1.98,False,False,2,149.79,2034.69
11,34.5,64,1.59,False,False,2,132.12,1901.77
12,34.5,77,1.5,False,False,2,106.43,1794.33
13,34.5,77,1.16,False,False,2,75.89,1717.84
14,34.5,82,0.65,False,False,2,56.22,1659.97
15,34.5,104,1.28,False,False,2,40.45,1617.91
16,34.5,78,1.66,False,False,2,122.63,1494.48
17,34.5,86,0.97,False,False,2,96.86,1396.63
18,34.5,72,0.71,False,False,2,50.71,1344.06
19,34.5,130,1.3,False,False,2,73.48,1268.36
20,34.5,106,1.02,False,False,2,40.14,1227.15
21,34.5,68,1.46,False,False,2,133.84,1092.58
22,34.5,64,1.43,False,False,2,46.44,1045.36
1,34.88,73,0.9,False,False,2,44.1,0.02
2,34.88,72,0.6,False,False,2,51.15,2886.12
3,34.88,95,1.33,False,False,2,118.9,2765.41
4,34.88,104,0.89,False,False,2,64.51,2699.55
5,34.88,82,0.57,False,False,2,39.11,2659.59
6,34.88,86,1.09,False,False,2,44.4,2614.34
7,34.88,65,0.74,False,False,2,75.49,2537.95
8,34.88,96,0.59,False,False,2,110.47,2426.14
9,34.88,73,1.8,False,False,2,129.97,2295.28
10,34.88,62,1.93,False,False,2,74.03,2220.56
11,34.88,64,1.64,False,False,2,115.77,2103.22
12,34.88,75,0.8,False,False,2,68.28,2032.13
13,34.88,76,1.76,False,False,2,70.16,1961.01
14,34.88,84,1.98,False,False,2,42.55,1917.88
15,34.88,103,1.32,False,False,2,84.53,1832.59
16,34.88,76,0.75,False,False,2,93.19,1738.71
17,34.88,89,1.86,False,False,2,142.24,1595.28
18,34.88,72,1.31,False,False,2,113.99,1479.08
19,34.88,130,0.87,False,False,2,72.81,1404.78
20,34.88,104,1.85,False,False,2,68.19,1334.77
21,34.88,69,1.92,False,False,2,132.25,1201.96
22,34.88,63,0.99,False,False,2,110.21,1090.31
1,35.25,73,0.65,False,False,2,87.29,0.02
2,35.25,70,1.06,False,False,2,75.06,2661.79
3,35.25,95,1.99,False,False,2,47.08,2613.89
4,35.25,105,1.54,False,False,2,82.58,2529.91
5,35.25,80,1.35,False,False,2,64.56,2464.76
6,35.25,85,1.82,False,False,2,128.93,2334.91
7,35.25,68,0.67,False,False,2,67.24,2266.82
8,35.25,99,1.55,False,False,2,140.15,2125.2
9,35.25,75,0.59,False,False,2,70.05,2054.23
10,35.25,64,0.82,False,False,2,30.21,2023.11
11,35.25,66,1.83,False,False,2,20.32,2002.14
12,35.25,78,1.7,False,False,2,145.3,1855.87
13,35.25,77,1.6,False,False,2,115.87,1739.07
14,35.25,86,1.22,False,False,2,134.92,1603.02
15,35.25,102,0.81,False,False,2,114.67,1487.62
16,35.25,79,1.3,False,False,2,85.37,1400.53
17,35.25,91,1.23,False,False,2,87.29,1312.12
18,35.25,71,1.25,False,False,2,149.63,1160.74
19,35.25,131,1.51,False,False,2,26.21,1133.66
20,35.25,101,1.09,False,False,2,64.34,1068.49
21,35.25,72,1.8,False,False,2,32.33,1034.25
1,35.62,73,0.6,False,False,2,30.95,0.01
2,35.62,70,1.32,False,False,2,40.85,2766.07
3,35.62,97,1.61,False,False,2,29.7,2734.78
4,35.62,105,1.31,False,False,2,98.73,2635.41
5,35.62,77,1.75,False,False,2,49.1,2585.36
6,35.62,85,1.75,False,False,2,118.39,2466.32
7,35.62,68,1.28,False,False,2,63.81,2401.18
8,35.62,98,1.82,False,False,2,43.81,2356.72
9,35.62,78,1.21,False,False,2,42.99,2312.54
10,35.62,62,1.75,False,False,2,85.81,2226.16
11,35.62,63,1.11,False,False,2,148.45,2076.68
12,35.62,81,0.87,False,False,2,130.94,1944.73
13,35.62,74,1.01,False,False,2,84.22,1859.72
14,35.62,88,1.56,False,False,2,134.57,1724.43
15,35.62,101,1.39,False,False,2,131.74,1591.4
16,35.62,82,1.22,False,False,2,47.95,1542.51
17,35.62,89,0.64,False,False,2,74.94,1466.75
18,35.62,71,0.58,False,False,2,28.15,1437.89
19,35.62,128,0.5,False,False,2,68.76,1368.02
20,35.62,100,0.67,False,False,2,41.8,1324.26
21,35.62,75,1.92,False,False,2,117.15,1206.42
22,35.62,65,1.35,False,False,2,110.45,1094.96
1,36.0,70,1.12,False,False,2,93.99,0.02
2,36.0,72,1.12,False,False,2,67.75,2696.54
3,36.0,96,0.58,False,False,2,61.25,2634.71
4,36.0,106,1.33,False,False,2,64.27,2568.64
5,36.0,75,1.01,False,False,2,74.68,2493.37
6,36.0,82,1.59,False,False,2,79.17,2412.04
7,36.0,71,1.0,False,False,2,127.01,2282.97
8,36.0,98,1.35,False,False,2,60.29,2220.23
10,36.0,62,1.67,False,False,2,33.93,2185.01
11,36.0,65,1.23,False,False,2,125.33,2058.99
12,36.0,81,0.95,False,False,2,48.24,2009.64
13,36.0,76,1.19,False,False,2,29.8,1979.06
14,36.0,91,0.91,False,False,2,31.28,1946.81
15,36.0,98,0.86,False,False,2,77.41,1868.71
16,36.0,80,0.78,False,False,2,40.01,1827.12
17,36.0,91,0.72,False,False,2,144.09,1682.04
18,36.0,69,1.9,False,False,2,148.18,1532.73
19,36.0,127,1.2,False,False,2,120.07,1411.71
20,36.0,99,0.76,False,False,2,109.15,1300.74
21,36.0,74,0.83,False,False,2,101.75,1197.09
22,36.0,65,0.69,False,False,2,65.04,1130.88
1,36.38,73,0.8,False,False,2,129.0,0.02
2,36.38,72,2.0,False,False,2,23.84,2883.98
3,36.38,97,1.23,False,False,2,143.86,2739.31
4,36.38,107,0.57,False,False,2,130.09,2608.37
5,36.38,73,1.96,False,False,2,64.36,2542.4
6,36.38,84,0.5,False,False,2,88.53,2452.82
7,36.38,73,1.16,False,False,2,119.67,2332.18
8,36.38,99,1.97,False,False,2,80.55,2250.66
9,36.38,81,1.85,False,False,2,137.12,2112.64
10,36.38,63,1.26,False,False,2,69.45,2040.73
11,36.38,67,0.65,False,False,2,79.36,1960.81
12,36.38,79,0.79,False,False,2,90.07,1870.02
13,36.38,78,0.91,False,False,2,47.82,1820.82
14,36.38,93,0.51,False,False,2,103.42,1716.09
16,36.38,83,1.01,False,False,2,116.26,1598.64
17,36.38,89,1.06,False,False,2,66.86,1529.73
18,36.38,66,0.93,False,False,2,52.66,1475.1
19,36.38,127,1.91,False,False,2,46.98,1427.54
20,36.38,102,0.62,False,False,2,42.22,1384.18
21,36.38,71,1.53,False,False,2,132.69,1249.97
22,36.38,63,1.39,False,False,2,107.43,1140.65
1,36.75,70,0.87,False,False,2,139.37,0.02
2,36.75,73,0.85,False,False,2,76.42,2491.74
3,36.75,97,0.52,False,False,2,60.77,2429.95
4,36.75,105,0.68,False,False,2,46.05,2382.74
5,36.75,71,1.91,False,False,2,105.23,2276.72
6,36.75,83,0.81,False,False,2,97.26,2178.75
7,36.75,70,1.89,False,False,2,95.61,2082.13
8,36.75,102,1.61,False,False,2,37.78,2043.43
9,36.75,80,1.23,False,False,2,83.55,1959.29
10,36.75,66,1.13,False,False,2,93.05,1865.44
11,36.75,70,1.02,False,False,2,69.94,1794.29
12,36.75,77,0.7,False,False,2,128.87,1664.29
13,36.75,77,0.82,False,False,2,74.41,1589.03
14,36.75,93,1.93,False,False,2,23.27,1564.28
15,36.75,101,0.62,False,False,2,95.76,1467.49
16,36.75,83,1.45,False,False,2,32.03,1434.56
17,36.75,88,1.84,False,False,2,38.47,1395.01
18,36.75,64,0.58,False,False,2,69.76,1323.21
19,36.75,128,1.43,False,False,2,65.32,1256.94
20,36.75,104,1.83,False,False,2,129.71,1125.71
21,36.75,73,1.02,False,False,2,24.09,1100.64
22,36.75,60,1.87,False,False,2,75.53,1024.39
1,37.12,71,0.53,False,False,2,21.85,0.01
2,37.12,70,0.6,False,False,2,62.48,2788.0
3,37.12,99,0.78,False,False,2,116.98,2668.66
4,37.12,104,1.71,False,False,2,139.95,2527.85
6,37.12,85,1.91,False,False,2,35.49,2489.7
7,37.12,72,0.75,False,False,2,111.54,2377.09
8,37.12,103,1.72,False,False,2,52.56,2322.83
9,37.12,83,1.85,False,False,2,54.6,2265.72
10,37.12,66,1.15,False,False,2,81.76,2182.68
11,37.12,70,1.18,False,False,2,102.19,2079.61
12,37.12,79,1.99,False,False,2,125.91,1952.86
13,37.12,79,1.16,False,False,2,74.74,1877.22
14,37.12,93,1.82,False,False,2,72.61,1803.61
15,37.12,103,1.71,False,False,2,74.62,1727.88
16,37.12,86,1.78,False,False,2,81.49,1645.45
17,37.12,85,1.8,False,False,2,112.57,1532.23
18,37.12,62,1.29,False,False,2,58.94,1472.53
19,37.12,129,1.01,False,False,2,140.19,1331.77
20,37.12,102,1.0,False,False,2,91.37,1237.51
21,37.12,76,1.83,False,False,2,105.11,1131.93
22,37.12,60,1.01,False,False,2,83.52,1047.3
1,37.5,74,1.7,False,False,2,45.79,0.02
2,37.5,70,0.85,False,False,2,47.1,2726.22
3,37.5,97,1.63,False,False,2,126.43,2598.49
4,37.5,104,0.66,False,False,2,137.76,2459.42
5,37.5,71,1.75,False,False,2,56.8,2401.01
6,37.5,84,0.51,False,False,2,85.48,2313.53
7,37.5,71,1.54,False,False,2,47.26,2265.28
8,37.5,103,1.86,False,False,2,80.56,2183.99
9,37.5,83,1.68,False,False,2,126.18,2056.61
10,37.5,66,0.91,False,False,2,131.23,1923.21
11,37.5,71,0.93,False,False,2,51.07,1870.04
12,37.5,80,1.08,False,False,2,98.86,1770.43
13,37.5,76,1.28,False,False,2,92.78,1675.1
14,37.5,96,0.6,False,False,2,68.96,1605.31
15,37.5,101,1.52,False,False,2,77.99,1526.3
16,37.5,83,1.42,False,False,2,51.36,1473.25
17,37.5,82,1.49,False,False,2,97.8,1374.84
18,37.5,64,1.27,False,False,2,20.52,1353.52
19,37.5,131,1.72,False,False,2,107.68,1245.09
20,37.5,104,1.69,False,False,2,41.8,1200.67
21,37.5,79,1.13,False,False,2,127.48,1072.41
22,37.5,60,1.84,False,False,2,46.65,1024.92
1,37.88,74,1.76,False,False,2,23.33,0.01
2,37.88,68,1.14,False,False,2,21.76,2821.86
3,37.88,98,1.01,False,False,2,78.35,2742.8
4,37.88,106,0.64,False,False,2,94.09,2647.72
5,37.88,69,1.13,False,False,2,114.64,2532.13
6,37.88,83,1.73,False,False,2,23.43,2507.39
7,37.88,71,1.27,False,False,2,130.82,2374.04
8,37.88,106,1.94,False,False,2,121.74,2251.83
9,37.88,84,1.56,False,False,2,37.25,2212.99
10,37.88,65,0.8,False,False,2,39.5,2172.66
11,37.88,72,0.89,False,False,2,54.6,2116.55
12,37.88,78,1.27,False,False,2,72.06,2043.21
13,37.88,77,0.7,False,False,2,84.44,1957.95
14,37.88,99,0.67,False,False,2,128.07,1828.8
15,37.88,103,1.25,False,False,2,137.64,1690.39
16,37.88,80,1.47,False,False,2,94.3,1594.6
17,37.88,84,1.59,False,False,2,91.09,1502.0
18,37.88,66,1.41,False,False,2,72.41,1428.65
19,37.88,129,1.34,False,False,2,22.67,1404.05
20,37.88,105,0.71,False,False,2,116.83,1286.34
21,37.88,77,0.84,False,False,2,116.31,1169.16
22,37.88,62,1.25,False,False,2,145.46,1023.0
1,38.25,72,1.13,False,False,2,20.32,0.01
2,38.25,71,1.29,False,False,2,119.33,2843.77
3,38.25,100,1.98,False,False,2,110.72,2731.22
4,38.25,109,0.99,False,False,2,110.68,2619.54
5,38.25,70,0.95,False,False,2,70.97,2547.59
6,38.25,83,1.3,False,False,2,108.86,2438.13
7,38.25,70,0.95,False,False,2,57.5,2380.0
8,38.25,107,1.89,False,False,2,29.01,2350.22
9,38.25,81,2.0,False,False,2,93.95,2255.54
10,38.25,63,1.36,False,False,2,105.8,2148.63
11,38.25,74,1.59,False,False,2,113.26,2033.49
12,38.25,78,1.23,False,False,2,22.77,2009.94
13,38.25,79,1.52,False,False,2,33.25,1975.7
14,38.25,98,1.72,False,False,2,143.3,1829.3
15,38.25,105,0.79,False,False,2,80.37,1747.19
16,38.25,80,0.88,False,False,2,120.07,1626.07
17,38.25,84,0.75,False,False,2,86.37,1538.26
18,38.25,66,1.68,False,False,2,118.19,1417.71
19,38.25,130,1.51,False,False,2,51.32,1365.64
20,38.25,108,0.63,False,False,2,142.09,1222.65
21,38.25,74,0.96,False,False,2,41.2,1180.86
22,38.25,60,0.89,False,False,2,97.43,1082.2
1,38.62,75,1.42,False,False,2,80.55,0.02
2,38.62,69,1.06,False,False,2,68.17,2866.81
3,38.62,98,1.37,False,False,2,49.75,2815.25
4,38.62,112,1.46,False,False,2,123.9,2690.2
5,38.62,67,1.64,False,False,2,141.23,2548.27
6,38.62,83,2.0,False,False,2,124.05,2423.35
7,38.62,72,1.06,False,False,2,119.53,2302.04
8,38.62,105,1.74,False,False,2,129.48,2171.94
9,38.62,78,1.39,False,False,2,115.92,2054.78
10,38.62,65,0.51,False,False,2,57.83,1995.74
11,38.62,77,0.61,False,False,2,141.02,1852.78
12,38.62,76,0.72,False,False,2,71.66,1780.24
13,38.62,82,0.83,False,False,2,96.46,1682.17
14,38.62,101,1.38,False,False,2,122.39,1558.97
15,38.62,108,0.58,False,False,2,96.48,1461.88
16,38.62,80,1.07,False,False,2,47.3,1412.99
17,38.62,82,0.56,False,False,2,94.87,1317.45
18,38.62,69,1.11,False,False,2,49.64,1266.36
19,38.62,127,1.95,False,False,2,60.41,1203.44
20,38.62,111,1.08,False,False,2,110.07,1091.58
21,38.62,71,0.66,False,False,2,30.53,1060.37
1,39.0,73,0.93,False,False,2,58.21,0.02
2,39.0,66,0.92,False,False,2,85.63,2890.42
3,39.0,95,1.3,False,False,2,126.02,2762.84
5,39.0,68,1.77,False,False,2,79.55,2681.98
6,39.0,84,1.32,False,False,2,135.44,2544.79
7,39.0,75,1.64,False,False,2,102.78,2441.35
8,39.0,106,0.82,False,False,2,62.9,2377.07
9,39.0,77,0.5,False,False,2,88.8,2285.46
10,39.0,68,1.11,False,False,2,51.0,2233.29
11,39.0,79,1.4,False,False,2,24.29,2207.89
12,39.0,78,1.98,False,False,2,87.15,2120.07
13,39.0,83,0.94,False,False,2,140.22,1977.36
14,39.0,103,1.18,False,False,2,129.39,1845.57
15,39.0,106,1.88,False,False,2,129.59,1714.51
16,39.0,77,0.8,False,False,2,140.33,1573.81
17,39.0,85,1.71,False,False,2,130.29,1440.28
18,39.0,68,1.83,False,False,2,146.27,1293.55
19,39.0,130,1.14,False,False,2,25.86,1266.36
20,39.0,108,1.34,False,False,2,27.47,1237.97
21,39.0,74,1.49,False,False,2,56.32,1180.69
22,39.0,60,0.99,False,False,2,53.39,1126.6
1,39.38,70,1.13,False,False,2,123.51,0.02
2,39.38,68,1.47,False,False,2,103.08,2830.5
3,39.38,92,1.98,False,False,2,54.01,2775.07
4,39.38,115,0.99,False,False,2,77.8,2696.44
5,39.38,68,1.73,False,False,2,127.84,2567.56
6,39.38,86,1.82,False,False,2,88.92,2477.17
7,39.38,76,1.02,False,False,2,94.1,2382.02
8,39.38,107,1.76,False,False,2,27.75,2353.56
9,39.38,75,0.62,False,False,2,146.93,2203.33
10,39.38,68,1.25,False,False,2,122.67,2079.48
11,39.38,79,0.82,False,False,2,108.98,1969.69
12,39.38,78,0.96,False,False,2,43.52,1925.18
13,39.38,85,1.55,False,False,2,122.59,1801.49
14,39.38,101,1.86,False,False,2,40.47,1760.05
15,39.38,109,1.16,False,False,2,48.83,1710.14
16,39.38,75,1.8,False,False,2,140.76,1568.45
17,39.38,85,0.83,False,False,2,48.11,1518.68
18,39.38,66,1.81,False,False,2,62.4,1455.45
19,39.38,129,1.14,False,False,2,132.32,1322.03
20,39.38,106,1.78,False,False,2,22.35,1298.91
21,39.38,76,1.28,False,False,2,95.16,1202.97
22,39.38,63,0.67,False,False,2,75.91,1125.98
1,39.75,67,1.95,False,False,2,124.96,0.02
2,39.75,69,1.35,False,False,2,62.64,2769.35
3,39.75,93,1.61,False,False,2,34.19,2733.6
4,39.75,115,1.86,False,False,2,97.61,2634.73
5,39.75,71,1.95,False,False,2,108.04,2525.9
6,39.75,87,0.62,False,False,2,114.3,2410.84
7,39.75,78,1.34,False,False,2,133.43,2276.83
8,39.75,109,1.68,False,False,2,87.01,2187.57
9,39.75,72,1.52,False,False,2,51.27,2135.47
10,39.75,68,1.46,False,False,2,31.33,2103.11
11,39.75,76,1.88,False,False,2,121.98,1980.43
12,39.75,76,1.26,False,False,2,90.06,1889.41
13,39.75,85,1.94,False,False,2,45.51,1843.12
14,39.75,104,1.75,False,False,2,66.77,1775.35
15,39.75,108,1.0,False,False,2,65.92,1707.94
16,39.75,73,1.87,False,False,2,71.38,1634.94
17,39.75,82,1.61,False,False,2,148.61,1485.56
18,39.75,69,0.83,False,False,2,53.47,1431.08
19,39.75,131,0.81,False,False,2,64.93,1365.38
20,39.75,105,1.49,False,False,2,54.13,1310.67
21,39.75,79,0.87,False,False,2,99.02,1210.87
22,39.75,62,1.19,False,False,2,66.52,1142.38
1,40.12,67,0.75,False,False,2,137.94,0.02
2,40.12,67,0.72,False,False,2,95.61,1905.15
3,40.12,94,0.83,False,False,2,135.87,1768.14
4,40.12,117,1.2,False,False,2,71.06,1695.62
5,40.12,74,0.65,False,False,2,149.19,1545.43
6,40.12,88,0.55,False,False,2,130.44,1414.03
7,40.12,76,1.43,False,False,2,100.17,1312.07
8,40.12,108,0.69,False,False,2,32.15,1279.1
9,40.12,73,1.45,False,False,2,127.39,1150.73
10,40.12,67,1.0,False,False,2,138.82,1011.19
11,40.12,79,0.85,False,False,2,105.11,905.08
12,40.12,78,1.78,False,False,2,130.97,773.36
13,40.12,88,1.18,False,False,2,21.06,750.94
14,40.12,106,1.16,False,False,2,37.6,712.18
15,40.12,107,1.31,False,False,2,35.74,675.66
16,40.12,70,1.09,False,False,2,138.54,536.19
17,40.12,80,1.47,False,False,2,42.58,492.64
18,40.12,72,0.91,False,False,2,64.97,426.96
19,40.12,128,1.01,False,False,2,100.72,324.4
20,40.12,102,0.62,False,False,2,109.02,213.28
21,40.12,78,1.89,False,False,2,124.43,87.74
22,40.12,60,0.63,False,False,2,86.8,0.01
1,40.5,68,1.07,False,False,2,125.08,934.68
2,40.5,70,1.63,False,False,2,98.09,835.87
3,40.5,91,0.91,False,False,2,139.29,695.89
4,40.5,114,1.91,False,False,2,33.41,660.46
5,40.5,73,1.37,False,False,2,33.21,626.79
6,40.5,91,1.19,False,False,2,87.95,537.66
7,40.5,77,1.41,False,False,2,118.3,417.52
8,40.5,108,0.68,False,False,2,105.28,309.89
9,40.5,74,1.31,False,False,2,48.5,260.79
10,40.5,65,1.36,False,False,2,139.63,119.86
11,40.5,79,0.68,False,False,2,118.52,0.01
12,40.5,79,0.89,False,False,2,117.53,1982.97
13,40.5,86,0.76,False,False,2,83.43,1898.46
14,40.5,105,0.96,False,False,2,58.95,1837.38
15,40.5,105,1.49,False,False,2,116.51,1718.29
16,40.5,72,1.19,False,False,2,99.22,1618.04
17,40.5,80,0.77,False,False,2,90.81,1526.51
18,40.5,74,1.51,False,False,2,60.57,1464.98
19,40.5,128,1.22,False,False,2,92.61,1371.04
20,40.5,99,1.26,False,False,2,52.41,1317.8
21,40.5,79,1.63,False,False,2,99.94,1217.01
22,40.5,60,1.82,False,False,2,69.18,1146.45
2,40.88,72,1.6,False,False,2,144.58,0.02
3,40.88,92,1.15,False,False,2,30.6,2870.65
4,40.88,113,0.75,False,False,2,128.36,2739.77
5,40.88,70,1.68,False,False,2,143.71,2595.02
6,40.88,94,1.25,False,False,2,78.91,2515.46
7,40.88,78,1.4,False,False,2,126.55,2386.73
8,40.88,111,1.98,False,False,2,115.41,2270.35
9,40.88,77,1.27,False,False,2,81.86,2187.52
10,40.88,66,1.06,False,False,2,36.97,2149.48
11,40.88,82,1.18,False,False,2,130.79,2017.87
12,40.88,78,1.87,False,False,2,119.47,1897.57
13,40.88,86,0.78,False,False,2,38.6,1858.05
14,40.88,104,1.09,False,False,2,143.67,1713.59
15,40.88,107,0.55,False,False,2,99.93,1611.92
16,40.88,73,1.77,False,False,2,36.52,1574.41
17,40.88,78,0.61,False,False,2,120.19,1453.29
18,40.88,73,1.96,False,False,2,75.53,1376.74
19,40.88,128,1.9,False,False,2,96.5,1276.67
20,40.88,101,1.88,False,False,2,100.3,1175.51
21,40.88,80,1.31,False,False,2,61.2,1113.5
22,40.88,60,0.59,False,False,2,62.22,1050.5
1,41.25,71,1.98,False,False,2,48.66,0.02
2,41.25,73,1.58,False,False,2,63.66,2856.73
3,41.25,92,1.2,False,False,2,82.46,2773.22
4,41.25,114,1.91,False,False,2,83.06,2689.23
5,41.25,67,1.89,False,False,2,68.55,2620.04
6,41.25,95,0.52,False,False,2,64.73,2554.34
7,41.25,75,0.82,False,False,2,48.15,2503.99
8,41.25,109,1.62,False,False,2,126.64,2376.23
9,41.25,79,1.47,False,False,2,102.04,2273.18
10,41.25,66,1.33,False,False,2,121.1,2150.53
11,41.25,82,0.84,False,False,2,131.72,2017.96
12,41.25,75,1.77,False,False,2,117.17,1899.04
13,41.25,88,1.75,False,False,2,43.57,1854.41
14,41.25,106,1.02,False,False,2,66.24,1787.49
15,41.25,110,1.5,False,False,2,46.98,1740.08
16,41.25,76,1.7,False,False,2,111.93,1627.33
17,41.25,81,0.78,False,False,2,109.13,1516.07
18,41.25,72,0.66,False,False,2,58.07,1456.66
19,41.25,128,1.58,False,False,2,35.92,1418.17
20,41.25,100,1.3,False,False,2,109.08,1308.28
21,41.25,81,1.42,False,False,2,137.08,1170.58
22,41.25,60,1.29,False,False,2,130.94,1038.98
1,41.62,71,1.64,False,False,2,37.34,0.01
2,41.62,74,1.36,False,False,2,116.94,2713.41
3,41.62,94,1.28,False,False,2,45.94,2665.24
4,41.62,114,0.55,False,False,2,45.88,2618.16
5,41.62,67,0.72,False,False,2,82.51,2533.11
6,41.62,95,0.59,False,False,2,119.18,2413.46
7,41.62,72,1.8,False,False,2,57.85,2354.1
8,41.62,108,1.25,False,False,2,104.96,2248.54
9,41.62,81,0.99,False,False,2,68.27,2179.61
10,41.62,68,1.22,False,False,2,80.07,2096.67
11,41.62,80,1.95,False,False,2,48.26,2047.49
12,41.62,78,1.94,False,False,2,27.23,2017.7
13,41.62,86,1.93,False,False,2,117.1,1899.84
14,41.62,105,0.68,False,False,2,43.64,1855.34
15,41.62,113,1.12,False,False,2,70.59,1783.65
16,41.62,77,0.81,False,False,2,117.57,1665.07
17,41.62,78,1.38,False,False,2,71.55,1592.65
18,41.62,70,1.04,False,False,2,102.03,1489.79
19,41.62,131,1.55,False,False,2,92.31,1395.94
20,41.62,98,1.19,False,False,2,110.6,1284.52
21,41.62,81,1.27,False,False,2,136.23,1147.65
22,41.62,62,0.71,False,False,2,120.44,1026.33
1,42.0,71,0.78,False,False,2,25.02,0.01
2,42.0,74,0.69,False,False,2,120.69,2771.7
3,42.0,96,1.18,False,False,2,105.82,2664.12
4,42.0,114,1.94,False,False,2,77.97,2585.11
5,42.0,64,0.53,False,False,2,45.42,2539.02
6,42.0,97,0.74,False,False,2,137.44,2400.75
7,42.0,71,0.88,False,False,2,31.22,2368.96
8,42.0,108,1.85,False,False,2,104.29,2263.98
9,42.0,79,1.07,False,False,2,20.43,2242.83
10,42.0,65,0.91,False,False,2,58.16,2183.78
11,42.0,77,1.04,False,False,2,116.76,2066.39
12,42.0,75,0.92,False,False,2,53.82,2011.69
13,42.0,86,1.05,False,False,2,79.13,1931.98
14,42.0,106,1.22,False,False,2,97.66,1833.79
15,42.0,110,1.88,False,False,2,61.16,1771.69
16,42.0,79,1.44,False,False,2,82.42,1688.3
17,42.0,78,0.7,False,False,2,147.62,1539.85
18,42.0,72,1.94,False,False,2,94.45,1444.29
19,42.0,131,1.84,False,False,2,34.35,1409.2
20,42.0,96,1.72,False,False,2,86.51,1322.04
21,42.0,81,0.9,False,False,2,107.93,1213.27
22,42.0,61,1.61,False,False,2,76.42,1136.27
1,42.38,73,1.59,False,False,2,135.3,0.02
2,42.38,76,1.29,False,False,2,40.93,2893.38
3,42.38,97,1.28,False,False,2,120.05,2772.31
4,42.38,115,1.87,False,False,2,77.05,2693.83
5,42.38,67,1.78,False,False,2,38.28,2654.0
6,42.38,98,0.63,False,False,2,68.49,2584.9
7,42.38,69,1.0,False,False,2,109.08,2475.32
8,42.38,109,1.82,False,False,2,147.24,2327.11
9,42.38,82,0.94,False,False,2,98.23,2228.04
10,42.38,67,0.63,False,False,2,138.38,2089.03
11,42.38,74,1.94,False,False,2,96.63,1990.9
12,42.38,75,0.91,False,False,2,92.26,1897.84
13,42.38,89,1.31,False,False,2,41.74,1855.35
14,42.38,103,0.83,False,False,2,91.54,1763.22
15,42.38,109,0.89,False,False,2,52.37,1708.93
16,42.38,78,0.59,False,False,2,130.24,1577.57
17,42.38,77,1.19,False,False,2,55.51,1521.31
18,42.38,74,0.65,False,False,2,116.68,1403.83
19,42.38,130,0.99,False,False,2,90.78,1312.48
20,42.38,93,1.51,False,False,2,40.79,1270.95
21,42.38,81,0.72,False,False,2,117.66,1152.39
22,42.38,64,0.68,False,False,2,109.05,1041.91
1,42.75,71,1.77,False,False,2,40.83,0.01
2,42.75,79,0.83,False,False,2,40.54,2731.63
3,42.75,100,1.33,False,False,2,141.57,2589.51
4,42.75,115,1.42,False,False,2,102.67,2484.87
5,42.75,65,0.68,False,False,2,107.47,2376.37
6,42.75,97,1.5,False,False,2,67.48,2307.53
7,42.75,69,0.92,False,False,2,48.09,2258.53
8,42.75,110,1.53,False,False,2,32.54,2224.67
9,42.75,79,1.97,False,False,2,38.54,2185.59
10,42.75,66,1.4,False,False,2,21.17,2162.97
11,42.75,73,0.65,False,False,2,52.08,2109.51
12,42.75,76,1.3,False,False,2,98.31,2009.47
13,42.75,86,1.21,False,False,2,39.29,1969.33
14,42.75,105,1.65,False,False,2,47.97,1919.32
15,42.75,110,1.82,False,False,2,127.29,1789.79
16,42.75,78,1.36,False,False,2,138.49,1650.38
17,42.75,80,0.85,False,False,2,101.68,1546.57
18,42.75,76,0.54,False,False,2,83.2,1461.69
19,42.75,131,1.05,False,False,2,77.8,1383.22
20,42.75,92,1.3,False,False,2,98.63,1283.86
21,42.75,79,0.51,False,False,2,132.94,1149.88
22,42.75,62,0.97,False,False,2,73.35,1074.87
1,43.12,68,0.64,False,False,2,73.71,0.02
2,43.12,82,0.98,False,False,2,129.79,2656.62
3,43.12,98,1.05,False,False,2,103.06,2552.24
4,43.12,116,1.23,False,False,2,52.32,2499.31
5,43.12,62,0.95,False,False,2,98.0,2400.28
6,43.12,100,1.62,False,False,2,30.72,2368.58
7,43.12,70,1.26,False,False,2,31.2,2336.46
8,43.12,108,1.03,False,False,2,118.18,2216.07
9,43.12,79,1.85,False,False,2,73.49,2141.99
10,43.12,65,1.07,False,False,2,47.45,2093.69
11,43.12,71,0.52,False,False,2,59.1,2033.34
12,43.12,73,1.8,False,False,2,73.33,1958.54
13,43.12,86,1.72,False,False,2,146.43,1811.28
14,43.12,106,1.48,False,False,2,96.12,1713.0
15,43.12,110,1.02,False,False,2,26.77,1684.42
16,43.12,78,0.92,False,False,2,21.05,1662.9
17,43.12,77,1.3,False,False,2,63.36,1599.01
18,43.12,75,0.61,False,False,2,127.56,1470.41
19,43.12,133,0.76,False,False,2,123.46,1345.92
20,43.12,89,1.07,False,False,2,128.02,1216.29
21,43.12,77,1.92,False,False,2,22.93,1192.51
22,43.12,61,1.41,False,False,2,69.21,1122.47
1,43.5,71,1.3,False,False,2,121.06,0.02
2,43.5,85,1.42,False,False,2,125.56,1906.85
3,43.5,95,1.95,False,False,2,76.04,1829.77
4,43.5,113,1.65,False,False,2,61.93,1766.78
5,43.5,60,1.56,False,False,2,124.68,1641.08
6,43.5,100,1.5,False,False,2,119.0,1521.01
7,43.5,69,1.68,False,False,2,80.65,1439.49
8,43.5,109,1.65,False,False,2,135.55,1302.35
9,43.5,80,1.74,False,False,2,104.22,1197.27
10,43.5,63,0.93,False,False,2,113.53,1081.25
11,43.5,69,1.05,False,False,2,112.64,967.71
12,43.5,73,1.4,False,False,2,115.0,850.25
13,43.5,86,1.65,False,False,2,81.72,767.56
14,43.5,107,1.04,False,False,2,112.99,652.44
15,43.5,111,1.21,False,False,2,25.77,624.81
16,43.5,81,1.67,False,False,2,43.87,579.2
17,43.5,80,0.53,False,False,2,69.86,508.68
18,43.5,74,1.87,False,False,2,101.52,406.48
19,43.5,134,1.85,False,False,2,127.32,278.16
20,43.5,91,0.61,False,False,2,140.31,136.7
21,43.5,78,1.31,False,False,2,29.87,105.91
22,43.5,62,1.45,False,False,2,105.3,0.02
1,43.88,71,1.37,False,False,2,34.7,1001.13
2,43.88,88,0.74,False,False,2,40.8,958.89
3,43.88,94,1.23,False,False,2,42.59,913.9
4,43.88,113,1.63,False,False,2,111.74,801.25
5,43.88,60,1.07,False,False,2,47.9,752.03
6,43.88,101,0.6,False,False,2,67.91,682.92
7,43.88,67,1.52,False,False,2,137.94,544.05
8,43.88,110,1.82,False,False,2,144.1,399.28
9,43.88,82,0.9,False,False,2,91.56,306.75
10,43.88,60,1.23,False,False,2,72.92,232.99
11,43.88,69,1.97,False,False,2,62.13,169.09
12,43.88,74,1.49,False,False,2,37.03,131.29
13,43.88,88,0.68,False,False,2,89.99,38.79
14,43.88,107,0.55,False,False,2,36.54,0.01
15,43.88,113,1.8,False,False,2,83.09,1955.73
16,43.88,82,1.67,False,False,2,22.11,1931.69
17,43.88,83,1.82,False,False,2,30.51,1900.24
18,43.88,75,1.89,False,False,2,67.15,1832.28
19,43.88,135,0.7,False,False,2,76.02,1754.43
20,43.88,94,0.54,False,False,2,62.36,1691.09
21,43.88,79,0.83,False,False,2,141.71,1547.05
22,43.88,64,1.92,False,False,2,53.47,1492.84
1,44.25,72,1.82,False,False,2,118.93,372.16
2,44.25,91,1.57,False,False,2,44.91,324.93
3,44.25,97,1.51,False,False,2,63.6,259.25
4,44.25,110,0.81,False,False,2,23.61,235.06
5,44.25,60,1.06,False,False,2,117.11,117.35
6,44.25,100,0.51,False,False,2,116.35,0.02
7,44.25,69,1.89,False,False,2,128.77,2297.65
8,44.25,108,1.28,False,False,2,77.07,2219.82
9,44.25,80,0.74,False,False,2,50.8,2168.53
10,44.25,60,0.52,False,False,2,84.37,2083.44
11,44.25,69,0.87,False,False,2,36.39,2046.41
12,44.25,72,1.75,False,False,2,95.31,1950.39
13,44.25,88,1.83,False,False,2,39.64,1910.14
14,44.25,104,1.82,False,False,2,113.56,1795.69
15,44.25,114,0.71,False,False,2,82.36,1712.56
16,44.25,83,1.07,False,False,2,79.46,1631.49
17,44.25,80,1.29,False,False,2,128.12,1502.83
18,44.25,76,1.12,False,False,2,110.34,1391.75
19,44.25,136,1.89,False,False,2,131.44,1257.34
20,44.25,95,1.69,False,False,2,48.04,1208.61
21,44.25,77,0.98,False,False,2,37.38,1170.56
22,44.25,63,1.36,False,False,2,61.49,1106.82
1,44.62,69,1.26,False,False,2,105.9,0.02
2,44.62,94,0.83,False,False,2,138.34,1868.13
3,44.62,96,1.46,False,False,2,90.12,1777.33
4,44.62,109,1.91,False,False,2,78.96,1697.35
5,44.62,61,1.86,False,False,2,95.34,1601.28
6,44.62,100,1.28,False,False,2,35.18,1563.6
7,44.62,69,1.79,False,False,2,22.37,1539.81
8,44.62,107,0.56,False,False,2,98.76,1439.97
9,44.62,77,1.04,False,False,2,114.23,1324.22
10,44.62,60,1.64,False,False,2,94.92,1227.57
11,44.62,70,1.26,False,False,2,147.37,1079.54
12,44.62,70,1.81,False,False,2,114.79,963.45
13,44.62,85,0.58,False,False,2,59.05,903.35
14,44.62,105,1.3,False,False,2,148.26,754.1
15,44.62,113,1.44,False,False,2,71.06,682.33
16,44.62,82,0.84,False,False,2,83.84,597.93
17,44.62,79,1.32,False,False,2,100.7,496.36
18,44.62,79,1.58,False,False,2,105.52,390.12
19,44.62,137,1.65,False,False,2,130.33,259.1
20,44.62,95,1.77,False,False,2,122.95,135.23
21,44.62,75,1.3,False,False,2,83.69,50.65
22,44.62,63,1.19,False,False,2,49.69,0.02
1,45.0,67,1.31,False,False,2,141.31,870.32
2,45.0,92,1.79,False,False,2,113.46,755.87
3,45.0,96,0.92,False,False,2,129.74,625.36
4,45.0,111,0.96,False,False,2,143.19,481.3
5,45.0,61,1.84,False,False,2,45.36,434.83
6,45.0,103,1.94,False,False,2,113.44,320.75
7,45.0,70,0.6,False,False,2,22.71,297.48
8,45.0,106,1.6,False,False,2,124.96,171.56
9,45.0,76,1.09,False,False,2,43.5,127.1
10,45.0,60,1.02,False,False,2,30.98,95.22
11,45.0,69,1.77,False,False,2,92.29,0.02
12,45.0,71,1.43,False,False,2,26.06,2003.02
13,45.0,84,0.55,False,False,2,133.31,1868.89
14,45.0,106,1.71,False,False,2,58.91,1809.15
15,45.0,116,1.91,False,False,2,65.13,1743.17
16,45.0,83,1.73,False,False,2,47.74,1694.54
17,45.0,78,1.09,False,False,2,24.62,1668.81
18,45.0,82,0.83,False,False,2,79.15,1588.78
19,45.0,139,0.65,False,False,2,78.59,1509.14
20,45.0,96,1.0,False,False,2,136.79,1371.51
21,45.0,76,1.08,False,False,2,143.04,1227.49
22,45.0,61,1.27,False,False,2,77.62,1149.08
1,45.38,67,1.94,False,False,2,147.73,0.01
2,45.38,93,1.87,False,False,2,31.7,2907.25
3,45.38,97,0.82,False,False,2,143.81,2762.89
4,45.38,113,0.77,False,False,2,32.53,2729.34
5,45.38,60,1.93,False,False,2,88.46,2640.06
6,45.38,102,1.18,False,False,2,94.17,2544.9
7,45.38,70,0.95,False,False,2,114.76,2429.24
8,45.38,109,1.92,False,False,2,78.05,2349.61
9,45.38,77,0.57,False,False,2,106.95,2241.82
10,45.38,60,0.93,False,False,2,119.95,2121.1
12,45.38,69,1.86,False,False,2,126.56,1992.94
13,45.38,81,0.96,False,False,2,68.81,1923.36
14,45.38,106,1.83,False,False,2,121.59,1801.15
15,45.38,119,0.75,False,False,2,109.26,1691.13
16,45.38,81,1.37,False,False,2,61.99,1628.2
17,45.38,79,0.89,False,False,2,53.94,1573.37
18,45.38,83,1.62,False,False,2,99.19,1473.32
19,45.38,141,1.99,False,False,2,115.59,1356.7
20,45.38,95,0.97,False,False,2,56.26,1299.45
21,45.38,76,1.97,False,False,2,36.22,1262.37
22,45.38,60,0.56,False,False,2,119.27,1142.31
1,45.75,69,0.75,False,False,2,141.24,0.02
2,45.75,90,0.58,False,False,2,129.55,2749.75
3,45.75,100,0.64,False,False,2,86.34,2662.82
4,45.75,113,1.91,False,False,2,144.87,2516.98
5,45.75,62,1.62,False,False,2,76.78,2439.48
6,45.75,101,1.69,False,False,2,137.5,2300.81
7,45.75,69,0.66,False,False,2,27.69,2272.62
8,45.75,111,0.98,False,False,2,25.6,2246.2
9,45.75,76,1.37,False,False,2,24.23,2220.96
10,45.75,60,1.69,False,False,2,39.66,2180.22
11,45.75,73,0.74,False,False,2,107.04,2072.18
12,45.75,72,0.62,False,False,2,142.99,1928.48
13,45.75,81,1.04,False,False,2,82.71,1845.09
14,45.75,103,1.13,False,False,2,83.2,1760.78
15,45.75,116,0.76,False,False,2,89.05,1670.78
16,45.75,80,1.51,False,False,2,51.35,1618.23
17,45.75,76,1.36,False,False,2,126.93,1490.57
18,45.75,86,1.32,False,False,2,111.29,1378.64
19,45.75,141,1.5,False,False,2,82.55,1295.04
20,45.75,92,1.0,False,False,2,102.04,1190.63
21,45.75,74,0.93,False,False,2,124.64,1065.0
22,45.75,60,0.7,False,False,2,32.67,1031.58
1,46.12,70,1.13,False,False,2,30.29,0.01
2,46.12,91,1.4,False,False,2,122.77,2870.9
3,46.12,103,1.23,False,False,2,68.97,2800.54
4,46.12,115,0.64,False,False,2,72.92,2726.69
5,46.12,63,1.76,False,False,2,95.45,2629.85
6,46.12,101,1.69,False,False,2,129.5,2499.32
7,46.12,72,1.07,False,False,2,93.42,2405.31
8,46.12,109,0.98,False,False,2,106.33,2298.29
9,46.12,74,1.01,False,False,2,40.68,2256.72
10,46.12,63,1.29,False,False,2,142.24,2113.75
11,46.12,70,0.89,False,False,2,110.42,2000.98
12,46.12,71,0.81,False,False,2,64.85,1935.55
13,46.12,82,1.52,False,False,2,82.07,1852.63
14,46.12,102,0.52,False,False,2,130.94,1720.12
15,46.12,118,0.75,False,False,2,33.56,1685.49
16,46.12,79,1.85,False,False,2,141.72,1543.13
17,46.12,76,0.79,False,False,2,20.74,1521.44
18,46.12,84,0.87,False,False,2,48.95,1471.59
19,46.12,142,1.32,False,False,2,85.84,1384.99
20,46.12,91,1.3,False,False,2,135.77,1247.75
21,46.12,71,0.8,False,False,2,22.37,1224.32
22,46.12,61,1.21,False,False,2,143.78,1079.62
1,46.5,72,1.07,False,False,2,78.11,0.02
2,46.5,92,0.68,False,False,2,128.02,1899.79
3,46.5,102,1.36,False,False,2,61.45,1836.6
4,46.5,114,1.02,False,False,2,63.94,1771.72
5,46.5,64,1.98,False,False,2,61.13,1709.28
6,46.5,98,1.02,False,False,2,69.33,1638.63
7,46.5,70,0.61,False,False,2,134.24,1503.66
8,46.5,110,0.55,False,False,2,71.2,1431.77
9,46.5,72,0.72,False,False,2,98.94,1332.08
10,46.5,63,0.63,False,False,2,30.89,1299.29
11,46.5,69,1.84,False,False,2,80.87,1217.77
12,46.5,71,1.52,False,False,2,128.37,1088.11
13,46.5,81,1.28,False,False,2,94.17,993.14
14,46.5,101,1.06,False,False,2,113.19,878.56
15,46.5,116,0.74,False,False,2,103.32,774.46
16,46.5,78,1.67,False,False,2,132.39,640.99
17,46.5,79,0.53,False,False,2,141.07,499.09
18,46.5,81,1.65,False,False,2,130.23,367.0
19,46.5,139,1.45,False,False,2,137.17,229.31
20,46.5,90,1.16,False,False,2,91.95,135.65
21,46.5,72,1.84,False,False,2,134.98,0.02
22,46.5,60,1.12,False,False,2,26.78,2061.37
1,46.88,71,1.12,False,False,2,95.22,964.71
2,46.88,91,1.89,False,False,2,97.39,866.22
3,46.88,99,1.87,False,False,2,108.77,756.62
5,46.88,63,1.28,False,False,2,140.89,612.75
6,46.88,97,0.91,False,False,2,37.36,574.55
7,46.88,67,0.55,False,False,2,77.59,494.93
8,46.88,107,1.93,False,False,2,63.69,429.95
9,46.88,70,0.64,False,False,2,112.03,317.37
10,46.88,65,1.48,False,False,2,35.0,281.64
11,46.88,66,1.56,False,False,2,53.91,225.79
12,46.88,72,1.68,False,False,2,42.55,182.43
13,46.88,78,1.83,False,False,2,41.99,139.66
14,46.88,101,0.53,False,False,2,138.8,0.01
15,46.88,113,1.98,False,False,2,29.42,1981.11
16,46.88,77,1.52,False,False,2,93.06,1885.72
17,46.88,76,1.93,False,False,2,21.18,1862.16
18,46.88,80,0.62,False,False,2,48.56,1811.46
19,46.88,136,1.56,False,False,2,44.49,1763.89
20,46.88,90,1.76,False,False,2,108.88,1654.0
21,46.88,70,0.69,False,False,2,66.22,1586.2
22,46.88,63,0.66,False,False,2,22.43,1562.78
1,47.25,71,1.33,False,False,2,57.78,503.78
2,47.25,92,1.16,False,False,2,64.23,438.59
3,47.25,99,0.85,False,False,2,105.32,332.63
4,47.25,116,0.91,False,False,2,131.13,200.6
5,47.25,63,1.93,False,False,2,129.61,70.12
6,47.25,96,1.98,False,False,2,26.17,42.85
7,47.25,69,0.59,False,False,2,41.56,0.02
8,47.25,108,1.89,False,False,2,36.18,2238.14
9,47.25,69,1.02,False,False,2,112.32,2125.04
10,47.25,62,1.58,False,False,2,110.48,2012.79
11,47.25,65,0.83,False,False,2,63.5,1948.73
12,47.25,70,1.56,False,False,2,68.73,1878.69
13,47.25,81,1.17,False,False,2,41.61,1835.93
14,47.25,104,1.5,False,False,2,34.49,1799.44
15,47.25,114,1.22,False,False,2,127.6,1670.67
16,47.25,77,1.02,False,False,2,140.54,1527.49
17,47.25,78,1.3,False,False,2,50.49,1476.22
18,47.25,79,1.75,False,False,2,84.32,1390.94
19,47.25,136,1.69,False,False,2,125.55,1264.42
20,47.25,87,1.16,False,False,2,34.49,1228.75
21,47.25,68,1.78,False,False,2,33.78,1194.55
22,47.25,62,0.88,False,False,2,81.8,1111.89
1,47.62,73,2.0,False,False,2,110.06,0.01
2,47.62,95,0.75,False,False,2,147.55,2921.58
3,47.62,96,0.88,False,False,2,126.47,2793.81
4,47.62,113,0.59,False,False,2,38.35,2754.69
5,47.62,61,1.19,False,False,2,75.2,2678.14
6,47.62,97,0.75,False,False,2,139.93,2535.56
7,47.62,66,1.26,False,False,2,75.06,2459.17
8,47.62,110,0.58,False,False,2,127.8,2329.9
9,47.62,66,1.67,False,False,2,43.56,2284.48
10,47.62,62,1.43,False,False,2,129.22,2154.5
11,47.62,64,1.58,False,False,2,26.28,2127.31
12,47.62,67,1.28,False,False,2,129.63,1995.51
13,47.62,80,0.78,False,False,2,43.96,1950.5
14,47.62,107,0.92,False,False,2,80.43,1869.5
15,47.62,113,1.15,False,False,2,114.34,1753.1
16,47.62,74,0.99,False,False,2,35.62,1715.66
17,47.62,77,0.73,False,False,2,138.57,1576.17
18,47.62,81,0.9,False,False,2,87.08,1488.32
19,47.62,139,1.27,False,False,2,60.71,1426.43
20,47.62,85,1.34,False,False,2,88.66,1336.17
21,47.62,70,1.74,False,False,2,126.11,1209.51
22,47.62,65,1.21,False,False,2,131.5,1077.29
1,48.0,73,1.98,False,False,2,75.59,0.01
2,48.0,96,1.12,False,False,2,34.72,2805.66
3,48.0,98,1.97,False,False,2,20.13,2784.45
4,48.0,115,0.86,False,False,2,92.99,2690.8
5,48.0,62,1.72,False,False,2,121.43,2568.21
6,48.0,98,1.48,False,False,2,131.93,2435.46
7,48.0,67,1.47,False,False,2,71.15,2363.55
8,48.0,112,0.87,False,False,2,56.55,2306.0
9,48.0,65,0.63,False,False,2,99.77,2205.35
10,48.0,65,1.05,False,False,2,32.55,2171.54
11,48.0,61,0.98,False,False,2,94.26,2075.19
12,48.0,68,0.65,False,False,2,74.25,2000.12
13,48.0,77,1.11,False,False,2,76.65,1922.08
14,48.0,105,1.75,False,False,2,77.89,1842.22
15,48.0,115,0.55,False,False,2,141.64,1698.5
16,48.0,73,1.75,False,False,2,72.83,1625.02
17,48.0,79,1.36,False,False,2,125.15,1499.25
18,48.0,78,1.64,False,False,2,63.35,1434.99
19,48.0,140,1.26,False,False,2,88.69,1345.4
20,48.0,82,1.49,False,False,2,95.44,1249.13
21,48.0,68,0.84,False,False,2,140.58,1107.71
22,48.0,67,1.71,False,False,2,49.29,1056.3
1,48.38,72,0.88,False,False,2,55.27,0.01
2,48.38,94,1.95,False,False,2,93.88,2925.22
3,48.38,101,1.45,False,False,2,92.16,2830.69
4,48.38,113,1.95,False,False,2,23.61,2806.19
5,48.38,60,1.0,False,False,2,43.28,2762.05
6,48.38,95,0.53,False,False,2,125.02,2636.38
7,48.38,66,0.61,False,False,2,94.78,2540.48
8,48.38,112,1.18,False,False,2,101.43,2438.35
9,48.38,67,0.98,False,False,2,111.46,2325.79
10,48.38,68,1.77,False,False,2,37.57,2286.55
11,48.38,63,1.56,False,False,2,131.58,2153.94
12,48.38,66,1.95,False,False,2,104.31,2047.86
13,48.38,79,1.31,False,False,2,78.47,1968.02
14,48.38,106,1.61,False,False,2,149.97,1817.28
15,48.38,116,1.03,False,False,2,54.29,1762.21
16,48.38,75,1.57,False,False,2,61.41,1699.9
17,48.38,76,0.76,False,False,2,78.18,1621.09
18,48.38,78,1.83,False,False,2,84.33,1536.02
19,48.38,142,0.98,False,False,2,122.7,1411.39
20,48.38,79,1.96,False,False,2,129.2,1280.22
21,48.38,65,1.29,False,False,2,119.29,1160.13
22,48.38,69,1.25,False,False,2,36.29,1122.94
1,48.75,71,1.77,False,False,2,121.94,0.01
2,48.75,95,1.09,False,False,2,63.14,2540.46
3,48.75,99,1.59,False,False,2,39.9,2499.74
4,48.75,116,1.94,False,False,2,137.79,2360.98
5,48.75,62,1.17,False,False,2,51.41,2308.78
6,48.75,95,0.57,False,False,2,103.2,2204.65
7,48.75,67,0.7,False,False,2,28.59,2175.02
8,48.75,113,1.68,False,False,2,128.18,2045.08
9,48.75,68,1.91,False,False,2,32.42,2012.08
10,48.75,68,0.52,False,False,2,43.91,1967.01
11,48.75,64,1.53,False,False,2,120.04,1845.92
12,48.75,64,1.21,False,False,2,22.69,1820.88
13,48.75,80,0.73,False,False,2,107.38,1712.97
14,48.75,106,1.34,False,False,2,129.82,1582.2
15,48.75,116,1.42,False,False,2,43.77,1536.44
16,48.75,73,1.2,False,False,2,94.83,1439.85
17,48.75,74,0.65,False,False,2,29.85,1409.18
18,48.75,79,1.24,False,False,2,76.82,1331.35
19,48.75,142,1.47,False,False,2,82.68,1247.6
20,48.75,76,0.92,False,False,2,44.8,1201.86
21,48.75,65,1.51,False,False,2,101.19,1100.02
22,48.75,70,0.76,False,False,2,32.96,1064.77
1,49.12,70,1.07,False,False,2,63.11,0.02
2,49.12,93,0.98,False,False,2,60.5,2961.76
3,49.12,101,1.55,False,False,2,148.93,2810.66
4,49.12,114,0.67,False,False,2,39.35,2769.95
5,49.12,60,1.78,False,False,2,89.93,2678.25
6,49.12,94,1.42,False,False,2,45.76,2631.69
7,49.12,70,1.43,False,False,2,31.95,2597.83
8,49.12,115,0.6,False,False,2,98.61,2490.83
9,49.12,65,1.87,False,False,2,75.09,2414.59
10,49.12,66,0.96,False,False,2,29.13,2384.49
11,49.12,61,0.83,False,False,2,73.99,2309.78
12,49.12,64,1.78,False,False,2,89.8,2218.05
13,49.12,77,1.96,False,False,2,144.3,2071.23
14,49.12,108,0.68,False,False,2,132.3,1937.18
15,49.12,115,1.81,False,False,2,86.14,1850.25
16,49.12,72,1.27,False,False,2,134.98,1714.16
17,49.12,77,0.51,False,False,2,94.78,1616.9
18,49.12,81,1.52,False,False,2,82.9,1533.03
19,49.12,142,1.45,False,False,2,102.98,1427.45
20,49.12,78,1.18,False,False,2,131.1,1295.6
21,49.12,68,0.84,False,False,2,107.98,1186.96
22,49.12,71,1.94,False,False,2,45.82,1140.3
1,49.5,71,0.91,False,False,2,138.9,0.02
2,49.5,96,1.95,False,False,2,122.14,2769.74
3,49.5,98,1.57,False,False,2,35.6,2733.05
4,49.5,112,0.84,False,False,2,79.53,2652.86
5,49.5,60,0.82,False,False,2,22.63,2629.46
6,49.5,97,0.63,False,False,2,94.45,2533.77
7,49.5,70,0.84,False,False,2,40.0,2491.5
8,49.5,118,1.47,False,False,2,51.12,2439.3
9,49.5,63,0.62,False,False,2,24.8,2413.68
10,49.5,63,0.53,False,False,2,98.74,2313.85
11,49.5,61,0.73,False,False,2,128.31,2184.17
12,49.5,64,0.85,False,False,2,122.98,2058.58
13,49.5,76,0.55,False,False,2,140.68,1917.0
14,49.5,110,1.81,False,False,2,56.02,1858.83
15,49.5,114,0.95,False,False,2,140.83,1717.03
16,49.5,70,1.05,False,False,2,93.19,1621.99
17,49.5,77,0.9,False,False,2,138.33,1482.64
18,49.5,83,1.69,False,False,2,54.17,1427.62
19,49.5,143,1.69,False,False,2,35.99,1390.83
20,49.5,76,0.74,False,False,2,113.06,1275.91
21,49.5,69,1.04,False,False,2,138.44,1136.52
22,49.5,70,1.02,False,False,2,35.09,1100.75
1,49.88,71,1.54,False,False,2,97.73,0.01
2,49.88,99,1.35,False,False,2,109.82,2924.79
3,49.88,97,1.68,False,False,2,145.36,2777.71
4,49.88,111,1.33,False,False,2,143.93,2632.93
5,49.88,60,1.12,False,False,2,64.63,2567.69
6,49.88,96,1.39,False,False,2,113.16,2453.87
7,49.88,73,1.92,False,False,2,122.67,2330.51
8,49.88,119,1.97,False,False,2,111.18,2218.13
9,49.88,60,1.58,False,False,2,38.3,2178.89
10,49.88,64,0.93,False,False,2,108.21,2069.95
11,49.88,60,1.17,False,False,2,57.86,2010.26
12,49.88,63,1.24,False,False,2,68.82,1940.52
13,49.88,76,0.67,False,False,2,86.56,1853.25
14,49.88,112,0.73,False,False,2,149.24,1703.13
15,49.88,111,0.95,False,False,2,41.05,1661.54
16,49.88,69,1.03,False,False,2,78.36,1582.53
17,49.88,80,1.68,False,False,2,32.49,1547.34
18,49.88,83,1.28,False,False,2,74.5,1470.94
19,49.88,144,0.87,False,False,2,116.55,1353.72
20,49.88,76,0.57,False,False,2,24.56,1328.47
21,49.88,70,1.86,False,False,2,144.09,1181.89
22,49.88,70,0.99,False,False,2,72.71,1107.34
1,50.25,68,1.19,False,False,2,105.87,0.02
2,50.25,99,0.71,False,False,2,52.89,2510.31
3,50.25,97,1.19,False,False,2,141.33,2367.73
4,50.25,114,1.78,False,False,2,95.99,2270.92
5,50.25,61,1.36,False,False,2,51.18,2216.76
6,50.25,97,1.61,False,False,2,30.2,2186.04
7,50.25,75,0.86,False,False,2,64.57,2119.5
8,50.25,117,0.67,False,False,2,123.4,1995.24
9,50.25,60,0.92,False,False,2,70.79,1922.95
10,50.25,66,1.07,False,False,2,45.68,1876.49
11,50.25,60,1.34,False,False,2,48.54,1825.85
12,50.25,63,1.3,False,False,2,82.64,1742.08
13,50.25,76,1.91,False,False,2,61.43,1679.54
14,50.25,114,0.58,False,False,2,60.18,1618.54
15,50.25,111,1.49,False,False,2,120.36,1497.19
16,50.25,68,0.93,False,False,2,87.78,1406.88
17,50.25,83,1.21,False,False,2,42.45,1363.89
18,50.25,81,0.5,False,False,2,44.34,1318.91
19,50.25,147,1.89,False,False,2,59.38,1258.61
20,50.25,73,0.86,False,False,2,26.51,1229.54
21,50.25,70,1.91,False,False,2,33.75,1194.99
22,50.25,69,1.65,False,False,2,65.23,1128.71
1,50.62,65,1.68,False,False,2,127.55,0.01
2,50.62,98,1.05,False,False,2,120.51,2570.84
3,50.62,99,0.99,False,False,2,80.48,2488.94
4,50.62,116,0.55,False,False,2,67.67,2420.64
5,50.62,60,1.12,False,False,2,38.25,2381.61
6,50.62,95,1.03,False,False,2,58.75,2321.62
7,50.62,78,0.71,False,False,2,41.47,2279.19
8,50.62,117,1.33,False,False,2,60.76,2217.81
9,50.62,61,1.76,False,False,2,81.06,2135.86
10,50.62,68,1.27,False,False,2,107.36,2026.25
11,50.62,60,1.57,False,False,2,102.85,1922.8
12,50.62,64,0.79,False,False,2,99.47,1821.18
13,50.62,75,1.5,False,False,2,28.52,1791.47
14,50.62,113,1.42,False,False,2,96.7,1692.59
15,50.62,113,1.29,False,False,2,31.38,1659.11
16,50.62,68,1.68,False,False,2,100.6,1558.07
17,50.62,82,1.97,False,False,2,92.57,1463.39
18,50.62,79,1.09,False,False,2,75.59,1387.08
19,50.62,146,1.92,False,False,2,47.8,1338.76
20,50.62,74,0.72,False,False,2,47.94,1289.94
21,50.62,69,1.97,False,False,2,66.54,1222.38
22,50.62,66,1.22,False,False,2,112.4,1108.2
1,51.0,66,1.29,False,False,2,107.17,0.02
2,51.0,101,1.77,False,False,2,122.16,2526.99
3,51.0,97,2.0,False,False,2,143.57,2382.45
4,51.0,115,1.73,False,False,2,90.43,2290.82
5,51.0,61,0.74,False,False,2,100.13,2188.66
6,51.0,95,0.99,False,False,2,78.55,2107.67
7,51.0,81,0.55,False,False,2,124.81,1982.05
8,51.0,117,1.8,False,False,2,59.24,1921.54
9,51.0,60,1.87,False,False,2,77.05,1843.6
10,51.0,69,1.9,False,False,2,30.24,1810.37
11,51.0,61,1.75,False,False,2,33.33,1776.06
12,51.0,62,0.66,False,False,2,28.7,1746.41
13,51.0,75,1.08,False,False,2,22.24,1723.35
14,51.0,110,1.82,False,False,2,47.55,1673.79
15,51.0,111,1.05,False,False,2,24.34,1646.21
16,51.0,68,1.0,False,False,2,51.12,1594.37
17,51.0,82,0.72,False,False,2,133.82,1459.78
18,51.0,80,1.45,False,False,2,37.81,1419.53
19,51.0,149,1.26,False,False,2,132.25,1285.39
20,51.0,72,1.83,False,False,2,68.96,1214.2
21,51.0,72,0.85,False,False,2,40.08,1172.62
22,51.0,68,0.56,False,False,2,26.53,1145.15
1,51.38,69,1.7,False,False,2,143.37,0.02
2,51.38,98,0.86,False,False,2,141.38,2905.51
3,51.38,97,1.25,False,False,2,90.62,2814.33
4,51.38,117,1.72,False,False,2,89.76,2722.42
5,51.38,64,1.49,False,False,2,124.64,2595.72
6,51.38,92,1.98,False,False,2,105.35,2488.88
7,51.38,84,0.61,False,False,2,85.73,2401.79
8,51.38,117,1.78,False,False,2,140.85,2259.32
9,51.38,62,1.53,False,False,2,81.15,2176.04
10,51.38,70,0.97,False,False,2,72.59,2102.61
11,51.38,60,0.68,False,False,2,136.84,1964.96
12,51.38,62,1.36,False,False,2,105.22,1858.83
13,51.38,72,0.8,False,False,2,27.8,1830.35
14,51.38,109,0.89,False,False,2,138.85,1689.27
15,51.38,114,1.04,False,False,2,100.28,1588.34
17,51.38,79,1.33,False,False,2,73.68,1513.39
18,51.38,82,1.68,False,False,2,123.04,1389.56
19,51.38,152,1.69,False,False,2,36.6,1350.61
20,51.38,71,1.39,False,False,2,61.19,1288.49
21,51.38,69,0.88,False,False,2,111.47,1174.62
22,51.38,66,1.6,False,False,2,111.19,1062.54
1,51.75,69,0.9,False,False,2,61.7,0.01
2,51.75,99,1.96,False,False,2,95.42,2733.82
3,51.75,98,1.25,False,False,2,98.76,2633.21
4,51.75,116,0.84,False,False,2,44.84,2587.86
5,51.75,66,1.68,False,False,2,30.82,2555.8
6,51.75,89,1.13,False,False,2,58.97,2496.23
7,51.75,81,1.79,False,False,2,34.58,2460.78
8,51.75,116,1.09,False,False,2,129.68,2330.39
9,51.75,63,1.99,False,False,2,71.16,2256.9
10,51.75,73,0.81,False,False,2,138.31,2118.04
11,51.75,62,1.75,False,False,2,84.21,2032.83
12,51.75,65,1.19,False,False,2,89.77,1942.17
13,51.75,73,1.1,False,False,2,77.96,1863.63
14,51.75,110,1.42,False,False,2,37.69,1823.45
15,51.75,112,1.9,False,False,2,106.66,1716.04
16,51.75,66,1.81,False,False,2,91.94,1622.82
17,51.75,80,0.85,False,False,2,93.62,1528.36
18,51.75,85,1.25,False,False,2,99.01,1427.25
19,51.75,154,0.54,False,False,2,23.0,1403.43
20,51.75,73,1.1,False,False,2,96.75,1305.76
21,51.75,66,0.53,False,False,2,138.17,1166.95
22,51.75,63,0.56,False,False,2,117.72,1048.1
1,52.12,71,1.14,False,False,2,45.8,0.02
2,52.12,99,1.81,False,False,2,124.8,2668.26
3,52.12,95,1.21,False,False,2,21.49,2645.96
4,52.12,119,1.76,False,False,2,29.08,2616.46
5,52.12,64,1.51,False,False,2,93.79,2521.39
6,52.12,91,1.17,False,False,2,98.19,2422.3
7,52.12,78,1.96,False,False,2,28.34,2393.31
8,52.12,115,0.59,False,False,2,66.32,2324.8
9,52.12,62,1.29,False,False,2,135.04,2188.24
10,52.12,73,1.56,False,False,2,21.86,2165.94
11,52.12,63,1.2,False,False,2,38.42,2126.35
12,52.12,64,1.21,False,False,2,146.96,1978.34
13,52.12,72,1.78,False,False,2,36.72,1940.58
14,52.12,113,1.88,False,False,2,109.22,1830.56
15,52.12,113,0.71,False,False,2,39.32,1788.97
16,52.12,66,1.05,False,False,2,145.59,1642.43
17,52.12,80,1.93,False,False,2,128.76,1512.85
18,52.12,84,1.0,False,False,2,107.75,1402.93
19,52.12,152,1.35,False,False,2,59.3,1342.76
20,52.12,71,0.68,False,False,2,67.89,1274.43
21,52.12,65,1.2,False,False,2,38.1,1234.04
22,52.12,60,1.47,False,False,2,94.08,1139.0
1,52.5,74,1.36,False,False,2,137.33,0.01
2,52.5,102,1.35,False,False,2,77.79,2588.96
3,52.5,95,0.89,False,False,2,128.27,2459.89
4,52.5,121,1.42,False,False,2,136.0,2322.27
5,52.5,66,1.26,False,False,2,94.23,2227.18
6,52.5,92,1.46,False,False,2,52.03,2173.73
7,52.5,78,1.56,False,False,2,66.44,2106.8
8,52.5,112,1.93,False,False,2,138.58,1967.57
9,52.5,60,1.05,False,False,2,94.03,1871.2
10,52.5,74,1.78,False,False,2,117.25,1753.3
11,52.5,65,1.49,False,False,2,41.6,1709.96
12,52.5,62,0.72,False,False,2,49.36,1659.8
13,52.5,69,0.77,False,False,2,53.36,1605.32
14,52.5,111,1.53,False,False,2,61.16,1543.39
15,52.5,110,1.38,False,False,2,39.62,1501.89
16,52.5,69,1.78,False,False,2,21.0,1479.99
17,52.5,77,0.58,False,False,2,99.18,1380.01
18,52.5,83,1.64,False,False,2,40.89,1338.15
19,52.5,149,1.51,False,False,2,65.26,1272.35
20,52.5,69,1.72,False,False,2,87.64,1183.79
21,52.5,65,1.43,False,False,2,51.68,1131.41
22,52.5,62,1.68,False,False,2,39.4,1091.28
1,52.88,77,1.94,False,False,2,87.84,0.01
2,52.88,105,1.48,False,False,2,20.46,2918.84
3,52.88,93,0.94,False,False,2,29.61,2888.51
4,52.88,123,1.2,False,False,2,35.94,2851.36
5,52.88,67,1.69,False,False,2,126.06,2723.22
6,52.88,93,1.53,False,False,2,42.08,2679.83
7,52.88,81,1.56,False,False,2,79.93,2598.39
8,52.88,111,0.85,False,False,2,138.75,2458.34
9,52.88,60,1.32,False,False,2,99.93,2356.38
10,52.88,73,0.51,False,False,2,135.42,2220.46
11,52.88,62,1.93,False,False,2,97.22,2120.69
12,52.88,63,0.55,False,False,2,123.5,1996.62
13,52.88,72,0.95,False,False,2,82.18,1914.09
14,52.88,113,1.53,False,False,2,135.9,1776.0
15,52.88,107,1.58,False,False,2,112.17,1663.39
16,52.88,72,0.76,False,False,2,54.67,1608.06
17,52.88,77,1.38,False,False,2,134.81,1472.5
18,52.88,84,1.53,False,False,2,60.36,1410.84
19,52.88,151,1.3,False,False,2,32.93,1376.71
20,52.88,66,1.47,False,False,2,124.45,1251.65
21,52.88,64,1.74,False,False,2,43.77,1207.14
22,52.88,64,1.23,False,False,2,110.55,1094.53
1,53.25,74,1.99,False,False,2,92.79,0.02
2,53.25,107,0.75,False,False,2,75.21,2889.58
3,53.25,92,0.57,False,False,2,100.89,2788.05
4,53.25,126,1.09,False,False,2,63.7,2723.41
5,53.25,64,1.62,False,False,2,134.05,2588.32
6,53.25,94,1.19,False,False,2,60.33,2527.27
7,53.25,80,1.18,False,False,2,103.34,2422.7
8,53.25,111,1.58,False,False,2,52.52,2369.14
9,53.25,60,1.62,False,False,2,40.48,2327.82
10,53.25,73,0.53,False,False,2,123.26,2202.44
11,53.25,65,1.29,False,False,2,81.77,2119.93
12,53.25,61,1.01,False,False,2,131.89,1986.09
13,53.25,72,1.31,False,False,2,65.71,1919.47
14,53.25,115,1.14,False,False,2,98.42,1819.9
15,53.25,110,0.66,False,False,2,20.81,1798.35
16,53.25,72,0.77,False,False,2,149.38,1648.24
17,53.25,77,1.85,False,False,2,45.87,1600.63
18,53.25,83,1.69,False,False,2,99.33,1500.5
19,53.25,150,0.59,False,False,2,37.02,1462.55
20,53.25,66,0.89,False,False,2,113.69,1346.73
21,53.25,66,1.07,False,False,2,108.74,1237.38
22,53.25,61,1.7,False,False,2,102.95,1133.76
1,53.62,72,1.77,False,False,2,132.68,0.02
2,53.62,104,1.59,False,False,2,105.62,2878.73
3,53.62,94,1.36,False,False,2,80.84,2797.18
4,53.62,126,1.97,False,False,2,69.13,2727.08
5,53.62,65,2.0,False,False,2,27.91,2698.6
6,53.62,92,1.53,False,False,2,146.76,2551.22
7,53.62,80,1.25,False,False,2,79.83,2469.69
8,53.62,109,0.85,False,False,2,95.93,2372.4
9,53.62,60,1.24,False,False,2,61.34,2310.37
10,53.62,70,1.59,False,False,2,42.12,2266.21
11,53.62,64,1.52,False,False,2,108.73,2156.41
12,53.62,61,1.24,False,False,2,83.93,2070.11
13,53.62,71,0.96,False,False,2,87.45,1981.99
14,53.62,115,0.66,False,False,2,97.15,1884.34
15,53.62,110,0.89,False,False,2,107.58,1775.61
16,53.62,72,1.14,False,False,2,56.97,1717.59
17,53.62,78,1.29,False,False,2,124.22,1592.42
18,53.62,80,0.99,False,False,2,100.62,1490.66
19,53.62,148,1.19,False,False,2,92.27,1395.96
20,53.62,67,1.1,False,False,2,114.88,1280.63
21,53.62,63,0.66,False,False,2,47.51,1231.0
22,53.62,62,1.34,False,False,2,129.71,1098.85
1,54.0,74,0.51,False,False,2,97.96,0.01
2,54.0,101,1.2,False,False,2,49.63,2538.14
3,54.0,96,0.87,False,False,2,101.19,2436.37
4,54.0,128,1.08,False,False,2,114.1,2320.82
5,54.0,64,0.81,False,False,2,117.87,2201.11
6,54.0,93,0.98,False,False,2,23.16,2174.36
7,54.0,79,0.89,False,False,2,63.15,2109.2
8,54.0,109,1.0,False,False,2,135.92,1972.66
9,54.0,61,0.73,False,False,2,70.94,1900.6
10,54.0,71,0.54,False,False,2,93.71,1805.44
11,54.0,65,1.22,False,False,2,42.81,1760.77
12,54.0,60,1.78,False,False,2,42.47,1717.74
13,54.0,74,1.21,False,False,2,33.56,1682.03
14,54.0,118,1.44,False,False,2,108.95,1572.21
15,54.0,111,1.51,False,False,2,21.95,1548.87
16,54.0,75,0.92,False,False,2,51.12,1496.82
17,54.0,81,1.74,False,False,2,136.77,1359.07
18,54.0,77,0.74,False,False,2,24.52,1332.7
19,54.0,147,1.09,False,False,2,101.17,1230.65
20,54.0,65,1.91,False,False,2,98.18,1131.23
21,54.0,60,0.64,False,False,2,42.92,1087.52
22,54.0,63,1.14,False,False,2,64.9,1021.86
1,54.38,74,1.32,False,False,2,20.64,0.01
2,54.38,98,0.64,False,False,2,78.1,2724.94
3,54.38,94,0.66,False,False,2,110.88,2613.56
4,54.38,131,1.16,False,False,2,89.16,2522.59
5,54.38,63,1.02,False,False,2,56.36,2465.32
6,54.38,96,1.5,False,False,2,123.65,2340.97
8,54.38,112,1.61,False,False,2,37.24,2302.42
9,54.38,61,1.85,False,False,2,56.49,2245.21
10,54.38,72,1.64,False,False,2,29.33,2214.7
11,54.38,63,0.7,False,False,2,130.52,2083.54
12,54.38,60,1.02,False,False,2,89.94,1992.73
13,54.38,77,1.78,False,False,2,36.11,1955.74
14,54.38,120,0.53,False,False,2,140.36,1814.62
15,54.38,109,0.63,False,False,2,38.43,1773.86
16,54.38,74,0.77,False,False,2,65.1,1707.65
17,54.38,83,1.72,False,False,2,111.18,1595.87
18,54.38,80,1.6,False,False,2,99.33,1495.26
19,54.38,147,1.04,False,False,2,127.92,1366.71
20,54.38,66,1.9,False,False,2,66.74,1299.59
21,54.38,60,0.94,False,False,2,119.41,1179.0
22,54.38,61,0.76,False,False,2,44.19,1132.62
1,54.75,77,1.88,False,False,2,131.06,0.02
2,54.75,100,0.64,False,False,2,111.12,2724.48
3,54.75,93,0.86,False,False,2,37.07,2686.47
4,54.75,131,1.72,False,False,2,129.36,2554.76
5,54.75,63,0.96,False,False,2,50.23,2502.23
6,54.75,99,0.59,False,False,2,74.71,2425.45
7,54.75,79,1.18,False,False,2,80.19,2344.65
8,54.75,111,0.78,False,False,2,68.13,2275.0
9,54.75,63,1.3,False,False,2,79.47,2194.82
10,54.75,71,0.84,False,False,2,62.23,2130.03
11,54.75,65,1.6,False,False,2,83.47,2045.47
12,54.75,60,0.56,False,False,2,69.48,1973.63
13,54.75,74,1.13,False,False,2,74.14,1898.81
14,54.75,118,1.04,False,False,2,55.34,1842.73
15,54.75,109,0.66,False,False,2,131.32,1709.16
16,54.75,77,1.35,False,False,2,84.95,1623.34
17,54.75,86,1.75,False,False,2,65.26,1557.39
18,54.75,80,1.77,False,False,2,128.64,1428.4
19,54.75,146,0.58,False,False,2,119.14,1306.59
20,54.75,66,1.25,False,False,2,121.12,1182.91
21,54.75,62,0.69,False,False,2,51.55,1129.12
22,54.75,62,0.61,False,False,2,102.92,1025.24
1,55.12,75,1.3,False,False,2,24.25,0.04
2,55.12,100,1.34,False,False,2,76.37,2845.96
3,55.12,95,0.86,False,False,2,91.97,2752.93
4,55.12,133,0.86,False,False,2,78.17,2673.67
5,55.12,61,1.33,False,False,2,114.45,2557.03
6,55.12,101,0.68,False,False,2,27.66,2527.21
7,55.12,78,1.25,False,False,2,48.86,2477.5
8,55.12,111,1.85,False,False,2,32.01,2444.07
9,55.12,64,1.81,False,False,2,76.49,2366.6
10,55.12,69,1.62,False,False,2,78.96,2287.06
11,55.12,63,0.56,False,False,2,87.28,2198.32
12,55.12,62,0.83,False,False,2,35.25,2160.68
13,55.12,74,1.73,False,False,2,88.82,2071.07
14,55.12,117,1.33,False,False,2,135.61,1934.93
15,55.12,106,1.03,False,False,2,102.51,1831.45
16,55.12,76,1.76,False,False,2,120.34,1710.07
17,55.12,85,1.97,False,False,2,137.58,1571.46
18,55.12,80,0.88,False,False,2,136.59,1433.94
19,55.12,145,1.42,False,False,2,130.04,1303.04
20,55.12,68,1.85,False,False,2,62.23,1239.92
21,55.12,61,1.14,False,False,2,83.76,1155.42
22,55.12,65,1.43,False,False,2,100.6,1052.34
1,55.5,73,0.7,False,False,2,51.38,0.02
2,55.5,99,1.18,False,False,2,103.81,2840.8
3,55.5,95,1.08,False,False,2,103.13,2735.55
4,55.5,130,0.89,False,False,2,120.89,2613.58
5,55.5,60,0.69,False,False,2,61.78,2550.39
6,55.5,99,1.77,False,False,2,119.0,2430.81
7,55.5,79,1.84,False,False,2,131.72,2298.15
8,55.5,113,0.54,False,False,2,49.18,2248.04
9,55.5,63,1.8,False,False,2,112.72,2133.1
10,55.5,67,1.4,False,False,2,28.41,2103.75
11,55.5,61,1.45,False,False,2,129.93,1973.15
12,55.5,61,0.65,False,False,2,101.36,1870.66
13,55.5,76,0.78,False,False,2,49.11,1819.54
14,55.5,117,1.47,False,False,2,21.17,1797.4
15,55.5,106,1.34,False,False,2,73.46,1721.23
16,55.5,78,1.06,False,False,2,43.98,1675.07
17,55.5,88,1.65,False,False,2,85.61,1588.52
18,55.5,77,1.17,False,False,2,118.77,1469.0
19,55.5,148,1.41,False,False,2,103.22,1364.67
20,55.5,68,1.81,False,False,2,87.3,1276.49
21,55.5,61,1.35,False,False,2,102.21,1173.35
22,55.5,68,0.54,False,False,2,146.74,1025.78
1,55.88,73,1.53,False,False,2,24.02,0.01
2,55.88,98,0.63,False,False,2,94.43,1906.6
3,55.88,95,1.44,False,False,2,72.07,1833.6
4,55.88,127,1.14,False,False,2,52.58,1780.19
5,55.88,60,0.51,False,False,2,139.57,1637.75
6,55.88,96,1.73,False,False,2,108.94,1527.64
7,55.88,78,1.66,False,False,2,76.33,1450.19
8,55.88,112,1.4,False,False,2,86.56,1362.28
9,55.88,66,1.45,False,False,2,93.3,1267.84
10,55.88,64,1.86,False,False,2,138.92,1126.23
11,55.88,63,0.92,False,False,2,75.56,1049.63
12,55.88,60,1.82,False,False,2,129.48,919.35
13,55.88,78,1.41,False,False,2,83.74,834.38
14,55.88,117,1.61,False,False,2,146.39,687.16
15,55.88,106,1.23,False,False,2,137.75,548.36
16,55.88,81,1.62,False,False,2,79.62,467.66
17,55.88,90,1.09,False,False,2,98.01,366.97
18,55.88,74,1.8,False,False,2,72.23,292.53
19,55.88,148,0.79,False,False,2,147.85,143.5
20,55.88,70,1.25,False,False,2,138.24,0.02
21,55.88,60,1.01,False,False,2,84.29,1922.08
22,55.88,69,1.74,False,False,2,106.44,1814.43
1,56.25,72,1.34,False,False,2,94.9,718.3
2,56.25,95,0.57,False,False,2,146.08,570.8
3,56.25,92,1.46,False,False,2,86.27,483.84
4,56.25,130,0.62,False,False,2,69.97,413.29
5,56.25,60,0.63,False,False,2,145.8,265.73
6,56.25,98,1.01,False,False,2,55.44,208.18
7,56.25,76,1.56,False,False,2,141.89,65.46
8,56.25,114,1.37,False,False,2,64.69,0.02
9,56.25,65,1.45,False,False,2,108.2,2190.94
10,56.25,63,1.48,False,False,2,74.91,2115.37
11,56.25,63,1.65,False,False,2,112.35,2002.09
12,56.25,62,0.89,False,False,2,53.78,1947.48
13,56.25,81,1.24,False,False,2,82.33,1864.0
14,56.25,114,1.06,False,False,2,119.45,1743.29
15,56.25,104,0.71,False,False,2,88.6,1654.05
16,56.25,82,1.2,False,False,2,50.64,1601.19
17,56.25,92,1.96,False,False,2,90.39,1510.14
18,56.25,77,0.58,False,False,2,137.69,1370.55
19,56.25,147,1.85,False,False,2,118.36,1251.07
20,56.25,67,1.31,False,False,2,34.21,1214.84
21,56.25,61,0.77,False,False,2,38.65,1175.06
22,56.25,67,1.88,False,False,2,48.09,1125.56
1,56.62,70,0.77,False,False,2,124.34,0.02
2,56.62,98,1.28,False,False,2,79.98,2939.69
3,56.62,90,1.94,False,False,2,42.04,2895.89
4,56.62,133,0.84,False,False,2,128.21,2766.61
5,56.62,62,0.99,False,False,2,61.9,2703.53
6,56.62,101,1.58,False,False,2,67.13,2635.09
7,56.62,74,1.44,False,False,2,143.2,2490.08
8,56.62,117,1.19,False,False,2,92.76,2395.98
9,56.62,63,0.53,False,False,2,50.86,2344.4
10,56.62,63,1.86,False,False,2,23.83,2318.62
11,56.62,65,1.51,False,False,2,81.89,2234.51
12,56.62,60,1.14,False,False,2,26.05,2206.22
13,56.62,79,0.89,False,False,2,55.28,2150.23
14,56.62,113,0.63,False,False,2,94.77,2054.48
15,56.62,103,0.68,False,False,2,107.97,1945.77
16,56.62,82,1.94,False,False,2,140.37,1803.71
17,56.62,89,1.97,False,False,2,135.44,1667.38
18,56.62,78,0.83,False,False,2,65.35,1600.99
19,56.62,150,1.0,False,False,2,149.42,1449.58
20,56.62,68,1.33,False,False,2,91.89,1356.56
21,56.62,64,1.55,False,False,2,127.06,1226.99
22,56.62,64,1.55,False,False,2,129.26,1095.72
1,57.0,69,0.91,False,False,2,94.38,0.02
2,57.0,100,1.89,False,False,2,62.67,2697.11
3,57.0,92,0.9,False,False,2,29.71,2666.72
4,57.0,132,0.84,False,False,2,48.44,2617.59
5,57.0,64,0.95,False,False,2,51.31,2565.3
6,57.0,100,1.72,False,False,2,148.46,2414.58
7,57.0,76,1.87,False,False,2,49.29,2364.42
8,57.0,120,1.95,False,False,2,97.26,2266.22
9,57.0,60,1.11,False,False,2,78.53,2186.64
10,57.0,62,1.26,False,False,2,138.97,2046.59
11,57.0,66,1.89,False,False,2,96.44,1948.71
12,57.0,61,0.84,False,False,2,109.01,1839.23
13,57.0,79,0.7,False,False,2,71.01,1767.54
14,57.0,110,0.73,False,False,2,54.72,1711.96
15,57.0,102,1.67,False,False,2,76.41,1634.64
16,57.0,80,0.51,False,False,2,65.4,1568.42
17,57.0,92,1.67,False,False,2,34.55,1532.96
18,57.0,78,1.96,False,False,2,93.8,1438.31
19,57.0,150,1.03,False,False,2,103.87,1333.37
21,57.0,67,1.17,False,False,2,117.75,1214.02
22,57.0,63,1.53,False,False,2,110.85,1102.04
1,57.38,66,1.93,False,False,2,100.73,0.02
2,57.38,97,1.41,False,False,2,135.65,2671.88
3,57.38,92,1.01,False,False,2,42.73,2625.35
4,57.38,134,0.64,False,False,2,94.41,2528.97
5,57.38,66,1.06,False,False,2,131.27,2397.26
6,57.38,101,1.4,False,False,2,55.55,2340.46
7,57.38,78,1.19,False,False,2,143.61,2195.99
8,57.38,120,1.28,False,False,2,25.21,2170.06
9,57.38,63,0.85,False,False,2,25.99,2143.57
10,57.38,61,1.3,False,False,2,85.33,2057.05
11,57.38,66,1.06,False,False,2,105.58,1951.05
12,57.38,64,0.83,False,False,2,59.18,1891.45
13,57.38,77,1.68,False,False,2,55.97,1834.82
14,57.38,110,1.2,False,False,2,52.04,1782.42
15,57.38,104,1.34,False,False,2,56.86,1719.7
16,57.38,78,1.31,False,False,2,39.12,1679.88
17,57.38,93,1.17,False,False,2,134.21,1544.81
18,57.38,75,1.16,False,False,2,70.86,1473.25
19,57.38,151,1.22,False,False,2,86.43,1386.32
20,57.38,68,1.07,False,False,2,146.58,1238.98
21,57.38,69,0.79,False,False,2,28.87,1209.58
22,57.38,63,1.74,False,False,2,81.31,1126.99
1,57.75,66,1.08,False,False,2,125.73,0.02
2,57.75,95,1.22,False,False,2,63.4,2758.46
4,57.75,137,1.43,False,False,2,90.79,2666.19
5,57.75,63,0.64,False,False,2,22.46,2642.93
6,57.75,103,1.79,False,False,2,79.04,2563.16
7,57.75,77,1.85,False,False,2,24.32,2537.83
8,57.75,120,1.97,False,False,2,90.17,2446.97
9,57.75,64,1.3,False,False,2,113.82,2332.32
10,57.75,62,1.22,False,False,2,131.64,2199.7
11,57.75,69,1.35,False,False,2,142.52,2056.26
12,57.75,63,1.8,False,False,2,118.92,1936.73
13,57.75,77,0.69,False,False,2,59.76,1876.26
14,57.75,107,0.75,False,False,2,99.89,1775.8
15,57.75,105,0.91,False,False,2,81.48,1693.4
17,57.75,94,1.19,False,False,2,74.07,1617.95
18,57.75,78,1.38,False,False,2,82.11,1535.03
19,57.75,151,1.66,False,False,2,49.99,1484.26
20,57.75,71,1.43,False,False,2,56.8,1426.61
21,57.75,67,1.51,False,False,2,139.61,1286.14
22,57.75,63,1.74,False,False,2,137.05,1148.4
1,58.12,68,0.89,False,False,2,146.82,0.02
2,58.12,93,0.78,False,False,2,46.46,2663.83
3,58.12,97,0.51,False,False,2,117.45,2545.61
4,58.12,139,1.85,False,False,2,59.31,2484.75
5,58.12,60,1.93,False,False,2,48.99,2434.64
6,58.12,104,0.99,False,False,2,93.05,2339.74
7,58.12,77,1.2,False,False,2,39.49,2299.63
8,58.12,121,1.07,False,False,2,100.59,2197.95
9,58.12,64,1.68,False,False,2,130.02,2066.98
10,58.12,61,0.64,False,False,2,113.4,1952.94
11,58.12,67,1.87,False,False,2,62.87,1888.87
12,58.12,60,0.92,False,False,2,131.69,1756.07
13,58.12,78,1.19,False,False,2,78.03,1675.68
14,58.12,110,0.75,False,False,2,53.28,1621.53
15,58.12,102,1.69,False,False,2,133.98,1486.65
16,58.12,79,1.6,False,False,2,135.45,1343.56
17,58.12,92,1.09,False,False,2,48.26,1293.24
18,58.12,79,1.06,False,False,2,22.93,1269.5
19,58.12,148,1.87,False,False,2,74.78,1193.85
20,58.12,68,1.86,False,False,2,20.05,1173.08
21,58.12,68,1.52,False,False,2,67.77,1104.61
22,58.12,61,1.25,False,False,2,63.75,1038.57
1,58.5,69,0.81,False,False,2,37.01,0.02
2,58.5,93,1.25,False,False,2,79.67,2894.79
3,58.5,98,1.37,False,False,2,134.59,2759.4
4,58.5,142,1.88,False,False,2,61.22,2696.24
5,58.5,62,1.4,False,False,2,54.76,2640.45
6,58.5,102,1.38,False,False,2,43.7,2595.72
7,58.5,75,0.5,False,False,2,72.23,2522.83
8,58.5,118,1.42,False,False,2,102.77,2418.42
9,58.5,67,1.9,False,False,2,110.38,2307.25
10,58.5,60,0.68,False,False,2,82.21,2224.31
11,58.5,67,1.63,False,False,2,59.88,2163.89
12,58.5,62,0.67,False,False,2,43.62,2115.17
13,58.5,76,1.21,False,False,2,138.02,1976.33
14,58.5,111,1.49,False,False,2,67.53,1908.11
15,58.5,105,0.53,False,False,2,80.88,1826.4
16,58.5,78,0.52,False,False,2,98.73,1726.46
17,58.5,90,1.96,False,False,2,100.15,1624.56
18,58.5,82,0.9,False,False,2,126.04,1497.48
19,58.5,149,1.96,False,False,2,145.53,1351.3
20,58.5,68,1.06,False,False,2,131.7,1218.92
21,58.5,66,1.29,False,False,2,134.52,1082.49
22,58.5,60,1.86,False,False,2,28.54,1053.31
1,58.88,72,0.85,False,False,2,51.92,0.01
2,58.88,95,1.08,False,False,2,117.75,3030.81
3,58.88,100,1.03,False,False,2,22.9,3007.03
4,58.88,144,1.5,False,False,2,141.75,2863.53
5,58.88,62,1.49,False,False,2,76.08,2785.33
6,58.88,105,1.32,False,False,2,128.84,2655.24
7,58.88,77,1.45,False,False,2,81.54,2573.03
8,58.88,119,1.25,False,False,2,67.75,2503.36
9,58.88,64,1.36,False,False,2,88.28,2413.53
10,58.88,63,1.63,False,False,2,67.01,2345.83
11,58.88,67,0.58,False,False,2,125.08,2220.16
12,58.88,60,0.71,False,False,2,128.89,2090.25
13,58.88,75,1.15,False,False,2,96.67,1991.17
14,58.88,112,1.89,False,False,2,110.38,1878.31
15,58.88,102,1.14,False,False,2,51.88,1825.7
16,58.88,77,1.37,False,False,2,95.95,1727.87
17,58.88,88,0.7,False,False,2,144.26,1580.98
18,58.88,84,1.79,False,False,2,45.25,1533.38
19,58.88,151,1.57,False,False,2,60.59,1472.03
20,58.88,71,1.67,False,False,2,105.66,1364.9
21,58.88,67,0.65,False,False,2,85.75,1278.15
22,58.88,60,0.72,False,False,2,127.79,1149.51
1,59.25,69,1.32,False,False,2,148.05,0.01
2,59.25,97,1.65,False,False,2,121.89,2888.79
3,59.25,100,1.54,False,False,2,59.9,2827.41
4,59.25,142,0.63,False,False,2,80.97,2745.83
5,59.25,62,1.77,False,False,2,127.19,2617.66
6,59.25,108,0.87,False,False,2,59.86,2556.71
7,59.25,80,0.65,False,False,2,112.04,2443.88
8,59.25,117,1.5,False,False,2,60.77,2382.0
9,59.25,64,0.83,False,False,2,84.76,2296.57
10,59.25,65,1.52,False,False,2,125.08,2169.41
11,59.25,64,1.61,False,False,2,71.85,2096.02
12,59.25,62,0.66,False,False,2,24.72,2068.71
13,59.25,72,0.94,False,False,2,135.73,1931.87
14,59.25,113,0.79,False,False,2,72.17,1858.86
15,59.25,105,1.37,False,False,2,27.27,1830.73
16,59.25,80,1.67,False,False,2,127.56,1702.34
17,59.25,86,1.44,False,False,2,114.12,1586.38
18,59.25,86,1.86,False,False,2,71.86,1513.76
19,59.25,152,0.63,False,False,2,109.69,1403.38
20,59.25,69,1.76,False,False,2,51.54,1350.83
21,59.25,68,1.17,False,False,2,140.93,1207.88
22,59.25,60,1.1,False,False,2,62.44,1144.82
1,59.62,71,0.58,False,False,2,143.14,0.02
2,59.62,99,1.81,False,False,2,99.09,1945.67
3,59.62,97,1.75,False,False,2,146.71,1798.45
4,59.62,142,1.42,False,False,2,91.62,1704.7
5,59.62,65,1.04,False,False,2,148.25,1555.71
6,59.62,109,1.15,False,False,2,109.85,1444.36
7,59.62,77,0.75,False,False,2,121.52,1321.47
8,59.62,117,0.83,False,False,2,97.54,1223.03
9,59.62,64,0.97,False,False,2,69.44,1152.71
10,59.62,66,1.34,False,False,2,27.85,1123.91
11,59.62,62,1.91,False,False,2,114.73,1008.16
12,59.62,60,0.97,False,False,2,126.87,880.1
13,59.62,70,1.03,False,False,2,110.28,767.78
14,59.62,114,0.62,False,False,2,126.51,640.07
15,59.62,106,0.6,False,False,2,148.62,490.74
16,59.62,83,1.28,False,False,2,38.61,451.3
17,59.62,88,1.48,False,False,2,54.44,395.29
18,59.62,87,1.83,False,False,2,122.87,271.66
19,59.62,153,1.46,False,False,2,63.2,206.46
20,59.62,71,1.29,False,False,2,114.81,88.95
21,59.62,69,1.55,False,False,2,26.6,61.44
22,59.62,60,1.66,False,False,2,60.51,0.01
1,60.0,69,0.89,False,False,2,108.85,936.6
2,60.0,96,1.93,False,False,2,66.63,869.33
3,60.0,96,1.38,False,False,2,40.56,827.96
4,60.0,141,0.59,False,False,2,129.88,696.24
5,60.0,68,0.82,False,False,2,98.12,597.1
6,60.0,106,0.56,False,False,2,133.48,460.83
7,60.0,80,1.97,False,False,2,27.32,432.61
8,60.0,117,1.45,False,False,2,95.6,336.05
9,60.0,61,1.76,False,False,2,137.34,197.35
10,60.0,63,1.98,False,False,2,141.77,53.56
11,60.0,60,1.83,False,False,2,52.8,0.02
12,60.0,62,1.98,False,False,2,116.53,1964.96
13,60.0,70,0.67,False,False,2,79.98,1884.21
14,60.0,116,0.72,False,False,2,134.42,1748.98
15,60.0,103,1.72,False,False,2,76.39,1671.24
16,60.0,83,1.51,False,False,2,147.15,1523.55
17,60.0,88,1.17,False,False,2,49.71,1472.89
18,60.0,88,1.65,False,False,2,57.57,1414.77
19,60.0,151,1.04,False,False,2,28.18,1386.2
20,60.0,73,1.79,False,False,2,89.6,1293.34
21,60.0,70,0.62,False,False,2,22.63,1268.79
22,60.0,63,0.89,False,False,2,120.2,1148.0
1,60.38,67,0.77,False,False,2,146.78,0.02
2,60.38,97,1.91,False,False,2,83.48,2675.3
3,60.38,93,0.54,False,False,2,102.03,2572.06
4,60.38,139,0.92,False,False,2,116.96,2454.41
5,60.38,69,1.14,False,False,2,73.85,2378.3
6,60.38,107,0.87,False,False,2,127.22,2250.15
7,60.38,81,1.2,False,False,2,137.54,2111.89
8,60.38,118,1.52,False,False,2,41.1,2070.14
9,60.38,62,1.65,False,False,2,112.78,1956.32
10,60.38,63,0.89,False,False,2,22.3,1932.78
12,60.38,65,2.0,False,False,2,49.05,1881.95
13,60.38,72,1.48,False,False,2,70.84,1809.95
14,60.38,116,1.67,False,False,2,101.37,1707.92
15,60.38,102,1.49,False,False,2,105.61,1601.79
16,60.38,83,1.03,False,False,2,60.2,1540.9
17,60.38,87,0.97,False,False,2,65.18,1473.7
18,60.38,89,1.11,False,False,2,80.54,1392.26
19,60.38,154,1.98,False,False,2,38.87,1352.7
20,60.38,70,0.72,False,False,2,131.88,1220.34
21,60.38,70,1.84,False,False,2,23.67,1196.04
22,60.38,65,1.86,False,False,2,67.19,1127.92
1,60.75,67,1.3,False,False,2,126.52,0.01
2,60.75,100,1.65,False,False,2,99.36,2481.46
3,60.75,96,1.88,False,False,2,142.52,2337.9
4,60.75,137,1.24,False,False,2,79.8,2257.49
5,60.75,72,1.91,False,False,2,26.15,2226.35
6,60.75,108,1.73,False,False,2,123.45,2101.7
7,60.75,81,1.12,False,False,2,21.59,2079.15
8,60.75,117,1.24,False,False,2,134.54,1943.23
9,60.75,63,1.47,False,False,2,26.66,1915.57
10,60.75,64,1.48,False,False,2,31.49,1883.4
11,60.75,65,1.36,False,False,2,39.65,1842.62
12,60.75,67,1.51,False,False,2,108.43,1733.39
13,60.75,72,1.56,False,False,2,97.45,1635.17
15,60.75,99,1.76,False,False,2,147.88,1484.61
17,60.75,89,1.2,False,False,2,107.37,1375.48
18,60.75,92,0.51,False,False,2,106.65,1268.31
19,60.75,151,0.9,False,False,2,62.15,1204.98
20,60.75,73,1.74,False,False,2,53.16,1150.64
21,60.75,71,0.57,False,False,2,88.92,1059.84
22,60.75,66,1.5,False,False,2,21.07,1037.57
1,61.12,65,1.86,False,False,2,36.06,0.01
2,61.12,102,1.66,False,False,2,101.0,2887.03
3,61.12,95,1.6,False,False,2,137.32,2749.13
4,61.12,135,1.61,False,False,2,25.12,2719.86
5,61.12,75,1.85,False,False,2,95.65,2623.06
6,61.12,111,1.86,False,False,2,22.87,2598.39
7,61.12,84,1.18,False,False,2,95.33,2500.65
8,61.12,116,1.9,False,False,2,80.87,2418.41
9,61.12,64,1.97,False,False,2,93.99,2322.53
10,61.12,62,1.26,False,False,2,133.7,2187.77
11,61.12,67,0.83,False,False,2,54.76,2131.75
12,61.12,68,0.89,False,False,2,57.69,2073.1
13,61.12,70,1.36,False,False,2,142.8,1929.6
14,61.12,116,1.93,False,False,2,82.44,1846.25
15,61.12,101,1.3,False,False,2,39.8,1805.48
16,61.12,78,1.43,False,False,2,60.56,1743.08
17,61.12,91,0.92,False,False,2,38.73,1701.26
18,61.12,90,0.5,False,False,2,124.87,1575.66
19,61.12,154,1.62,False,False,2,143.26,1431.82
20,61.12,74,1.25,False,False,2,118.81,1312.45
21,61.12,74,0.83,False,False,2,42.78,1268.73
22,61.12,64,1.25,False,False,2,125.72,1141.15
1,61.5,65,1.56,False,False,2,138.22,0.01
2,61.5,104,0.9,False,False,2,46.1,2716.82
3,61.5,92,1.51,False,False,2,139.53,2576.01
4,61.5,135,0.7,False,False,2,50.94,2524.15
5,61.5,77,1.5,False,False,2,68.54,2451.11
6,61.5,110,1.97,False,False,2,69.65,2379.57
7,61.5,83,1.0,False,False,2,21.9,2354.98
8,61.5,113,0.67,False,False,2,34.57,2319.31
9,61.5,64,1.21,False,False,2,51.21,2267.13
10,61.5,65,0.66,False,False,2,142.28,2122.76
11,61.5,68,1.72,False,False,2,122.68,1997.71
12,61.5,71,1.21,False,False,2,96.28,1900.3
13,61.5,70,1.71,False,False,2,101.38,1796.47
14,61.5,115,1.88,False,False,2,77.01,1718.29
15,61.5,99,1.57,False,False,2,57.91,1659.32
16,61.5,80,0.87,False,False,2,45.09,1613.33
17,61.5,88,1.14,False,False,2,76.5,1536.05
18,61.5,90,1.28,False,False,2,64.69,1470.58
19,61.5,157,0.83,False,False,2,65.64,1403.99
20,61.5,71,1.89,False,False,2,140.67,1261.01
21,61.5,71,1.73,False,False,2,85.74,1172.64
22,61.5,63,0.69,False,False,2,36.14,1135.55
1,61.88,65,0.5,False,False,2,131.12,0.02
2,61.88,104,1.21,False,False,2,103.99,2780.27
3,61.88,94,1.66,False,False,2,77.86,2701.47
4,61.88,137,0.52,False,False,2,69.21,2631.71
5,61.88,75,1.35,False,False,2,35.43,2595.55
6,61.88,111,1.47,False,False,2,101.64,2493.07
7,61.88,82,1.37,False,False,2,118.74,2373.64
8,61.88,114,1.25,False,False,2,37.94,2334.42
9,61.88,65,1.14,False,False,2,99.54,2233.72
10,61.88,67,0.67,False,False,2,120.21,2108.37
11,61.88,67,0.56,False,False,2,29.5,2077.77
12,61.88,73,0.91,False,False,2,102.13,1974.96
13,61.88,71,1.53,False,False,2,39.78,1934.46
14,61.88,115,1.04,False,False,2,108.3,1825.28
15,61.88,101,1.98,False,False,2,107.0,1716.23
16,61.88,82,0.65,False,False,2,146.14,1569.2
17,61.88,91,0.62,False,False,2,119.69,1448.58
18,61.88,90,1.08,False,False,2,121.06,1326.27
19,61.88,156,1.49,False,False,2,55.06,1270.26
20,61.88,72,1.27,False,False,2,27.7,1241.98
21,61.88,72,0.98,False,False,2,94.97,1146.12
22,61.88,65,1.19,False,False,2,65.99,1078.45
1,62.25,63,0.52,False,False,2,77.42,0.02
2,62.25,105,1.12,False,False,2,89.34,2731.73
3,62.25,91,1.65,False,False,2,24.1,2705.58
4,62.25,134,1.55,False,False,2,148.43,2555.24
5,62.25,75,1.18,False,False,2,64.43,2489.81
6,62.25,114,1.62,False,False,2,63.52,2425.16
7,62.25,83,0.91,False,False,2,49.7,2373.94
8,62.25,111,1.2,False,False,2,68.48,2304.58
9,62.25,63,0.63,False,False,2,76.42,2227.45
10,62.25,66,1.38,False,False,2,112.23,2112.89
11,62.25,69,1.77,False,False,2,116.95,1994.13
12,62.25,72,1.15,False,False,2,75.56,1917.98
13,62.25,70,0.7,False,False,2,110.42,1806.85
14,62.25,115,0.6,False,False,2,95.85,1709.04
15,62.25,103,0.88,False,False,2,138.95,1569.04
16,62.25,83,1.35,False,False,2,101.12,1467.31
17,62.25,94,0.77,False,False,2,76.51,1389.94
18,62.25,88,1.69,False,False,2,89.55,1299.83
19,62.25,156,1.36,False,False,2,78.32,1220.55
20,62.25,73,0.71,False,False,2,23.08,1196.45
21,62.25,75,1.26,False,False,2,62.72,1132.53
22,62.25,64,1.32,False,False,2,104.99,1026.77
1,62.62,61,1.76,False,False,2,24.29,0.02
2,62.62,106,1.49,False,False,2,35.83,2753.02
3,62.62,89,1.54,False,False,2,42.82,2708.86
4,62.62,134,1.07,False,False,2,90.81,2616.82
5,62.62,78,1.24,False,False,2,47.44,2568.0
6,62.62,112,0.77,False,False,2,39.49,2527.33
7,62.62,85,1.24,False,False,2,64.44,2462.0
8,62.62,114,1.4,False,False,2,74.28,2386.71
9,62.62,64,1.25,False,False,2,147.7,2238.29
10,62.62,66,1.46,False,False,2,113.36,2123.69
11,62.62,69,1.53,False,False,2,71.62,2051.08
12,62.62,72,1.36,False,False,2,88.71,1960.59
13,62.62,67,0.64,False,False,2,102.18,1857.69
14,62.62,114,1.16,False,False,2,44.4,1812.1
15,62.62,105,1.79,False,False,2,36.34,1774.97
16,62.62,84,0.91,False,False,2,56.72,1717.39
17,62.62,95,0.6,False,False,2,106.41,1610.3
18,62.62,88,1.74,False,False,2,76.17,1533.32
19,62.62,156,0.96,False,False,2,109.5,1421.25
20,62.62,71,1.16,False,False,2,148.64,1271.8
21,62.62,77,1.12,False,False,2,73.59,1197.34
22,62.62,67,0.82,False,False,2,149.2,1047.56
1,63.0,60,0.6,False,False,2,46.41,0.01
2,63.0,108,0.65,False,False,2,101.23,2731.18
3,63.0,90,0.66,False,False,2,29.8,2700.92
4,63.0,135,1.8,False,False,2,100.75,2598.4
5,63.0,78,1.09,False,False,2,20.52,2575.74
6,63.0,111,1.45,False,False,2,123.33,2451.44
7,63.0,83,0.84,False,False,2,71.96,2378.44
8,63.0,113,0.7,False,False,2,90.43,2287.1
9,63.0,64,0.9,False,False,2,127.96,2158.78
10,63.0,68,1.09,False,False,2,21.25,2136.71
11,63.0,66,0.75,False,False,2,45.29,2089.35
12,63.0,72,1.48,False,False,2,115.96,1972.23
13,63.0,64,0.73,False,False,2,41.87,1929.64
14,63.0,114,1.35,False,False,2,106.89,1821.98
15,63.0,103,0.87,False,False,2,36.44,1784.94
16,63.0,87,0.8,False,False,2,68.09,1716.0
17,63.0,93,1.76,False,False,2,29.63,1685.25
18,63.0,85,1.72,False,False,2,24.89,1659.46
19,63.0,154,1.69,False,False,2,138.47,1518.57
20,63.0,72,0.63,False,False,2,139.21,1378.8
21,63.0,76,1.7,False,False,2,146.96,1231.0
22,63.0,66,0.56,False,False,2,87.57,1142.8
1,63.38,63,1.66,False,False,2,141.23,0.01
2,63.38,111,1.16,False,False,2,61.2,2689.76
3,63.38,89,0.7,False,False,2,93.44,2595.76
4,63.38,135,0.89,False,False,2,99.98,2494.01
5,63.38,77,1.91,False,False,2,59.48,2432.76
6,63.38,109,1.42,False,False,2,31.04,2400.64
7,63.38,84,0.78,False,False,2,83.13,2316.9
8,63.38,111,0.68,False,False,2,133.83,2182.12
9,63.38,67,0.75,False,False,2,78.15,2102.68
10,63.38,66,1.02,False,False,2,115.43,1985.99
11,63.38,67,1.37,False,False,2,124.05,1860.74
12,63.38,72,0.73,False,False,2,24.16,1835.64
13,63.38,61,1.71,False,False,2,31.58,1802.07
14,63.38,115,0.62,False,False,2,121.32,1679.84
15,63.38,105,0.8,False,False,2,33.89,1644.75
16,63.38,84,0.56,False,False,2,66.47,1577.71
17,63.38,95,0.79,False,False,2,34.87,1542.07
18,63.38,87,1.55,False,False,2,139.01,1402.62
19,63.38,155,1.7,False,False,2,110.53,1289.86
20,63.38,69,1.93,False,False,2,60.32,1228.59
21,63.38,74,1.72,False,False,2,37.83,1188.09
22,63.38,64,1.0,False,False,2,48.09,1138.85
1,63.75,61,1.63,False,False,2,137.15,0.02
2,63.75,110,0.56,False,False,2,81.33,2429.52
3,63.75,92,1.78,False,False,2,70.08,2358.79
4,63.75,135,1.87,False,False,2,33.92,2324.1
5,63.75,80,1.94,False,False,2,68.82,2254.3
6,63.75,109,1.54,False,False,2,60.06,2193.29
7,63.75,87,1.94,False,False,2,57.2,2135.35
8,63.75,112,1.15,False,False,2,41.04,2093.24
9,63.75,66,1.3,False,False,2,46.52,2046.12
10,63.75,63,0.96,False,False,2,79.46,1965.7
11,63.75,69,0.56,False,False,2,94.55,1870.15
12,63.75,70,1.54,False,False,2,107.75,1761.52
13,63.75,60,1.55,False,False,2,36.19,1724.56
14,63.75,113,1.52,False,False,2,53.78,1669.25
15,63.75,105,1.47,False,False,2,22.92,1645.13
16,63.75,85,0.9,False,False,2,146.33,1497.55
17,63.75,97,1.67,False,False,2,107.57,1389.44
18,63.75,85,1.32,False,False,2,28.87,1359.84
19,63.75,156,1.5,False,False,2,102.9,1254.89
20,63.75,68,1.78,False,False,2,59.79,1194.09
21,63.75,76,1.47,False,False,2,47.09,1146.22
22,63.75,63,0.87,False,False,2,119.44,1026.02
1,64.12,60,1.28,False,False,2,23.94,0.02
2,64.12,109,0.87,False,False,2,40.68,2859.03
3,64.12,89,1.2,False,False,2,99.18,2759.07
4,64.12,137,1.57,False,False,2,125.77,2631.89
5,64.12,78,0.99,False,False,2,106.34,2523.49
6,64.12,106,0.55,False,False,2,46.42,2476.45
7,64.12,90,1.13,False,False,2,68.65,2406.78
8,64.12,114,1.76,False,False,2,64.75,2339.87
9,64.12,66,0.56,False,False,2,57.73,2281.18
10,64.12,61,0.67,False,False,2,118.96,2161.35
11,64.12,72,1.49,False,False,2,113.27,2046.96
12,64.12,72,1.26,False,False,2,86.42,1958.36
13,64.12,60,1.88,False,False,2,69.39,1888.34
14,64.12,110,0.66,False,False,2,83.96,1803.41
15,64.12,103,0.91,False,False,2,145.16,1657.27
16,64.12,87,1.3,False,False,2,88.62,1567.55
17,64.12,98,1.88,False,False,2,134.24,1431.44
18,64.12,85,1.49,False,False,2,65.19,1365.39
19,64.12,156,1.83,False,False,2,66.26,1298.23
20,64.12,71,1.55,False,False,2,30.77,1266.59
21,64.12,77,1.55,False,False,2,106.22,1157.87
22,64.12,62,0.73,False,False,2,104.26,1051.67
1,64.5,60,1.34,False,False,2,50.33,0.01
2,64.5,110,1.32,False,False,2,100.5,1945.52
3,64.5,89,0.61,False,False,2,106.84,1836.94
4,64.5,134,1.61,False,False,2,133.49,1702.1
5,64.5,78,1.37,False,False,2,77.06,1624.06
6,64.5,105,1.45,False,False,2,38.8,1584.32
7,64.5,87,0.85,False,False,2,128.32,1454.57
8,64.5,115,1.2,False,False,2,114.11,1339.39
9,64.5,64,1.96,False,False,2,43.97,1294.86
10,64.5,60,0.84,False,False,2,116.64,1174.47
11,64.5,69,1.51,False,False,2,129.51,1043.87
12,64.5,75,0.66,False,False,2,118.77,922.63
13,64.5,61,1.63,False,False,2,76.54,845.14
14,64.5,107,1.98,False,False,2,103.58,740.55
15,64.5,102,1.76,False,False,2,140.48,599.18
16,64.5,90,1.61,False,False,2,79.05,519.34
17,64.5,99,0.54,False,False,2,30.89,486.57
18,64.5,84,1.79,False,False,2,118.28,367.21
19,64.5,158,1.86,False,False,2,64.92,301.25
20,64.5,72,1.18,False,False,2,90.46,209.61
21,64.5,79,1.24,False,False,2,91.25,116.77
22,64.5,62,1.7,False,False,2,115.76,0.01
1,64.88,62,0.78,False,False,2,91.71,946.88
3,64.88,91,1.82,False,False,2,29.35,916.01
4,64.88,135,1.17,False,False,2,122.6,791.56
5,64.88,79,0.62,False,False,2,99.48,690.12
6,64.88,107,1.98,False,False,2,73.49,615.53
8,64.88,116,1.04,False,False,2,141.13,473.18
9,64.88,67,1.77,False,False,2,100.1,372.41
10,64.88,60,1.89,False,False,2,63.52,308.08
11,64.88,70,0.63,False,False,2,108.76,198.45
12,64.88,74,0.55,False,False,2,144.29,52.37
13,64.88,60,1.45,False,False,2,50.53,0.01
14,64.88,110,0.63,False,False,2,136.34,1924.76
15,64.88,99,0.6,False,False,2,41.74,1882.22
16,64.88,88,0.79,False,False,2,132.13,1749.53
17,64.88,100,1.81,False,False,2,119.22,1629.27
18,64.88,83,1.53,False,False,2,57.87,1569.3
19,64.88,155,1.38,False,False,2,127.64,1440.77
20,64.88,73,1.59,False,False,2,26.61,1413.48
21,64.88,82,1.55,False,False,2,92.87,1319.65
22,64.88,63,0.51,False,False,2,30.06,1288.87
1,65.25,61,0.73,False,False,2,146.02,139.99
2,65.25,110,1.53,False,False,2,137.97,0.01
4,65.25,133,1.16,False,False,2,56.5,2849.56
5,65.25,80,0.62,False,False,2,39.28,2809.51
6,65.25,105,0.7,False,False,2,28.83,2779.97
7,65.25,87,1.23,False,False,2,53.61,2725.61
8,65.25,117,1.28,False,False,2,36.6,2686.38
9,65.25,64,1.06,False,False,2,144.44,2539.48
10,65.25,60,1.97,False,False,2,146.83,2390.56
11,65.25,68,0.59,False,False,2,65.65,2323.99
12,65.25,74,0.71,False,False,2,127.92,2195.08
13,65.25,60,0.85,False,False,2,128.33,2066.21
14,65.25,111,1.81,False,False,2,89.89,1975.0
15,65.25,100,1.38,False,False,2,106.91,1867.11
16,65.25,89,1.88,False,False,2,144.42,1721.82
17,65.25,100,1.18,False,False,2,142.4,1578.15
18,65.25,80,0.99,False,False,2,58.43,1518.53
19,65.25,157,0.63,False,False,2,129.32,1387.52
20,65.25,70,0.71,False,False,2,46.05,1340.25
21,65.25,85,1.16,False,False,2,132.03,1207.01
22,65.25,63,1.34,False,False,2,130.54,1074.27
1,65.62,61,1.23,False,False,2,72.82,0.02
2,65.62,108,0.57,False,False,2,72.07,2664.38
3,65.62,96,0.71,False,False,2,49.26,2614.03
4,65.62,135,0.87,False,False,2,38.84,2574.46
5,65.62,80,0.5,False,False,2,52.72,2520.75
6,65.62,105,0.69,False,False,2,64.35,2455.68
7,65.62,88,1.72,False,False,2,57.49,2395.57
8,65.62,120,0.62,False,False,2,82.88,2311.81
9,65.62,62,0.69,False,False,2,50.52,2259.71
10,65.62,60,2.0,False,False,2,68.39,2190.33
11,65.62,68,1.83,False,False,2,119.2,2070.49
12,65.62,76,1.44,False,False,2,113.09,1956.0
13,65.62,62,1.67,False,False,2,119.03,1835.89
14,65.62,109,0.6,False,False,2,53.33,1780.15
15,65.62,97,1.57,False,False,2,84.69,1694.31
16,65.62,87,0.88,False,False,2,144.45,1548.83
17,65.62,101,1.56,False,False,2,70.0,1477.74
18,65.62,79,1.31,False,False,2,77.03,1399.74
19,65.62,158,0.65,False,False,2,78.79,1320.06
20,65.62,72,0.66,False,False,2,80.03,1238.54
21,65.62,86,1.09,False,False,2,47.25,1190.45
22,65.62,61,1.95,False,False,2,58.18,1131.29
1,66.0,61,1.37,False,False,2,129.67,0.02
9,66.0,63,10.65,True,False,1,75.1,0.01
2,66.0,110,0.52,False,False,2,27.02,655.75
3,66.0,99,1.76,False,False,2,142.05,512.7
4,66.0,132,0.87,False,False,2,124.94,386.69
5,66.0,77,0.64,False,False,2,74.67,310.34
6,66.0,105,0.79,False,False,2,62.28,247.37
7,66.0,86,1.35,False,False,2,50.94,195.72
8,66.0,118,1.03,False,False,2,116.22,76.51
10,66.0,60,1.27,False,False,2,68.42,2150.88
11,66.0,71,1.25,False,False,2,79.3,2070.83
12,66.0,77,0.54,False,False,2,22.81,2047.45
13,66.0,62,1.55,False,False,2,113.85,1932.88
14,66.0,108,0.75,False,False,2,80.48,1851.82
15,66.0,97,0.94,False,False,2,35.11,1814.75
16,66.0,84,1.78,False,False,2,144.2,1668.57
17,66.0,103,1.69,False,False,2,95.8,1572.04
18,66.0,79,1.87,False,False,2,95.15,1475.92
19,66.0,161,1.5,False,False,2,109.22,1366.06
20,66.0,75,1.24,False,False,2,143.02,1222.33
21,66.0,88,1.72,False,False,2,20.28,1201.36
22,66.0,60,1.37,False,False,2,108.28,1091.49
1,66.38,60,0.84,False,False,2,90.52,0.02
2,66.38,112,1.08,False,False,2,82.71,2902.46
3,66.38,101,0.51,False,False,2,36.63,2864.96
4,66.38,130,0.65,False,False,2,148.98,2714.91
5,66.38,80,1.25,False,False,2,126.28,2587.72
6,66.38,105,0.53,False,False,2,135.14,2451.63
7,66.38,86,1.15,False,False,2,102.29,2347.75
8,66.38,118,1.15,False,False,2,66.42,2279.99
9,66.38,62,0.61,False,False,2,89.99,2188.0
10,66.38,60,0.88,False,False,2,131.81,2054.34
11,66.38,73,0.6,False,False,2,137.4,1916.34
12,66.38,74,0.54,False,False,2,88.72,1826.83
13,66.38,61,1.28,False,False,2,22.18,1803.51
14,66.38,108,1.56,False,False,2,73.11,1729.3
15,66.38,99,1.05,False,False,2,41.66,1686.85
16,66.38,86,0.76,False,False,2,95.97,1590.02
17,66.38,101,1.09,False,False,2,100.39,1488.72
18,66.38,78,1.38,False,False,2,41.21,1446.71
19,66.38,163,0.72,False,False,2,42.38,1402.6
20,66.38,72,1.19,False,False,2,72.31,1328.05
21,66.38,88,1.87,False,False,2,133.5,1192.76
22,66.38,60,1.0,False,False,2,115.97,1075.74
1,66.75,60,1.07,False,False,2,73.69,0.01
2,66.75,111,1.25,False,False,2,79.01,2597.55
3,66.75,104,0.72,False,False,2,50.61,2546.02
4,66.75,128,0.8,False,False,2,137.26,2405.72
5,66.75,79,0.89,False,False,2,56.4,2346.73
6,66.75,103,1.4,False,False,2,74.49,2270.26
7,66.75,86,1.0,False,False,2,37.81,2231.87
9,66.75,60,1.54,False,False,2,143.23,2086.26
10,66.75,63,0.99,False,False,2,85.61,2000.06
11,66.75,70,0.71,False,False,2,69.73,1928.75
12,66.75,72,0.51,False,False,2,64.94,1862.95
13,66.75,64,1.87,False,False,2,109.95,1750.8
14,66.75,111,0.66,False,False,2,58.47,1691.34
15,66.75,98,0.56,False,False,2,58.96,1631.67
16,66.75,84,1.55,False,False,2,31.38,1599.69
17,66.75,99,1.62,False,False,2,29.42,1567.76
18,66.75,80,1.82,False,False,2,96.31,1470.7
19,66.75,165,1.61,False,False,2,102.73,1367.18
20,66.75,73,0.69,False,False,2,112.93,1252.57
21,66.75,91,1.89,False,False,2,62.03,1189.53
22,66.75,62,1.62,False,False,2,140.12,1046.96
1,67.12,63,1.28,False,False,2,45.85,0.02
2,67.12,109,0.78,False,False,2,137.3,2725.61
3,67.12,101,1.94,False,False,2,43.57,2681.49
4,67.12,128,1.73,False,False,2,71.92,2608.66
5,67.12,81,1.54,False,False,2,46.76,2561.03
6,67.12,102,1.29,False,False,2,116.13,2444.37
7,67.12,86,1.18,False,False,2,121.43,2321.39
8,67.12,118,0.94,False,False,2,104.14,2216.66
9,67.12,60,1.14,False,False,2,53.79,2161.89
10,67.12,65,1.59,False,False,2,110.8,2050.28
11,67.12,69,1.35,False,False,2,135.3,1914.2
12,67.12,73,1.92,False,False,2,26.26,1887.25
13,67.12,62,0.6,False,False,2,27.34,1859.11
14,67.12,113,1.9,False,False,2,36.17,1820.45
15,67.12,100,0.88,False,False,2,126.72,1693.01
16,67.12,81,1.77,False,False,2,24.66,1667.78
17,67.12,99,0.84,False,False,2,137.33,1529.74
18,67.12,83,0.72,False,False,2,132.33,1393.65
19,67.12,165,1.74,False,False,2,60.81,1332.1
20,67.12,76,1.94,False,False,2,39.56,1291.7
21,67.12,88,1.15,False,False,2,142.23,1148.2
22,67.12,65,0.93,False,False,2,54.19,1093.42
1,67.5,63,1.24,False,False,2,92.09,0.02
2,67.5,111,1.97,False,False,2,114.02,2899.27
3,67.5,100,0.84,False,False,2,147.75,2750.83
4,67.5,130,1.69,False,False,2,36.11,2711.54
5,67.5,84,0.92,False,False,2,20.48,2689.95
6,67.5,104,1.77,False,False,2,141.37,2547.2
7,67.5,84,0.71,False,False,2,58.72,2486.18
8,67.5,119,0.92,False,False,2,62.65,2421.99
9,67.5,60,1.89,False,False,2,116.18,2303.46
10,67.5,67,1.88,False,False,2,122.73,2179.93
11,67.5,71,1.44,False,False,2,105.64,2073.34
12,67.5,75,1.61,False,False,2,72.59,1999.84
13,67.5,65,1.23,False,False,2,124.48,1873.62
14,67.5,116,1.73,False,False,2,55.89,1816.62
15,67.5,100,0.98,False,False,2,34.7,1781.01
16,67.5,82,1.05,False,False,2,116.72,1663.61
17,67.5,98,0.82,False,False,2,132.25,1530.62
18,67.5,81,1.62,False,False,2,141.86,1387.62
19,67.5,164,1.65,False,False,2,87.71,1298.53
20,67.5,79,1.21,False,False,2,48.28,1249.46
21,67.5,90,1.68,False,False,2,146.55,1101.96
22,67.5,63,1.11,False,False,2,38.99,1062.2
2,67.88,111,1.35,False,False,2,60.07,0.01
3,67.88,97,1.14,False,False,2,53.05,3000.29
4,67.88,132,1.06,False,False,2,51.72,2947.58
5,67.88,85,1.05,False,False,2,142.33,2804.63
6,67.88,103,0.57,False,False,2,21.04,2782.62
7,67.88,85,1.58,False,False,2,143.78,2638.05
8,67.88,119,0.88,False,False,2,116.5,2520.46
9,67.88,63,0.69,False,False,2,116.67,2403.14
10,67.88,65,1.57,False,False,2,148.14,2252.95
11,67.88,74,1.17,False,False,2,144.75,2107.59
12,67.88,77,1.13,False,False,2,91.38,2015.36
13,67.88,68,1.5,False,False,2,25.45,1989.2
14,67.88,118,1.62,False,False,2,27.64,1960.72
15,67.88,97,1.26,False,False,2,23.85,1936.35
16,67.88,80,0.95,False,False,2,104.75,1831.25
17,67.88,95,0.75,False,False,2,137.72,1693.18
18,67.88,80,1.24,False,False,2,84.31,1608.2
19,67.88,164,1.47,False,False,2,107.33,1499.29
20,67.88,76,0.79,False,False,2,120.68,1378.14
21,67.88,90,1.44,False,False,2,135.63,1241.66
22,67.88,61,1.92,False,False,2,128.25,1112.26
1,68.25,63,1.81,False,False,2,110.62,0.01
2,68.25,109,0.84,False,False,2,132.7,2871.51
3,68.25,94,1.35,False,False,2,112.6,2757.87
4,68.25,131,0.96,False,False,2,65.04,2691.91
5,68.25,83,1.38,False,False,2,23.74,2667.27
6,68.25,104,1.98,False,False,2,28.43,2637.62
7,68.25,86,1.74,False,False,2,72.58,2564.38
8,68.25,117,1.51,False,False,2,110.93,2452.8
9,68.25,66,1.98,False,False,2,86.73,2364.66
10,68.25,63,1.25,False,False,2,131.22,2232.44
11,68.25,76,1.84,False,False,2,81.92,2148.73
12,68.25,76,1.44,False,False,2,140.51,2007.65
13,68.25,66,1.8,False,False,2,105.28,1901.48
14,68.25,119,1.13,False,False,2,95.81,1804.71
15,68.25,95,0.83,False,False,2,83.23,1720.72
16,68.25,82,1.31,False,False,2,120.03,1599.28
17,68.25,94,0.93,False,False,2,50.28,1548.05
18,68.25,79,1.65,False,False,2,131.79,1415.16
19,68.25,164,1.87,False,False,2,103.13,1310.95
20,68.25,77,0.65,False,False,2,33.6,1276.83
21,68.25,87,1.46,False,False,2,89.08,1186.73
22,68.25,63,0.86,False,False,2,69.6,1116.16
1,68.62,64,1.57,False,False,2,114.15,0.02
2,68.62,106,1.32,False,False,2,49.32,2973.05
3,68.62,94,1.35,False,False,2,136.25,2835.78
4,68.62,131,1.57,False,False,2,130.94,2703.81
5,68.62,83,1.74,False,False,2,77.31,2625.84
6,68.62,107,0.69,False,False,2,42.69,2581.9
7,68.62,84,1.28,False,False,2,100.07,2480.55
8,68.62,117,0.67,False,False,2,68.1,2411.43
9,68.62,64,1.37,False,False,2,69.15,2339.62
10,68.62,66,1.13,False,False,2,64.29,2274.17
11,68.62,77,0.93,False,False,2,141.02,2132.34
12,68.62,79,1.45,False,False,2,89.3,2042.4
14,68.62,119,1.84,False,False,2,90.89,1949.45
15,68.62,97,0.79,False,False,2,29.18,1919.41
16,68.62,80,1.71,False,False,2,98.68,1819.95
17,68.62,94,1.27,False,False,2,109.19,1709.8
18,68.62,81,1.3,False,False,2,80.2,1628.87
19,68.62,163,1.38,False,False,2,107.74,1520.37
20,68.62,77,1.16,False,False,2,123.52,1394.17
21,68.62,84,1.14,False,False,2,136.71,1256.65
22,68.62,61,0.5,False,False,2,127.55,1128.47
1,69.0,66,1.64,False,False,2,126.68,0.02
2,69.0,107,0.97,False,False,2,56.17,2987.77
3,69.0,93,0.54,False,False,2,45.03,2941.6
4,69.0,134,1.48,False,False,2,131.79,2809.15
5,69.0,86,0.69,False,False,2,31.28,2777.26
6,69.0,109,0.82,False,False,2,118.47,2656.55
7,69.0,84,1.9,False,False,2,128.45,2527.16
8,69.0,114,0.75,False,False,2,77.87,2448.19
9,69.0,64,0.56,False,False,2,110.5,2336.94
10,69.0,67,1.4,False,False,2,88.82,2247.1
11,69.0,75,1.08,False,False,2,148.72,2097.41
12,69.0,81,0.59,False,False,2,141.21,1955.38
13,69.0,70,0.65,False,False,2,42.31,1911.63
14,69.0,117,1.94,False,False,2,66.51,1844.26
15,69.0,96,1.18,False,False,2,116.0,1727.14
16,69.0,82,1.32,False,False,2,144.19,1581.62
17,69.0,91,1.97,False,False,2,46.41,1534.23
18,69.0,83,1.48,False,False,2,65.66,1466.54
19,69.0,162,1.46,False,False,2,145.69,1320.02
20,69.0,78,0.53,False,False,2,123.92,1195.31
21,69.0,82,0.55,False,False,2,90.16,1104.03
22,69.0,63,0.64,False,False,2,38.03,1063.08
1,69.38,63,1.88,False,False,2,62.01,0.01
2,69.38,105,1.84,False,False,2,65.85,2820.05
3,69.38,91,1.12,False,False,2,111.04,2708.02
4,69.38,137,0.56,False,False,2,55.34,2651.28
5,69.38,84,1.82,False,False,2,29.65,2620.98
6,69.38,108,1.48,False,False,2,84.74,2535.36
7,69.38,84,1.24,False,False,2,73.67,2460.89
8,69.38,117,1.34,False,False,2,80.69,2379.22
9,69.38,66,0.53,False,False,2,56.29,2321.85
10,69.38,65,0.95,False,False,2,140.2,2180.9
11,69.38,73,1.0,False,False,2,76.87,2103.42
12,69.38,78,1.23,False,False,2,113.83,1988.49
13,69.38,70,1.57,False,False,2,147.53,1840.04
14,69.38,116,1.73,False,False,2,86.19,1752.49
15,69.38,95,1.08,False,False,2,101.54,1649.69
16,69.38,80,0.76,False,False,2,35.25,1613.48
17,69.38,92,1.92,False,False,2,47.5,1564.06
18,69.38,80,1.62,False,False,2,82.23,1480.35
19,69.38,165,1.99,False,False,2,77.14,1401.08
20,69.38,79,0.68,False,False,2,76.29,1323.66
21,69.38,85,0.69,False,False,2,99.48,1223.56
22,69.38,62,1.16,False,False,2,134.87,1086.55
1,69.75,62,0.82,False,False,2,84.96,0.02
2,69.75,107,0.51,False,False,2,146.15,2800.87
3,69.75,90,0.97,False,False,2,47.95,2752.22
4,69.75,134,0.6,False,False,2,34.78,2716.8
5,69.75,83,1.74,False,False,2,120.6,2595.48
6,69.75,109,0.61,False,False,2,86.04,2508.65
7,69.75,83,1.71,False,False,2,20.03,2485.91
8,69.75,117,0.65,False,False,2,109.66,2375.33
9,69.75,68,1.24,False,False,2,108.18,2266.4
10,69.75,65,1.3,False,False,2,32.89,2232.63
11,69.75,74,1.26,False,False,2,72.83,2159.15
12,69.75,76,1.33,False,False,2,129.23,2028.92
13,69.75,67,1.93,False,False,2,72.04,1955.76
14,69.75,116,0.92,False,False,2,86.95,1868.06
15,69.75,97,0.67,False,False,2,135.12,1730.5
16,69.75,79,1.97,False,False,2,60.54,1669.19
17,69.75,95,1.48,False,False,2,65.64,1602.55
18,69.75,81,1.19,False,False,2,140.7,1461.02
19,69.75,162,0.99,False,False,2,57.62,1402.74
20,69.75,80,1.1,False,False,2,149.18,1252.68
21,69.75,82,1.44,False,False,2,27.84,1223.01
22,69.75,61,0.81,False,False,2,81.48,1140.06
1,70.12,65,0.77,False,False,2,139.05,0.02
2,70.12,109,1.17,False,False,2,57.72,2764.85
3,70.12,92,1.64,False,False,2,56.25,2707.94
4,70.12,131,0.56,False,False,2,133.62,2571.98
5,70.12,81,1.02,False,False,2,81.97,2488.42
6,70.12,111,1.03,False,False,2,124.03,2363.81
7,70.12,86,1.99,False,False,2,57.72,2305.6
8,70.12,114,0.74,False,False,2,62.35,2241.32
9,70.12,66,1.44,False,False,2,42.47,2194.97
10,70.12,68,1.83,False,False,2,144.25,2048.96
11,70.12,72,0.85,False,False,2,59.12,1987.9
12,70.12,74,0.95,False,False,2,117.26,1869.37
13,70.12,66,0.89,False,False,2,146.71,1721.8
14,70.12,116,1.9,False,False,2,50.05,1670.53
15,70.12,100,1.34,False,False,2,52.0,1617.7
16,70.12,76,1.71,False,False,2,35.37,1581.2
17,70.12,97,0.79,False,False,2,53.71,1526.83
18,70.12,81,0.5,False,False,2,49.01,1477.13
19,70.12,165,0.93,False,False,2,122.7,1352.47
20,70.12,81,1.79,False,False,2,104.54,1245.25
21,70.12,84,0.73,False,False,2,38.45,1205.86
22,70.12,62,1.9,False,False,2,97.44,1107.88
1,70.5,64,0.61,False,False,2,104.82,0.02
2,70.5,108,1.68,False,False,2,117.95,2499.04
3,70.5,90,0.81,False,False,2,65.6,2432.61
4,70.5,129,1.67,False,False,2,79.07,2352.75
5,70.5,83,0.85,False,False,2,122.61,2229.35
6,70.5,112,1.29,False,False,2,62.71,2164.16
7,70.5,87,1.53,False,False,2,42.81,2119.26
8,70.5,111,1.57,False,False,2,94.17,2024.18
9,70.5,69,1.36,False,False,2,79.87,1943.4
10,70.5,70,1.82,False,False,2,106.42,1836.47
11,70.5,74,0.97,False,False,2,29.66,1803.31
12,70.5,74,1.66,False,False,2,85.48,1717.24
13,70.5,66,1.57,False,False,2,79.65,1636.97
14,70.5,115,1.5,False,False,2,55.11,1580.63
15,70.5,99,1.49,False,False,2,47.12,1531.92
16,70.5,78,1.79,False,False,2,37.85,1493.02
17,70.5,99,1.55,False,False,2,93.38,1397.52
18,70.5,83,1.64,False,False,2,22.86,1373.83
19,70.5,163,1.33,False,False,2,69.09,1304.26
20,70.5,82,1.02,False,False,2,34.88,1268.58
21,70.5,82,1.44,False,False,2,127.17,1140.45
22,70.5,60,1.52,False,False,2,98.73,1041.0
1,70.88,64,1.38,False,False,2,40.11,0.02
10,70.88,73,16.892695613293263,True,True,1,30.88,0.01
2,70.88,108,1.15,False,False,2,94.41,373.63
3,70.88,87,1.82,False,False,2,24.75,347.77
4,70.88,126,1.95,False,False,2,22.8,324.25
5,70.88,82,1.32,False,False,2,29.43,294.23
6,70.88,115,1.97,False,False,2,49.29,244.16
7,70.88,90,1.75,False,False,2,67.23,176.07
8,70.88,114,0.58,False,False,2,104.42,70.56
9,70.88,67,1.48,False,False,2,35.95,32.47
11,70.88,75,0.96,False,False,2,121.49,2033.79
12,70.88,73,1.45,False,False,2,88.12,1944.63
13,70.88,69,0.65,False,False,2,27.27,1916.67
14,70.88,113,1.12,False,False,2,68.0,1848.04
15,70.88,98,0.77,False,False,2,120.63,1726.05
16,70.88,81,0.73,False,False,2,87.32,1637.88
17,70.88,101,1.65,False,False,2,87.3,1548.87
18,70.88,84,1.76,False,False,2,141.16,1407.19
19,70.88,165,1.18,False,False,2,31.24,1375.4
20,70.88,83,0.99,False,False,2,131.04,1243.35
21,70.88,85,1.82,False,False,2,88.58,1154.06
22,70.88,60,1.49,False,False,2,84.54,1068.58
1,71.25,61,0.98,False,False,2,67.69,0.02
2,71.25,109,0.88,False,False,2,94.43,2559.39
3,71.25,86,1.76,False,False,2,42.2,2515.98
4,71.25,123,1.44,False,False,2,58.98,2456.0
5,71.25,80,1.2,False,False,2,60.59,2394.54
6,71.25,112,1.47,False,False,2,43.71,2350.03
7,71.25,92,1.74,False,False,2,21.72,2327.5
8,71.25,114,0.56,False,False,2,56.73,2270.05
9,71.25,69,1.0,False,False,2,144.11,2125.34
10,71.25,74,1.53,False,False,2,145.62,1977.21
11,71.25,77,0.69,False,False,2,63.04,1913.15
12,71.25,74,1.74,False,False,2,126.9,1785.67
13,71.25,67,1.08,False,False,2,26.93,1756.63
14,71.25,112,0.81,False,False,2,107.36,1648.51
15,71.25,96,1.29,False,False,2,41.58,1605.5
16,71.25,79,1.28,False,False,2,115.54,1488.97
17,71.25,104,1.49,False,False,2,57.92,1429.36
18,71.25,83,1.16,False,False,2,89.94,1338.35
19,71.25,165,0.63,False,False,2,107.97,1229.76
20,71.25,80,1.23,False,False,2,28.19,1200.93
21,71.25,85,0.63,False,False,2,36.95,1163.57
22,71.25,60,1.35,False,False,2,26.05,1136.43
1,71.62,64,1.23,False,False,2,135.3,0.02
2,71.62,111,1.18,False,False,2,141.32,2908.51
3,71.62,83,1.86,False,False,2,108.58,2799.44
4,71.62,122,1.58,False,False,2,110.46,2687.61
5,71.62,83,1.56,False,False,2,107.22,2578.86
6,71.62,114,1.91,False,False,2,87.14,2489.98
7,71.62,90,1.73,False,False,2,83.99,2404.4
8,71.62,117,2.0,False,False,2,67.2,2336.35
9,71.62,68,0.94,False,False,2,129.96,2204.38
10,71.62,76,1.42,False,False,2,75.51,2126.72
11,71.62,79,1.78,False,False,2,138.96,1987.17
12,71.62,75,1.68,False,False,2,94.4,1892.29
13,71.62,68,1.55,False,False,2,88.03,1803.39
14,71.62,113,1.45,False,False,2,33.92,1768.85
15,71.62,97,1.36,False,False,2,92.23,1674.87
16,71.62,77,1.63,False,False,2,35.91,1638.59
17,71.62,107,1.28,False,False,2,93.99,1544.25
18,71.62,83,1.92,False,False,2,100.51,1442.89
19,71.62,168,1.32,False,False,2,91.67,1350.6
20,71.62,81,1.86,False,False,2,73.86,1276.0
21,71.62,88,1.62,False,False,2,111.77,1162.41
22,71.62,60,0.51,False,False,2,72.84,1088.39
1,72.0,67,0.52,False,False,2,85.65,0.02
2,72.0,110,1.14,False,False,2,51.19,2038.73
3,72.0,82,0.87,False,False,2,133.35,1904.38
4,72.0,124,0.52,False,False,2,125.78,1777.69
5,72.0,84,1.98,False,False,2,112.95,1663.09
6,72.0,117,1.01,False,False,2,139.38,1523.05
7,72.0,90,0.61,False,False,2,104.49,1418.04
8,72.0,119,1.07,False,False,2,59.58,1357.57
9,72.0,70,1.21,False,False,2,71.22,1285.53
10,72.0,76,1.63,False,False,2,115.29,1168.51
11,72.0,76,0.71,False,False,2,122.79,1044.95
12,72.0,75,1.2,False,False,2,78.97,965.43
13,72.0,65,1.2,False,False,2,68.43,895.33
14,72.0,115,0.73,False,False,2,132.21,762.19
15,72.0,98,1.85,False,False,2,107.32,654.04
16,72.0,74,1.77,False,False,2,140.89,512.16
17,72.0,107,1.58,False,False,2,99.63,411.24
18,72.0,83,1.42,False,False,2,96.1,313.36
19,72.0,167,1.69,False,False,2,62.68,249.32
20,72.0,82,1.75,False,False,2,24.46,223.2
21,72.0,87,1.09,False,False,2,71.73,150.55
22,72.0,60,1.19,False,False,2,149.74,0.01
1,72.38,65,1.9,False,False,2,88.73,917.88
2,72.38,111,1.96,False,False,2,29.49,887.85
3,72.38,85,0.99,False,False,2,59.51,826.77
4,72.38,127,1.13,False,False,2,100.38,723.79
5,72.38,83,1.13,False,False,2,37.84,685.23
6,72.38,116,0.64,False,False,2,53.0,631.19
7,72.38,87,1.33,False,False,2,92.18,538.25
8,72.38,121,1.36,False,False,2,86.2,451.33
9,72.38,73,1.43,False,False,2,61.01,389.86
10,72.38,76,0.86,False,False,2,88.82,300.32
11,72.38,76,0.62,False,False,2,55.71,243.82
12,72.38,78,1.97,False,False,2,80.41,162.88
13,72.38,63,1.02,False,False,2,62.61,99.26
14,72.38,116,0.7,False,False,2,56.22,42.23
15,72.38,99,1.22,False,False,2,41.06,0.02
16,72.38,73,1.32,False,False,2,72.95,2030.99
17,72.38,106,1.22,False,False,2,147.0,1883.27
18,72.38,86,0.88,False,False,2,99.29,1782.76
19,72.38,170,1.56,False,False,2,72.26,1709.76
20,72.38,82,1.21,False,False,2,63.32,1645.76
21,72.38,88,1.32,False,False,2,71.98,1573.15
22,72.38,60,1.81,False,False,2,130.43,1441.44
1,72.75,68,1.88,False,False,2,77.92,362.36
2,72.75,108,1.56,False,False,2,142.16,219.28
3,72.75,84,1.1,False,False,2,38.12,180.29
4,72.75,125,1.83,False,False,2,53.69,125.39
5,72.75,84,0.59,False,False,2,122.22,0.01
6,72.75,118,1.21,False,False,2,73.79,2655.95
7,72.75,89,0.97,False,False,2,50.65,2602.91
8,72.75,119,1.06,False,False,2,65.59,2535.68
9,72.75,76,1.27,False,False,2,32.99,2501.69
10,72.75,76,1.43,False,False,2,145.6,2355.46
11,72.75,73,1.95,False,False,2,125.46,2229.32
12,72.75,81,1.64,False,False,2,58.79,2169.82
13,72.75,61,0.76,False,False,2,70.81,2098.16
14,72.75,114,0.7,False,False,2,99.75,1997.81
15,72.75,97,1.1,False,False,2,114.75,1882.35
16,72.75,71,1.58,False,False,2,38.76,1842.87
17,72.75,104,1.97,False,False,2,74.66,1766.96
18,72.75,89,1.71,False,False,2,114.12,1651.19
19,72.75,167,0.88,False,False,2,147.88,1501.31
20,72.75,79,1.48,False,False,2,140.73,1359.19
21,72.75,91,1.46,False,False,2,138.69,1217.97
22,72.75,61,1.6,False,False,2,126.59,1090.31
1,73.12,70,1.18,False,False,2,89.14,0.01
2,73.12,109,1.66,False,False,2,29.66,2671.85
3,73.12,84,0.78,False,False,2,67.09,2603.92
4,73.12,126,1.62,False,False,2,109.56,2493.55
5,73.12,81,0.98,False,False,2,49.14,2443.84
6,73.12,118,1.0,False,False,2,117.01,2324.58
7,73.12,89,0.79,False,False,2,109.87,2214.07
8,73.12,118,0.87,False,False,2,60.68,2152.61
9,73.12,77,1.99,False,False,2,67.76,2081.93
10,73.12,78,1.44,False,False,2,132.64,1948.28
11,73.12,70,0.56,False,False,2,123.08,1824.33
12,73.12,81,1.86,False,False,2,38.76,1784.89
13,73.12,64,1.6,False,False,2,35.8,1748.13
14,73.12,111,1.85,False,False,2,126.02,1621.39
16,73.12,69,0.54,False,False,2,45.73,1574.35
17,73.12,107,1.3,False,False,2,25.76,1547.47
18,73.12,89,1.3,False,False,2,142.78,1402.64
19,73.12,164,1.22,False,False,2,26.75,1374.86
20,73.12,80,0.94,False,False,2,139.15,1234.64
21,73.12,94,1.75,False,False,2,60.44,1173.32
22,73.12,64,1.31,False,False,2,96.17,1076.41
1,73.5,67,1.79,False,False,2,73.99,0.02
2,73.5,112,1.76,False,False,2,50.79,2693.15
3,73.5,85,1.53,False,False,2,110.34,2581.15
4,73.5,127,1.56,False,False,2,22.44,2557.77
5,73.5,84,1.27,False,False,2,98.94,2457.83
6,73.5,121,0.51,False,False,2,55.45,2400.59
7,73.5,91,0.56,False,False,2,30.4,2369.49
8,73.5,116,1.19,False,False,2,54.06,2312.69
9,73.5,75,1.85,False,False,2,129.99,2181.59
10,73.5,77,1.78,False,False,2,78.29,2102.24
11,73.5,70,1.97,False,False,2,77.45,2023.65
12,73.5,80,0.89,False,False,2,149.58,1872.52
13,73.5,61,1.92,False,False,2,133.19,1736.42
14,73.5,111,0.74,False,False,2,100.32,1634.85
15,73.5,97,0.62,False,False,2,31.64,1602.63
16,73.5,67,1.89,False,False,2,82.41,1519.26
17,73.5,110,1.01,False,False,2,85.18,1433.22
18,73.5,86,0.87,False,False,2,54.68,1376.45
19,73.5,167,1.79,False,False,2,133.12,1242.35
20,73.5,81,1.39,False,False,2,89.47,1151.84
21,73.5,95,1.14,False,False,2,73.6,1077.29
22,73.5,61,1.73,False,False,2,30.53,1044.65
1,73.88,66,1.91,False,False,2,43.31,0.02
2,73.88,109,1.76,False,False,2,43.74,2644.29
3,73.88,82,1.32,False,False,2,118.8,2523.78
4,73.88,128,1.74,False,False,2,22.16,2500.6
5,73.88,82,0.88,False,False,2,77.6,2422.44
6,73.88,119,1.63,False,False,2,124.66,2296.96
7,73.88,91,1.45,False,False,2,22.76,2273.32
8,73.88,114,1.68,False,False,2,102.98,2169.47
9,73.88,76,0.57,False,False,2,27.38,2141.43
10,73.88,80,1.16,False,False,2,47.26,2091.78
11,73.88,70,1.53,False,False,2,106.54,1984.55
12,73.88,83,1.05,False,False,2,132.13,1851.45
13,73.88,61,1.25,False,False,2,27.75,1822.87
14,73.88,109,1.38,False,False,2,141.54,1680.5
15,73.88,98,0.82,False,False,2,71.53,1608.11
16,73.88,65,1.35,False,False,2,99.14,1507.99
17,73.88,112,0.72,False,False,2,85.45,1421.36
18,73.88,84,1.35,False,False,2,54.33,1365.87
19,73.88,168,0.94,False,False,2,68.32,1295.38
20,73.88,78,1.36,False,False,2,134.57,1160.09
21,73.88,94,0.72,False,False,2,73.81,1085.49
22,73.88,62,0.77,False,False,2,52.61,1030.44
1,74.25,64,0.88,False,False,2,29.36,0.01
2,74.25,107,1.04,False,False,2,43.36,2762.66
3,74.25,83,0.85,False,False,2,92.49,2669.37
4,74.25,130,1.48,False,False,2,84.73,2583.59
5,74.25,81,0.52,False,False,2,61.67,2520.98
6,74.25,120,1.18,False,False,2,48.59,2471.09
7,74.25,88,1.43,False,False,2,94.58,2375.7
8,74.25,114,1.87,False,False,2,78.11,2295.4
9,74.25,74,0.62,False,False,2,62.61,2232.07
10,74.25,79,0.77,False,False,2,35.78,2195.63
11,74.25,68,1.53,False,False,2,61.98,2133.07
12,74.25,80,0.92,False,False,2,52.75,2079.41
13,74.25,62,1.87,False,False,2,61.43,2017.37
14,74.25,110,1.48,False,False,2,63.7,1952.88
15,74.25,95,1.87,False,False,2,56.84,1895.59
16,74.25,64,1.5,False,False,2,129.03,1764.71
17,74.25,115,1.56,False,False,2,115.15,1648.95
18,74.25,86,1.24,False,False,2,141.6,1506.75
19,74.25,165,0.79,False,False,2,108.27,1397.57
20,74.25,77,0.64,False,False,2,65.0,1331.72
21,74.25,95,1.24,False,False,2,126.9,1204.15
22,74.25,64,1.02,False,False,2,64.99,1137.34
1,74.62,65,1.91,False,False,2,134.72,0.02
2,74.62,108,1.11,False,False,2,118.21,2694.89
3,74.62,83,0.67,False,False,2,77.24,2617.02
4,74.62,131,1.42,False,False,2,73.83,2542.41
5,74.62,79,1.01,False,False,2,37.79,2503.9
6,74.62,121,1.26,False,False,2,86.73,2416.53
7,74.62,91,1.96,False,False,2,61.46,2353.05
8,74.62,113,1.92,False,False,2,83.13,2269.08
9,74.62,72,1.39,False,False,2,43.68,2224.07
10,74.62,78,1.45,False,False,2,137.44,2085.47
11,74.62,67,1.65,False,False,2,98.02,1986.12
12,74.62,78,0.76,False,False,2,65.08,1920.03
13,74.62,63,1.25,False,False,2,100.3,1818.72
14,74.62,113,0.6,False,False,2,89.67,1728.23
15,74.62,97,1.46,False,False,2,45.63,1681.92
16,74.62,61,1.15,False,False,2,140.65,1540.02
17,74.62,116,1.24,False,False,2,25.05,1514.33
18,74.62,85,0.73,False,False,2,20.43,1493.29
19,74.62,166,0.94,False,False,2,98.3,1394.38
20,74.62,77,1.63,False,False,2,145.52,1248.22
21,74.62,96,0.57,False,False,2,128.93,1116.69
22,74.62,64,1.35,False,False,2,38.08,1077.9
1,75.0,62,0.9,False,False,2,75.35,0.02
2,75.0,111,1.48,False,False,2,138.52,2582.18
3,75.0,83,1.39,False,False,2,121.8,2459.46
4,75.0,130,1.39,False,False,2,115.63,2343.16
5,75.0,82,1.29,False,False,2,31.78,2309.79
6,75.0,120,1.22,False,False,2,63.43,2245.7
7,75.0,94,1.7,False,False,2,33.37,2211.71
8,75.0,114,0.6,False,False,2,117.19,2093.81
9,75.0,75,1.81,False,False,2,95.75,1995.94
10,75.0,79,0.85,False,False,2,144.98,1850.11
11,75.0,67,1.03,False,False,2,64.36,1784.65
12,75.0,81,0.92,False,False,2,74.85,1708.94
13,75.0,66,1.17,False,False,2,33.64,1674.02
14,75.0,111,1.28,False,False,2,26.16,1645.46
15,75.0,94,1.86,False,False,2,53.24,1589.48
16,75.0,60,0.97,False,False,2,36.45,1552.48
17,75.0,116,1.53,False,False,2,23.37,1526.83
18,75.0,88,1.15,False,False,2,126.78,1399.09
19,75.0,169,0.56,False,False,2,40.61,1356.7
20,75.0,79,1.78,False,False,2,69.73,1284.74
21,75.0,96,1.62,False,False,2,26.24,1257.55
22,75.0,61,1.0,False,False,2,148.32,1108.59
1,75.38,64,0.62,False,False,2,107.47,0.01
2,75.38,114,1.41,False,False,2,91.86,2628.46
3,75.38,82,1.12,False,False,2,28.2,2599.07
4,75.38,131,0.72,False,False,2,141.1,2456.92
5,75.38,83,1.8,False,False,2,39.94,2415.76
6,75.38,121,0.55,False,False,2,20.89,2393.24
7,75.38,92,0.99,False,False,2,57.46,2335.16
8,75.38,117,0.93,False,False,2,73.99,2259.08
9,75.38,75,1.13,False,False,2,90.37,2168.04
10,75.38,80,1.76,False,False,2,66.14,2100.93
11,75.38,68,0.71,False,False,2,127.5,1972.83
12,75.38,78,0.56,False,False,2,107.63,1864.39
13,75.38,66,1.31,False,False,2,69.45,1793.48
14,75.38,108,1.19,False,False,2,35.3,1757.48
15,75.38,94,1.34,False,False,2,112.0,1641.98
16,75.38,63,1.65,False,False,2,28.66,1610.85
17,75.38,117,0.9,False,False,2,85.69,1523.67
18,75.38,88,1.62,False,False,2,88.75,1433.47
19,75.38,168,1.71,False,False,2,147.1,1285.46
20,75.38,81,0.57,False,False,2,34.69,1249.93
21,75.38,95,0.79,False,False,2,105.09,1143.94
22,75.38,61,0.78,False,False,2,120.57,1022.45
1,75.75,61,1.89,False,False,2,21.72,0.02
2,75.75,112,1.32,False,False,2,82.7,2788.7
3,75.75,83,0.74,False,False,2,76.18,2711.7
4,75.75,131,1.09,False,False,2,44.84,2666.04
5,75.75,80,1.39,False,False,2,78.26,2586.77
6,75.75,120,1.6,False,False,2,148.62,2437.22
7,75.75,94,0.84,False,False,2,24.03,2412.09
8,75.75,115,1.74,False,False,2,121.55,2289.73
9,75.75,74,1.23,False,False,2,69.1,2219.7
10,75.75,78,1.78,False,False,2,43.35,2173.99
11,75.75,66,1.58,False,False,2,142.04,2031.22
12,75.75,78,1.15,False,False,2,129.34,1901.15
13,75.75,63,0.72,False,False,2,49.19,1850.79
14,75.75,109,0.66,False,False,2,40.11,1809.53
15,75.75,94,1.96,False,False,2,133.83,1673.75
16,75.75,61,1.84,False,False,2,45.97,1626.7
17,75.75,116,0.52,False,False,2,71.3,1554.71
18,75.75,91,0.54,False,False,2,135.23,1418.69
19,75.75,169,1.89,False,False,2,81.24,1336.73
20,75.75,81,1.47,False,False,2,44.4,1290.14
21,75.75,97,1.81,False,False,2,116.74,1172.57
22,75.75,62,0.61,False,False,2,142.24,1029.41
1,76.12,60,1.76,False,False,2,28.48,0.01
2,76.12,111,1.01,False,False,2,22.19,2807.95
3,76.12,82,1.46,False,False,2,80.64,2726.37
4,76.12,128,1.99,False,False,2,145.65,2580.06
5,76.12,80,1.55,False,False,2,41.31,2538.19
6,76.12,123,1.35,False,False,2,53.65,2483.52
7,76.12,91,1.21,False,False,2,128.84,2354.19
8,76.12,118,1.77,False,False,2,49.38,2303.68
9,76.12,75,1.35,False,False,2,77.46,2223.78
10,76.12,80,1.83,False,False,2,92.85,2130.1
11,76.12,65,0.58,False,False,2,28.42,2100.53
12,76.12,76,1.1,False,False,2,126.92,1972.39
13,76.12,65,1.82,False,False,2,122.92,1848.27
14,76.12,109,0.94,False,False,2,20.54,1826.55
15,76.12,93,1.34,False,False,2,117.48,1708.28
16,76.12,61,1.13,False,False,2,115.95,1591.6
17,76.12,114,0.91,False,False,2,64.49,1525.77
18,76.12,89,1.74,False,False,2,62.94,1462.21
19,76.12,166,1.96,False,False,2,131.11,1330.22
20,76.12,79,1.04,False,False,2,108.35,1221.32
21,76.12,95,0.87,False,False,2,88.45,1132.23
22,76.12,61,1.5,False,False,2,76.72,1054.53
1,76.5,60,1.48,False,False,2,53.23,0.01
2,76.5,110,0.99,False,False,2,70.46,3027.17
3,76.5,84,1.77,False,False,2,91.14,2935.25
4,76.5,129,0.94,False,False,2,105.83,2827.36
5,76.5,78,1.0,False,False,2,82.7,2743.97
6,76.5,121,0.53,False,False,2,71.08,2670.31
7,76.5,92,0.89,False,False,2,77.22,2592.13
8,76.5,116,1.48,False,False,2,143.36,2446.19
9,76.5,72,1.16,False,False,2,74.9,2370.33
10,76.5,80,0.82,False,False,2,148.89,2220.45
11,76.5,66,1.86,False,False,2,134.68,2085.13
12,76.5,78,0.56,False,False,2,137.34,1945.48
14,76.5,112,1.61,False,False,2,108.13,1832.49
15,76.5,96,0.84,False,False,2,47.16,1784.42
16,76.5,60,1.86,False,False,2,103.12,1679.1
17,76.5,114,1.5,False,False,2,146.51,1531.53
18,76.5,86,0.59,False,False,2,124.33,1406.25
20,76.5,80,1.54,False,False,2,84.93,1318.89
21,76.5,93,1.23,False,False,2,85.11,1232.68
22,76.5,62,1.89,False,False,2,121.18,1110.34
1,76.88,63,1.51,False,False,2,108.84,0.02
2,76.88,113,1.68,False,False,2,30.62,2834.1
3,76.88,81,1.1,False,False,2,75.52,2756.79
4,76.88,127,0.63,False,False,2,71.55,2684.22
5,76.88,75,1.75,False,False,2,124.11,2559.43
6,76.88,118,1.19,False,False,2,46.95,2511.99
7,76.88,90,1.5,False,False,2,139.99,2371.08
8,76.88,119,1.76,False,False,2,142.11,2228.14
9,76.88,74,0.76,False,False,2,58.79,2168.38
10,76.88,80,0.68,False,False,2,93.44,2072.34
11,76.88,68,1.32,False,False,2,86.39,1985.04
12,76.88,78,0.6,False,False,2,113.28,1870.53
13,76.88,66,1.31,False,False,2,84.3,1785.29
14,76.88,114,1.04,False,False,2,27.33,1757.07
15,76.88,98,1.82,False,False,2,130.2,1625.8
16,76.88,61,1.57,False,False,2,58.61,1566.39
17,76.88,115,1.06,False,False,2,79.27,1485.4
18,76.88,87,0.71,False,False,2,75.42,1409.07
19,76.88,167,1.21,False,False,2,137.14,1270.84
20,76.88,83,1.99,False,False,2,21.27,1248.74
21,76.88,95,0.65,False,False,2,113.76,1134.09
22,76.88,60,1.15,False,False,2,25.61,1107.44
1,77.25,63,1.62,False,False,2,105.61,0.01
2,77.25,113,1.96,False,False,2,138.19,1866.41
3,77.25,78,1.73,False,False,2,144.13,1721.44
4,77.25,128,1.59,False,False,2,129.77,1590.6
5,77.25,73,1.21,False,False,2,136.05,1453.9
6,77.25,117,1.19,False,False,2,110.39,1342.11
7,77.25,91,1.07,False,False,2,62.34,1278.98
8,77.25,120,1.57,False,False,2,148.46,1129.51
9,77.25,74,1.31,False,False,2,130.34,998.08
10,77.25,83,0.84,False,False,2,130.58,866.84
11,77.25,71,1.2,False,False,2,71.71,794.09
12,77.25,80,0.74,False,False,2,113.92,679.38
13,77.25,66,0.68,False,False,2,134.45,544.04
14,77.25,115,0.95,False,False,2,118.28,425.01
15,77.25,95,0.9,False,False,2,98.81,325.67
16,77.25,60,0.65,False,False,2,63.14,261.84
17,77.25,115,1.67,False,False,2,96.89,164.05
18,77.25,88,1.14,False,False,2,50.52,113.04
19,77.25,165,1.17,False,False,2,112.11,0.02
20,77.25,80,1.76,False,False,2,36.91,1998.08
21,77.25,98,1.7,False,False,2,62.27,1934.78
22,77.25,62,1.53,False,False,2,113.95,1820.26
1,77.62,62,1.08,False,False,2,70.95,746.36
2,77.62,112,1.33,False,False,2,116.38,629.25
3,77.62,77,0.59,False,False,2,34.35,593.95
4,77.62,125,1.06,False,False,2,43.98,549.24
5,77.62,75,1.88,False,False,2,121.24,427.09
6,77.62,118,1.46,False,False,2,72.85,351.75
7,77.62,92,1.16,False,False,2,84.29,266.59
8,77.62,119,1.31,False,False,2,27.04,238.71
9,77.62,76,0.54,False,False,2,43.25,194.84
10,77.62,86,0.78,False,False,2,120.0,74.09
11,77.62,70,0.78,False,False,2,72.63,0.01
12,77.62,79,1.49,False,False,2,123.75,1894.52
13,77.62,69,0.61,False,False,2,39.89,1853.84
14,77.62,113,0.99,False,False,2,29.14,1823.66
15,77.62,94,0.9,False,False,2,24.47,1798.5
16,77.62,60,0.51,False,False,2,107.97,1689.54
17,77.62,118,0.54,False,False,2,36.21,1651.48
18,77.62,86,0.71,False,False,2,40.81,1609.93
19,77.62,162,0.81,False,False,2,93.82,1515.08
20,77.62,77,1.09,False,False,2,39.68,1473.06
21,77.62,95,1.67,False,False,2,24.02,1448.17
22,77.62,63,0.85,False,False,2,138.22,1309.23
1,78.0,62,0.74,False,False,2,102.34,204.85
2,78.0,111,0.79,False,False,2,34.84,169.16
3,78.0,78,0.77,False,False,2,31.69,135.95
4,78.0,126,1.74,False,False,2,135.27,0.02
5,78.0,77,1.68,False,False,2,81.54,2624.78
6,78.0,121,0.7,False,False,2,22.98,2601.11
7,78.0,93,1.19,False,False,2,22.35,2577.77
8,78.0,116,1.31,False,False,2,71.62,2505.14
9,78.0,74,0.78,False,False,2,145.12,2358.93
10,78.0,88,1.77,False,False,2,41.01,2316.89
11,78.0,70,0.85,False,False,2,135.97,2177.75
12,78.0,79,0.63,False,False,2,66.97,2109.27
13,78.0,68,1.35,False,False,2,149.75,1958.36
14,78.0,112,1.31,False,False,2,147.97,1809.29
15,78.0,95,1.93,False,False,2,23.06,1784.75
16,78.0,60,0.52,False,False,2,140.07,1642.63
18,78.0,84,1.4,False,False,2,127.0,1513.1
19,78.0,165,1.56,False,False,2,92.46,1419.65
20,78.0,76,1.25,False,False,2,131.41,1286.47
21,78.0,96,1.57,False,False,2,126.91,1158.6
22,78.0,66,0.7,False,False,2,54.89,1102.31
1,78.38,63,0.82,False,False,2,101.41,0.02
2,78.38,109,1.51,False,False,2,48.13,2590.51
3,78.38,79,0.5,False,False,2,88.24,2500.93
4,78.38,126,1.5,False,False,2,94.41,2405.6
5,78.38,79,1.26,False,False,2,42.54,2360.94
6,78.38,124,0.94,False,False,2,68.66,2291.47
7,78.38,92,0.66,False,False,2,48.53,2241.74
8,78.38,119,1.95,False,False,2,34.48,2206.44
9,78.38,77,1.06,False,False,2,123.92,2081.73
10,78.38,88,1.65,False,False,2,85.51,1994.69
11,78.38,73,1.46,False,False,2,54.06,1939.77
12,78.38,79,1.24,False,False,2,107.96,1830.37
13,78.38,70,0.63,False,False,2,72.06,1757.19
14,78.38,114,0.57,False,False,2,22.01,1734.18
15,78.38,93,0.7,False,False,2,131.46,1602.09
16,78.38,61,0.63,False,False,2,117.14,1483.22
17,78.38,117,0.7,False,False,2,100.45,1381.99
18,78.38,83,0.52,False,False,2,97.61,1282.93
19,78.38,165,1.58,False,False,2,82.71,1199.29
20,78.38,79,1.75,False,False,2,51.55,1147.07
21,78.38,93,0.88,False,False,2,63.88,1082.25
22,78.38,66,1.04,False,False,2,25.55,1056.06
1,78.75,62,1.04,False,False,2,53.1,0.01
2,78.75,107,1.11,False,False,2,71.25,2672.87
3,78.75,77,1.29,False,False,2,132.26,2539.74
4,78.75,125,0.94,False,False,2,29.1,2509.76
5,78.75,78,0.8,False,False,2,98.63,2410.15
6,78.75,125,0.58,False,False,2,96.68,2313.0
7,78.75,90,0.85,False,False,2,108.93,2203.62
8,78.75,117,0.6,False,False,2,124.86,2077.01
9,78.75,77,1.36,False,False,2,81.46,1995.05
10,78.75,89,1.16,False,False,2,36.5,1957.7
11,78.75,70,1.78,False,False,2,71.33,1885.58
12,78.75,81,1.7,False,False,2,124.21,1760.22
13,78.75,73,1.48,False,False,2,121.62,1637.97
14,78.75,116,1.81,False,False,2,87.17,1549.97
15,78.75,92,0.6,False,False,2,83.62,1464.92
16,78.75,60,0.82,False,False,2,85.29,1378.86
17,78.75,118,0.74,False,False,2,51.43,1326.82
18,78.75,82,1.83,False,False,2,77.5,1248.7
19,78.75,162,0.71,False,False,2,23.95,1224.19
20,78.75,81,1.94,False,False,2,94.69,1128.82
21,78.75,92,0.71,False,False,2,40.26,1087.8
22,78.75,69,1.11,False,False,2,38.29,1047.35
1,79.12,61,0.66,False,False,2,46.36,0.02
2,79.12,110,0.83,False,False,2,124.48,2972.63
3,79.12,78,1.08,False,False,2,34.71,2937.14
4,79.12,122,0.89,False,False,2,51.76,2882.49
5,79.12,77,0.62,False,False,2,121.26,2760.28
6,79.12,123,1.86,False,False,2,149.82,2607.67
7,79.12,87,1.78,False,False,2,147.67,2458.9
8,79.12,118,1.17,False,False,2,127.17,2330.15
9,79.12,77,1.29,False,False,2,53.91,2275.83
10,79.12,92,1.95,False,False,2,106.25,2168.76
11,79.12,70,0.83,False,False,2,106.3,2061.93
12,79.12,80,1.41,False,False,2,57.77,2003.09
13,79.12,73,0.97,False,False,2,93.41,1907.17
14,79.12,116,1.51,False,False,2,72.45,1833.86
15,79.12,89,1.62,False,False,2,41.17,1791.71
16,79.12,60,0.62,False,False,2,110.64,1678.11
17,79.12,118,1.0,False,False,2,145.9,1531.5
18,79.12,81,1.36,False,False,2,52.62,1477.95
19,79.12,159,1.51,False,False,2,45.28,1430.48
20,79.12,79,0.73,False,False,2,84.87,1344.89
21,79.12,93,0.62,False,False,2,148.34,1195.9
22,79.12,69,1.7,False,False,2,48.29,1146.82
1,79.5,60,1.41,False,False,2,144.69,0.02
2,79.5,113,1.22,False,False,2,131.18,2479.77
3,79.5,77,1.59,False,False,2,36.61,2442.23
4,79.5,125,1.78,False,False,2,132.36,2308.97
5,79.5,77,0.55,False,False,2,25.19,2282.96
6,79.5,124,1.44,False,False,2,46.75,2234.9
7,79.5,88,0.88,False,False,2,73.89,2159.24
8,79.5,117,1.34,False,False,2,25.06,2133.21
9,79.5,75,1.78,False,False,2,53.81,2078.61
10,79.5,93,1.24,False,False,2,74.7,2003.06
11,79.5,70,1.91,False,False,2,55.6,1945.91
12,79.5,78,1.37,False,False,2,23.42,1921.92
13,79.5,71,1.62,False,False,2,75.6,1845.66
14,79.5,117,1.07,False,False,2,120.0,1724.91
15,79.5,91,0.5,False,False,2,22.79,1701.43
16,79.5,62,1.88,False,False,2,39.21,1661.55
17,79.5,119,1.48,False,False,2,31.63,1627.48
18,79.5,84,1.89,False,False,2,138.01,1488.24
19,79.5,161,1.25,False,False,2,49.22,1436.67
20,79.5,78,2.0,False,False,2,121.23,1312.94
21,79.5,93,1.31,False,False,2,108.26,1203.97
22,79.5,70,1.29,False,False,2,145.23,1057.9
1,79.88,61,0.66,False,False,2,56.93,0.02
2,79.88,114,1.07,False,False,2,36.05,2790.7
3,79.88,74,1.54,False,False,2,99.94,2690.15
4,79.88,122,1.76,False,False,2,41.3,2647.63
5,79.88,76,1.98,False,False,2,127.37,2519.49
6,79.88,122,0.67,False,False,2,59.51,2459.38
7,79.88,90,1.62,False,False,2,148.6,2309.78
8,79.88,119,1.95,False,False,2,118.49,2189.14
9,79.88,73,1.59,False,False,2,129.46,2058.9
10,79.88,92,1.44,False,False,2,26.92,2031.35
11,79.88,68,1.42,False,False,2,78.76,1951.51
12,79.88,78,1.62,False,False,2,33.96,1915.43
13,79.88,68,0.98,False,False,2,73.73,1840.97
14,79.88,116,1.46,False,False,2,44.44,1795.59
15,79.88,92,1.47,False,False,2,94.72,1699.69
16,79.88,61,1.14,False,False,2,68.66,1630.06
17,79.88,122,1.9,False,False,2,121.05,1508.42
18,79.88,81,0.5,False,False,2,82.49,1425.2
19,79.88,163,0.67,False,False,2,120.75,1303.42
20,79.88,77,1.16,False,False,2,58.51,1244.17
21,79.88,94,1.38,False,False,2,24.26,1219.14
22,79.88,70,0.55,False,False,2,146.97,1071.37
1,80.25,60,1.29,False,False,2,70.28,0.02
2,80.25,114,0.93,False,False,2,48.79,3028.61
3,80.25,77,0.9,False,False,2,147.09,2880.87
4,80.25,120,1.25,False,False,2,78.88,2801.22
5,80.25,75,0.94,False,False,2,134.31,2665.12
6,80.25,120,1.15,False,False,2,122.11,2540.85
7,80.25,89,1.48,False,False,2,125.67,2414.35
8,80.25,118,0.95,False,False,2,47.11,2366.39
9,80.25,73,1.34,False,False,2,133.74,2231.9
10,80.25,91,1.4,False,False,2,146.45,2085.01
11,80.25,65,1.45,False,False,2,56.9,2027.27
12,80.25,80,1.97,False,False,2,128.45,1897.89
13,80.25,65,0.97,False,False,2,108.66,1788.17
14,80.25,118,1.25,False,False,2,42.45,1743.68
15,80.25,89,1.49,False,False,2,21.61,1721.02
16,80.25,64,0.54,False,False,2,74.17,1646.05
17,80.25,122,1.91,False,False,2,80.89,1564.65
18,80.25,84,0.6,False,False,2,124.74,1438.71
19,80.25,160,1.37,False,False,2,104.5,1333.51
20,80.25,78,1.71,False,False,2,34.18,1298.32
21,80.25,96,1.99,False,False,2,44.45,1253.24
22,80.25,67,0.97,False,False,2,112.13,1140.31
1,80.62,60,0.92,False,False,2,138.96,0.02
2,80.62,117,1.78,False,False,2,78.27,2918.26
3,80.62,78,1.65,False,False,2,108.77,2808.26
4,80.62,122,1.96,False,False,2,98.09,2709.55
5,80.62,75,1.02,False,False,2,145.07,2563.52
6,80.62,123,1.97,False,False,2,116.6,2446.15
7,80.62,91,1.39,False,False,2,69.91,2375.56
8,80.62,117,1.38,False,False,2,129.43,2244.83
9,80.62,76,1.36,False,False,2,141.16,2102.57
10,80.62,90,1.03,False,False,2,52.96,2049.08
11,80.62,68,0.76,False,False,2,101.94,1946.5
12,80.62,80,0.62,False,False,2,106.34,1839.41
13,80.62,62,1.57,False,False,2,116.8,1721.16
14,80.62,119,1.08,False,False,2,38.34,1681.77
15,80.62,91,0.65,False,False,2,141.4,1539.76
16,80.62,61,1.09,False,False,2,93.12,1444.16
17,80.62,120,1.13,False,False,2,24.77,1418.57
18,80.62,84,1.72,False,False,2,50.5,1367.54
19,80.62,162,1.55,False,False,2,73.87,1293.05
20,80.62,77,0.61,False,False,2,61.79,1228.95
21,80.62,95,1.38,False,False,2,54.63,1171.75
22,80.62,64,0.88,False,False,2,86.68,1084.36
1,81.0,61,1.22,False,False,2,82.79,0.02
2,81.0,118,0.84,False,False,2,97.82,1903.25
3,81.0,76,1.83,False,False,2,146.73,1755.68
4,81.0,123,0.67,False,False,2,98.19,1656.55
5,81.0,78,1.6,False,False,2,149.93,1504.65
6,81.0,120,1.53,False,False,2,149.35,1354.68
7,81.0,94,1.5,False,False,2,102.61,1250.99
8,81.0,115,1.12,False,False,2,135.48,1114.46
9,81.0,75,1.3,False,False,2,99.54,1014.35
10,81.0,92,1.51,False,False,2,69.49,943.75
11,81.0,67,1.99,False,False,2,86.52,856.69
12,81.0,79,1.62,False,False,2,145.95,708.81
13,81.0,63,0.93,False,False,2,43.18,663.24
14,81.0,118,1.85,False,False,2,127.58,534.55
15,81.0,89,2.0,False,False,2,121.58,411.8
16,81.0,60,0.9,False,False,2,88.62,321.9
17,81.0,117,0.68,False,False,2,126.17,194.59
18,81.0,85,0.61,False,False,2,61.7,131.36
19,81.0,164,1.47,False,False,2,130.74,0.02
20,81.0,77,1.11,False,False,2,35.23,1970.42
21,81.0,95,1.33,False,False,2,52.27,1917.2
22,81.0,63,1.46,False,False,2,62.22,1852.57
1,81.38,60,0.65,False,False,2,89.95,761.69
2,81.38,117,1.95,False,False,2,108.05,653.03
3,81.38,79,1.34,False,False,2,39.54,612.73
4,81.38,123,1.12,False,False,2,143.02,468.84
5,81.38,79,1.83,False,False,2,93.99,373.69
6,81.38,121,1.13,False,False,2,92.75,280.13
7,81.38,94,0.97,False,False,2,32.16,247.08
8,81.38,118,1.55,False,False,2,26.5,220.01
9,81.38,75,1.13,False,False,2,122.74,96.15
10,81.38,90,0.98,False,False,2,94.75,0.02
11,81.38,70,1.65,False,False,2,65.92,2123.98
12,81.38,82,0.63,False,False,2,70.51,2052.34
13,81.38,64,1.97,False,False,2,46.45,2004.76
14,81.38,117,1.16,False,False,2,119.62,1883.5
15,81.38,90,1.67,False,False,2,57.07,1824.17
16,81.38,61,0.87,False,False,2,116.68,1706.6
17,81.38,117,1.28,False,False,2,35.37,1670.23
18,81.38,84,0.56,False,False,2,145.17,1524.43
19,81.38,166,1.43,False,False,2,92.68,1431.06
20,81.38,78,0.66,False,False,2,51.11,1378.88
21,81.38,92,1.68,False,False,2,127.54,1250.2
22,81.38,60,1.34,False,False,2,106.45,1142.99
1,81.75,60,1.04,False,False,2,141.11,0.01
2,81.75,120,1.35,False,False,2,116.68,1904.74
3,81.75,81,1.05,False,False,2,80.85,1822.66
4,81.75,123,0.75,False,False,2,147.9,1673.52
5,81.75,81,0.98,False,False,2,116.01,1555.9
6,81.75,119,1.34,False,False,2,133.57,1421.66
7,81.75,92,1.17,False,False,2,39.72,1381.05
8,81.75,119,0.82,False,False,2,135.73,1244.41
9,81.75,72,1.6,False,False,2,77.4,1166.49
10,81.75,93,1.31,False,False,2,30.8,1134.27
11,81.75,68,0.73,False,False,2,100.8,1032.64
12,81.75,84,1.98,False,False,2,80.05,951.32
13,81.75,66,1.16,False,False,2,137.66,813.03
14,81.75,118,0.83,False,False,2,96.91,715.46
15,81.75,91,0.94,False,False,2,104.27,610.64
16,81.75,60,1.45,False,False,2,87.77,521.94
17,81.75,116,1.1,False,False,2,48.62,472.26
18,81.75,83,1.24,False,False,2,78.42,392.45
19,81.75,166,1.9,False,False,2,148.58,243.28
20,81.75,78,1.04,False,False,2,139.59,101.63
21,81.75,91,1.3,False,False,2,100.59,0.02
22,81.75,62,1.8,False,False,2,136.33,1974.55
1,82.12,60,1.36,False,False,2,50.92,921.92
2,82.12,122,1.2,False,False,2,51.69,869.14
3,82.12,83,1.76,False,False,2,76.78,791.64
4,82.12,122,0.53,False,False,2,81.72,709.19
5,82.12,84,1.81,False,False,2,25.74,682.62
6,82.12,120,0.53,False,False,2,115.69,565.96
7,82.12,93,1.93,False,False,2,83.98,481.27
8,82.12,116,0.83,False,False,2,114.71,364.63
9,82.12,75,1.24,False,False,2,103.45,258.97
10,82.12,91,1.27,False,False,2,39.36,218.88
11,82.12,68,1.29,False,False,2,101.6,116.23
12,82.12,81,0.76,False,False,2,115.55,0.02
13,82.12,69,0.97,False,False,2,133.27,1889.6
14,82.12,115,1.95,False,False,2,84.3,1804.54
15,82.12,94,1.94,False,False,2,39.77,1763.84
16,82.12,62,0.79,False,False,2,40.37,1721.78
17,82.12,115,1.85,False,False,2,130.38,1590.31
18,82.12,84,1.8,False,False,2,76.82,1512.82
19,82.12,165,1.8,False,False,2,144.25,1367.69
20,82.12,79,0.54,False,False,2,126.14,1240.76
21,82.12,93,1.48,False,False,2,107.83,1130.1
22,82.12,63,1.11,False,False,2,85.68,1043.56
1,82.5,60,1.05,False,False,2,42.41,0.02
2,82.5,121,0.62,False,False,2,90.14,3004.78
3,82.5,85,1.97,False,False,2,59.53,2943.45
4,82.5,124,0.99,False,False,2,108.15,2834.54
5,82.5,84,0.8,False,False,2,123.89,2709.89
6,82.5,118,1.46,False,False,2,31.97,2677.24
7,82.5,92,1.13,False,False,2,132.55,2543.76
8,82.5,114,0.87,False,False,2,29.2,2513.45
9,82.5,78,0.68,False,False,2,120.14,2392.47
10,82.5,93,1.0,False,False,2,71.0,2320.79
11,82.5,67,0.55,False,False,2,28.46,2291.29
12,82.5,80,1.58,False,False,2,57.57,2232.72
13,82.5,69,1.26,False,False,2,104.28,2127.49
14,82.5,112,0.81,False,False,2,109.72,2016.87
15,82.5,93,1.89,False,False,2,146.77,1868.54
16,82.5,63,1.31,False,False,2,89.74,1776.55
17,82.5,114,1.22,False,False,2,123.37,1651.91
18,82.5,84,1.02,False,False,2,113.34,1537.53
19,82.5,168,1.89,False,False,2,25.48,1510.97
20,82.5,81,1.3,False,False,2,113.82,1395.99
21,82.5,90,0.86,False,False,2,139.91,1254.47
22,82.5,62,0.99,False,False,2,123.2,1130.42
1,82.88,60,0.64,False,False,2,125.64,0.02
2,82.88,123,1.09,False,False,2,72.93,2635.0
3,82.88,82,1.08,False,False,2,83.51,2550.82
4,82.88,122,1.69,False,False,2,42.83,2507.11
5,82.88,84,1.16,False,False,2,58.39,2448.12
6,82.88,118,1.15,False,False,2,113.96,2333.32
7,82.88,93,0.75,False,False,2,53.8,2278.37
8,82.88,114,1.25,False,False,2,21.04,2255.63
9,82.88,81,0.86,False,False,2,41.01,2214.07
10,82.88,94,1.52,False,False,2,43.75,2169.44
11,82.88,66,1.29,False,False,2,77.18,2089.94
12,82.88,78,1.38,False,False,2,82.27,2006.7
13,82.88,67,1.28,False,False,2,82.0,1923.99
14,82.88,111,1.64,False,False,2,75.93,1846.99
15,82.88,90,1.99,False,False,2,120.58,1725.75
16,82.88,65,0.78,False,False,2,82.76,1642.04
17,82.88,117,1.03,False,False,2,124.86,1516.26
18,82.88,84,1.99,False,False,2,43.42,1471.54
19,82.88,166,1.99,False,False,2,82.47,1388.43
20,82.88,83,1.52,False,False,2,99.13,1288.45
21,82.88,91,1.61,False,False,2,120.5,1167.31
22,82.88,60,1.24,False,False,2,110.92,1055.37
1,83.25,63,0.55,False,False,2,54.44,0.01
2,83.25,126,1.52,False,False,2,134.56,2506.6
3,83.25,82,1.64,False,False,2,87.33,2418.45
4,83.25,122,1.77,False,False,2,49.67,2367.32
5,83.25,82,1.12,False,False,2,81.43,2285.2
6,83.25,118,0.83,False,False,2,35.6,2248.61
7,83.25,90,0.81,False,False,2,144.92,2103.21
8,83.25,116,0.85,False,False,2,64.34,2038.19
9,83.25,79,1.18,False,False,2,149.21,1888.38
10,83.25,95,1.94,False,False,2,57.95,1829.55
11,83.25,69,0.75,False,False,2,26.71,1801.9
12,83.25,80,0.84,False,False,2,121.95,1679.24
13,83.25,70,1.01,False,False,2,129.98,1548.21
14,83.25,108,1.08,False,False,2,23.75,1523.58
15,83.25,87,0.59,False,False,2,94.51,1428.16
16,83.25,66,0.64,False,False,2,36.04,1391.19
17,83.25,119,0.88,False,False,2,49.54,1340.44
18,83.25,85,0.81,False,False,2,50.2,1289.4
19,83.25,168,0.67,False,False,2,24.41,1263.87
20,83.25,80,0.88,False,False,2,62.86,1199.88
21,83.25,90,1.79,False,False,2,149.41,1049.93
22,83.25,62,1.98,False,False,2,24.31,1024.86
1,83.62,62,1.15,False,False,2,21.17,0.02
2,83.62,128,0.96,False,False,2,67.01,3017.42
3,83.62,82,0.75,False,False,2,103.3,2912.74
4,83.62,120,0.85,False,False,2,44.03,2867.9
5,83.62,79,1.21,False,False,2,149.24,2717.68
6,83.62,121,0.95,False,False,2,119.81,2596.9
7,83.62,89,1.75,False,False,2,28.98,2567.31
8,83.62,114,0.51,False,False,2,109.66,2456.83
9,83.62,79,1.7,False,False,2,100.08,2354.12
10,83.62,93,1.95,False,False,2,101.97,2251.65
11,83.62,68,1.36,False,False,2,82.97,2167.46
12,83.62,80,0.84,False,False,2,130.72,2035.27
13,83.62,72,1.54,False,False,2,106.64,1927.9
14,83.62,109,1.19,False,False,2,103.63,1823.73
15,83.62,85,1.63,False,False,2,126.96,1695.74
16,83.62,64,1.72,False,False,2,43.23,1651.71
17,83.62,116,1.17,False,False,2,66.58,1583.65
18,83.62,83,1.76,False,False,2,96.92,1486.25
19,83.62,168,0.54,False,False,2,103.75,1381.57
20,83.62,77,1.44,False,False,2,27.11,1352.97
21,83.62,92,0.61,False,False,2,148.16,1203.8
22,83.62,60,0.57,False,False,2,69.83,1133.26
1,84.0,65,1.77,False,False,2,132.11,0.02
2,84.0,130,1.51,False,False,2,70.63,2840.14
3,84.0,83,1.74,False,False,2,119.88,2718.52
4,84.0,119,0.69,False,False,2,57.85,2659.7
5,84.0,80,1.34,False,False,2,138.92,2520.13
6,84.0,122,1.59,False,False,2,37.89,2481.13
7,84.0,92,1.68,False,False,2,78.48,2401.55
8,84.0,117,0.6,False,False,2,32.9,2367.73
9,84.0,79,0.73,False,False,2,70.21,2295.65
10,84.0,92,1.54,False,False,2,20.24,2274.46
11,84.0,71,1.16,False,False,2,141.35,2132.34
12,84.0,77,0.62,False,False,2,146.88,1984.75
13,84.0,70,1.28,False,False,2,99.03,1883.61
14,84.0,106,1.79,False,False,2,55.84,1824.71
15,84.0,83,1.74,False,False,2,68.23,1754.89
16,84.0,61,1.55,False,False,2,139.76,1614.5
17,84.0,118,0.84,False,False,2,145.74,1467.75
18,84.0,84,1.34,False,False,2,72.96,1394.24
19,84.0,167,0.65,False,False,2,92.4,1300.39
20,84.0,80,1.7,False,False,2,23.18,1276.1
21,84.0,94,1.94,False,False,2,146.21,1128.8
22,84.0,60,1.39,False,False,2,69.44,1058.54
1,84.38,66,1.29,False,False,2,57.17,0.02
2,84.38,130,1.89,False,False,2,40.26,2899.01
3,84.38,80,0.96,False,False,2,126.34,2772.01
4,84.38,118,1.37,False,False,2,112.57,2658.69
5,84.38,77,1.8,False,False,2,33.57,2624.53
6,84.38,122,1.06,False,False,2,122.61,2500.87
7,84.38,92,1.49,False,False,2,135.94,2363.51
8,84.38,117,1.3,False,False,2,91.48,2271.46
9,84.38,77,1.23,False,False,2,130.56,2139.12
10,84.38,91,0.52,False,False,2,74.51,2063.61
11,84.38,71,1.14,False,False,2,97.18,1964.71
12,84.38,76,1.4,False,False,2,124.45,1839.42
13,84.38,69,1.64,False,False,2,23.51,1815.25
14,84.38,104,1.03,False,False,2,63.25,1751.19
15,84.38,85,0.86,False,False,2,65.77,1684.37
16,84.38,60,1.86,False,False,2,32.02,1651.57
17,84.38,115,0.99,False,False,2,128.03,1522.32
18,84.38,83,1.6,False,False,2,63.45,1457.86
19,84.38,170,1.02,False,False,2,55.15,1401.65
20,84.38,80,0.63,False,False,2,28.26,1370.88
21,84.38,95,0.87,False,False,2,99.95,1269.34
22,84.38,61,1.21,False,False,2,147.86,1120.54
1,84.75,68,0.97,False,False,2,118.93,0.02
2,84.75,132,1.78,False,False,2,85.24,2820.51
3,84.75,79,0.68,False,False,2,136.67,2682.79
4,84.75,121,1.28,False,False,2,40.71,2639.34
5,84.75,75,1.41,False,False,2,75.09,2563.39
6,84.75,122,0.98,False,False,2,50.8,2504.21
7,84.75,94,1.72,False,False,2,86.78,2415.98
8,84.75,118,1.64,False,False,2,116.88,2298.12
9,84.75,80,1.56,False,False,2,118.58,2178.95
10,84.75,88,1.45,False,False,2,31.41,2146.44
11,84.75,70,0.75,False,False,2,109.87,2035.97
12,84.75,76,1.2,False,False,2,25.07,2010.18
13,84.75,71,1.18,False,False,2,133.01,1876.49
14,84.75,107,1.13,False,False,2,123.01,1752.04
15,84.75,85,1.51,False,False,2,49.65,1700.66
16,84.75,60,1.32,False,False,2,138.05,1558.41
17,84.75,116,0.73,False,False,2,32.17,1523.65
18,84.75,81,1.15,False,False,2,70.62,1452.0
19,84.75,173,0.69,False,False,2,52.65,1397.24
20,84.75,80,1.91,False,False,2,139.26,1256.94
21,84.75,92,0.96,False,False,2,98.65,1157.31
22,84.75,62,0.59,False,False,2,71.21,1085.22
1,85.12,71,1.46,False,False,2,84.0,0.01
2,85.12,129,1.45,False,False,2,97.29,2872.71
3,85.12,76,0.99,False,False,2,34.01,2837.57
4,85.12,124,1.5,False,False,2,23.54,2813.17
5,85.12,78,1.33,False,False,2,99.09,2713.26
6,85.12,122,0.53,False,False,2,107.8,2602.97
7,85.12,96,0.64,False,False,2,149.43,2452.28
8,85.12,121,0.55,False,False,2,43.31,2407.78
9,85.12,78,0.8,False,False,2,135.54,2271.28
10,85.12,87,1.62,False,False,2,63.29,2207.29
11,85.12,73,1.87,False,False,2,114.28,2091.15
12,85.12,78,0.81,False,False,2,69.68,2020.29
13,85.12,70,1.03,False,False,2,101.61,1917.68
14,85.12,104,1.06,False,False,2,130.78,1786.07
15,85.12,83,0.87,False,False,2,129.35,1655.43
16,85.12,63,1.65,False,False,2,51.5,1602.86
17,85.12,113,1.76,False,False,2,89.24,1513.06
18,85.12,83,1.58,False,False,2,69.85,1442.41
19,85.12,172,1.86,False,False,2,27.67,1414.07
20,85.12,81,1.28,False,False,2,114.74,1298.4
21,85.12,91,0.82,False,False,2,27.84,1268.92
22,85.12,63,1.11,False,False,2,141.87,1126.01
1,85.5,70,1.48,False,False,2,123.82,0.02
2,85.5,132,1.84,False,False,2,74.6,1929.16
3,85.5,78,1.05,False,False,2,99.91,1827.77
4,85.5,125,1.24,False,False,2,133.02,1693.07
5,85.5,81,1.97,False,False,2,70.28,1621.62
6,85.5,123,0.83,False,False,2,140.08,1480.67
7,85.5,93,1.06,False,False,2,90.42,1388.52
8,85.5,120,2.0,False,False,2,27.22,1360.27
9,85.5,79,0.99,False,False,2,91.91,1266.94
10,85.5,87,0.86,False,False,2,134.14,1131.98
11,85.5,73,1.12,False,False,2,31.37,1097.83
12,85.5,77,0.93,False,False,2,82.23,1014.67
13,85.5,70,1.5,False,False,2,29.83,983.2
14,85.5,101,1.39,False,False,2,92.32,890.23
15,85.5,81,1.51,False,False,2,128.26,760.97
16,85.5,62,0.86,False,False,2,100.41,659.38
17,85.5,113,1.56,False,False,2,122.46,535.82
18,85.5,84,1.0,False,False,2,141.3,393.93
19,85.5,170,1.09,False,False,2,128.25,264.85
20,85.5,84,1.26,False,False,2,118.17,145.89
21,85.5,89,0.97,False,False,2,143.38,0.01
22,85.5,64,1.5,False,False,2,64.0,1951.32
1,85.88,67,1.21,False,False,2,42.94,907.5
2,85.88,133,0.83,False,False,2,146.5,758.79
3,85.88,77,0.89,False,False,2,53.51,703.28
4,85.88,126,1.08,False,False,2,63.06,639.32
5,85.88,82,0.91,False,False,2,143.63,493.82
6,85.88,123,1.68,False,False,2,140.24,352.94
7,85.88,91,1.62,False,False,2,101.64,250.6
8,85.88,120,1.92,False,False,2,117.05,132.91
9,85.88,79,1.62,False,False,2,92.07,40.34
11,85.88,76,1.8,False,False,2,38.73,0.02
12,85.88,76,1.81,False,False,2,85.17,1953.42
13,85.88,68,1.68,False,False,2,36.93,1915.71
14,85.88,98,0.94,False,False,2,40.69,1873.73
15,85.88,80,1.45,False,False,2,112.76,1758.67
16,85.88,63,1.93,False,False,2,58.05,1699.6
17,85.88,114,1.65,False,False,2,114.47,1584.08
18,85.88,81,1.81,False,False,2,66.74,1516.33
19,85.88,170,0.92,False,False,2,81.53,1433.55
20,85.88,84,1.18,False,False,2,120.86,1311.05
21,85.88,87,1.42,False,False,2,122.85,1187.08
22,85.88,61,1.41,False,False,2,30.59,1153.86
1,86.25,68,1.17,False,False,2,98.87,53.64
2,86.25,134,1.93,False,False,2,52.79,0.01
3,86.25,74,1.1,False,False,2,125.06,2619.2
4,86.25,125,1.1,False,False,2,20.0,2598.12
5,86.25,79,0.64,False,False,2,96.42,2500.73
6,86.25,123,1.27,False,False,2,108.53,2390.58
7,86.25,94,1.97,False,False,2,55.26,2334.38
8,86.25,123,1.75,False,False,2,71.8,2261.72
9,86.25,78,1.09,False,False,2,65.21,2195.49
10,86.25,89,0.58,False,False,2,50.58,2143.45
11,86.25,79,0.96,False,False,2,37.33,2104.72
12,86.25,74,1.0,False,False,2,96.63,2007.07
13,86.25,70,1.13,False,False,2,67.08,1938.54
14,86.25,98,0.93,False,False,2,57.5,1878.85
15,86.25,81,0.61,False,False,2,100.92,1776.68
16,86.25,63,1.54,False,False,2,105.45,1670.54
17,86.25,112,1.26,False,False,2,113.54,1554.64
18,86.25,79,0.69,False,False,2,89.49,1464.21
19,86.25,172,1.51,False,False,2,123.4,1339.62
20,86.25,82,1.53,False,False,2,64.01,1274.67
21,86.25,90,1.7,False,False,2,24.29,1249.71
22,86.25,64,1.02,False,False,2,127.63,1120.89
1,86.62,67,1.85,False,False,2,119.67,0.02
2,86.62,136,1.62,False,False,2,97.79,1923.76
3,86.62,71,1.36,False,False,2,51.0,1870.74
4,86.62,123,1.49,False,False,2,110.35,1759.24
5,86.62,77,1.87,False,False,2,56.12,1702.22
6,86.62,120,1.69,False,False,2,22.03,1678.84
7,86.62,93,1.13,False,False,2,149.4,1527.33
8,86.62,125,0.68,False,False,2,58.07,1467.94
9,86.62,78,1.56,False,False,2,23.11,1442.25
10,86.62,89,0.81,False,False,2,142.38,1298.9
11,86.62,78,1.01,False,False,2,134.26,1163.7
12,86.62,75,1.89,False,False,2,107.98,1054.58
13,86.62,72,0.7,False,False,2,77.89,976.18
14,86.62,98,0.75,False,False,2,114.12,859.76
15,86.62,80,1.04,False,False,2,139.95,717.76
16,86.62,63,0.89,False,False,2,136.1,579.77
17,86.62,114,1.89,False,False,2,81.84,496.04
18,86.62,79,0.83,False,False,2,134.9,359.84
19,86.62,175,0.76,False,False,2,84.9,271.29
20,86.62,81,1.87,False,False,2,129.32,141.29
21,86.62,87,0.68,False,False,2,62.91,76.54
22,86.62,65,0.89,False,False,2,73.88,0.02
1,87.0,67,1.12,False,False,2,25.5,978.37
2,87.0,134,1.45,False,False,2,105.08,872.02
3,87.0,74,1.48,False,False,2,125.64,745.39
4,87.0,126,1.0,False,False,2,20.53,723.89
5,87.0,79,1.85,False,False,2,119.72,603.33
6,87.0,122,0.73,False,False,2,38.11,563.13
7,87.0,90,1.36,False,False,2,55.85,505.9
8,87.0,128,1.51,False,False,2,102.06,401.59
9,87.0,77,1.35,False,False,2,36.68,363.77
10,87.0,88,1.64,False,False,2,47.51,315.55
11,87.0,80,0.84,False,False,2,89.64,225.12
12,87.0,72,1.62,False,False,2,117.24,106.59
13,87.0,73,1.47,False,False,2,105.85,0.02
14,87.0,100,1.75,False,False,2,39.56,2012.64
15,87.0,78,0.95,False,False,2,120.3,1891.75
16,87.0,64,1.23,False,False,2,39.36,1851.03
17,87.0,117,1.51,False,False,2,67.53,1782.47
18,87.0,78,1.55,False,False,2,35.0,1746.8
19,87.0,173,1.36,False,False,2,131.25,1614.64
20,87.0,78,0.92,False,False,2,114.46,1499.0
21,87.0,85,0.85,False,False,2,95.12,1403.06
22,87.0,68,1.7,False,False,2,99.79,1302.59
1,87.38,64,0.92,False,False,2,132.0,169.16
2,87.38,135,1.36,False,False,2,33.95,134.34
3,87.38,71,1.37,False,False,2,71.3,62.07
4,87.38,128,1.54,False,False,2,61.23,0.02
5,87.38,76,1.15,False,False,2,50.59,2764.3
6,87.38,125,0.86,False,False,2,22.11,2740.19
7,87.38,91,1.6,False,False,2,133.78,2604.71
8,87.38,128,0.57,False,False,2,53.68,2548.94
9,87.38,76,1.6,False,False,2,108.24,2438.21
10,87.38,88,1.34,False,False,2,132.14,2305.03
11,87.38,78,1.39,False,False,2,103.04,2200.49
12,87.38,70,1.77,False,False,2,147.09,2052.5
13,87.38,74,1.88,False,False,2,83.25,1967.37
14,87.38,98,1.07,False,False,2,132.79,1833.38
15,87.38,76,0.76,False,False,2,140.9,1691.11
16,87.38,62,1.93,False,False,2,98.33,1591.94
17,87.38,119,0.91,False,False,2,50.92,1538.82
18,87.38,81,0.98,False,False,2,140.18,1397.89
19,87.38,172,0.86,False,False,2,127.66,1269.4
20,87.38,81,1.11,False,False,2,74.64,1194.01
21,87.38,88,0.81,False,False,2,80.3,1112.13
22,87.38,67,1.45,False,False,2,44.51,1066.61
1,87.75,62,1.18,False,False,2,65.26,0.01
2,87.75,133,0.79,False,False,2,149.53,2745.13
3,87.75,72,1.71,False,False,2,49.6,2694.62
4,87.75,125,0.53,False,False,2,59.05,2634.76
5,87.75,79,1.44,False,False,2,99.71,2532.88
6,87.75,127,1.65,False,False,2,134.74,2395.39
7,87.75,94,1.25,False,False,2,103.75,2290.52
8,87.75,131,0.8,False,False,2,23.13,2266.72
9,87.75,75,1.59,False,False,2,90.45,2175.74
10,87.75,87,1.18,False,False,2,42.22,2132.3
11,87.75,76,1.97,False,False,2,59.22,2071.36
12,87.75,73,2.0,False,False,2,114.77,1955.99
13,87.75,75,1.39,False,False,2,126.82,1826.97
14,87.75,100,1.23,False,False,2,66.31,1758.42
15,87.75,77,0.89,False,False,2,89.17,1668.2
16,87.75,62,0.92,False,False,2,114.54,1551.73
17,87.75,121,0.74,False,False,2,125.2,1424.07
18,87.75,83,0.68,False,False,2,60.0,1363.22
19,87.75,172,1.55,False,False,2,55.5,1305.81
20,87.75,78,1.27,False,False,2,90.04,1214.96
21,87.75,85,1.75,False,False,2,96.16,1117.73
22,87.75,69,0.8,False,False,2,80.02,1035.6
1,88.12,63,0.63,False,False,2,34.3,0.02
2,88.12,135,1.84,False,False,2,116.02,2882.33
3,88.12,69,1.7,False,False,2,126.9,2754.71
4,88.12,125,1.04,False,False,2,99.05,2653.03
5,88.12,76,1.75,False,False,2,78.2,2573.79
6,88.12,125,1.95,False,False,2,139.26,2433.67
7,88.12,96,0.73,False,False,2,83.91,2349.15
8,88.12,128,0.66,False,False,2,55.36,2292.73
9,88.12,77,1.24,False,False,2,40.38,2250.42
10,88.12,85,1.74,False,False,2,122.94,2126.68
11,88.12,77,1.64,False,False,2,93.57,2032.27
12,88.12,73,1.61,False,False,2,25.79,2005.51
13,88.12,73,1.41,False,False,2,84.22,1920.09
14,88.12,100,0.61,False,False,2,54.79,1864.43
15,88.12,79,1.78,False,False,2,54.42,1808.36
16,88.12,63,0.88,False,False,2,59.69,1747.36
17,88.12,120,1.95,False,False,2,45.0,1701.65
18,88.12,86,1.55,False,False,2,129.97,1570.85
19,88.12,172,0.54,False,False,2,116.0,1454.21
20,88.12,76,1.58,False,False,2,113.28,1338.65
21,88.12,84,0.72,False,False,2,146.14,1191.27
22,88.12,69,1.98,False,False,2,143.4,1047.11
1,88.5,66,1.73,False,False,2,45.66,0.02
2,88.5,133,1.48,False,False,2,66.25,3065.44
3,88.5,71,1.31,False,False,2,69.85,2993.25
4,88.5,127,1.02,False,False,2,63.86,2928.39
5,88.5,76,0.84,False,False,2,141.41,2785.1
6,88.5,127,1.81,False,False,2,130.0,2653.41
7,88.5,95,0.72,False,False,2,143.92,2508.63
8,88.5,131,1.79,False,False,2,60.63,2446.96
9,88.5,74,1.45,False,False,2,148.93,2297.43
10,88.5,87,1.7,False,False,2,139.68,2156.86
11,88.5,78,1.33,False,False,2,61.29,2094.99
12,88.5,73,1.14,False,False,2,91.69,2002.62
13,88.5,75,1.41,False,False,2,91.41,1910.19
14,88.5,99,1.1,False,False,2,22.86,1885.83
15,88.5,79,1.65,False,False,2,137.48,1747.29
16,88.5,65,1.07,False,False,2,62.06,1682.11
17,88.5,119,1.52,False,False,2,116.61,1564.43
18,88.5,88,0.84,False,False,2,101.42,1461.9
19,88.5,170,0.74,False,False,2,84.04,1375.94
20,88.5,75,1.04,False,False,2,57.88,1317.14
21,88.5,87,0.83,False,False,2,140.4,1175.9
22,88.5,66,1.01,False,False,2,25.53,1149.74
1,88.88,69,0.58,False,False,2,148.54,0.01
2,88.88,134,0.66,False,False,2,70.22,2624.49
3,88.88,70,0.94,False,False,2,34.51,2588.72
4,88.88,128,0.59,False,False,2,121.21,2466.78
5,88.88,77,1.66,False,False,2,29.75,2436.06
6,88.88,125,1.32,False,False,2,62.58,2372.44
7,88.88,92,1.36,False,False,2,138.18,2233.51
8,88.88,132,1.15,False,False,2,108.21,2123.84
9,88.88,77,1.22,False,False,2,123.23,1999.86
10,88.88,85,1.37,False,False,2,88.47,1910.55
11,88.88,78,0.79,False,False,2,22.75,1886.95
12,88.88,70,0.76,False,False,2,127.63,1757.65
13,88.88,78,1.44,False,False,2,30.39,1726.52
14,88.88,98,0.79,False,False,2,99.1,1626.84
15,88.88,77,1.03,False,False,2,121.72,1502.61
16,88.88,64,1.32,False,False,2,81.0,1421.08
17,88.88,116,0.52,False,False,2,29.19,1390.05
18,88.88,87,0.91,False,False,2,81.3,1307.74
19,88.88,167,1.96,False,False,2,27.78,1279.34
20,88.88,73,1.25,False,False,2,22.4,1254.49
21,88.88,87,1.75,False,False,2,128.08,1125.53
22,88.88,67,1.51,False,False,2,69.56,1055.39
1,89.25,72,1.18,False,False,2,53.37,0.02
2,89.25,133,1.2,False,False,2,75.73,2862.36
3,89.25,68,1.15,False,False,2,139.05,2722.31
4,89.25,130,1.92,False,False,2,106.32,2615.08
5,89.25,76,0.53,False,False,2,97.7,2516.48
6,89.25,124,1.01,False,False,2,102.27,2413.48
7,89.25,91,1.53,False,False,2,115.04,2297.02
8,89.25,131,0.69,False,False,2,59.84,2236.73
9,89.25,74,0.85,False,False,2,73.36,2161.58
10,89.25,82,0.91,False,False,2,41.47,2119.27
11,89.25,78,1.3,False,False,2,107.31,2011.31
12,89.25,72,1.37,False,False,2,149.18,1859.77
13,89.25,77,1.98,False,False,2,143.66,1713.98
14,89.25,97,0.82,False,False,2,145.59,1567.76
15,89.25,75,1.39,False,False,2,35.01,1530.37
16,89.25,61,1.56,False,False,2,32.09,1497.66
17,89.25,115,0.58,False,False,2,33.87,1463.09
18,89.25,87,1.61,False,False,2,81.11,1379.28
19,89.25,169,0.95,False,False,2,104.3,1273.9
20,89.25,73,1.86,False,False,2,61.2,1211.8
21,89.25,90,0.96,False,False,2,37.71,1173.26
22,89.25,69,1.73,False,False,2,81.37,1090.54
1,89.62,74,1.21,False,False,2,89.01,0.02
2,89.62,133,10.97,True,False,1,50.51,0.01
3,89.62,69,1.11,False,False,2,148.34,2549.86
4,89.62,128,0.97,False,False,2,77.78,2471.33
5,89.62,74,1.61,False,False,2,41.96,2427.63
6,89.62,125,1.91,False,False,2,79.48,2346.76
7,89.62,90,1.28,False,False,2,54.86,2289.61
8,89.62,134,1.5,False,False,2,47.27,2241.24
9,89.62,72,1.59,False,False,2,85.92,2154.18
10,89.62,80,1.84,False,False,2,119.39,2034.21
11,89.62,78,1.58,False,False,2,32.98,2000.06
12,89.62,75,1.04,False,False,2,62.6,1936.59
13,89.62,74,1.29,False,False,2,102.36,1832.2
14,89.62,99,1.11,False,False,2,30.05,1800.36
15,89.62,74,1.84,False,False,2,149.93,1649.4
16,89.62,63,1.52,False,False,2,130.86,1517.92
17,89.62,115,0.66,False,False,2,121.1,1395.79
18,89.62,87,1.12,False,False,2,39.06,1355.87
19,89.62,169,1.81,False,False,2,68.26,1286.47
20,89.62,72,1.99,False,False,2,88.62,1196.87
21,89.62,89,0.63,False,False,2,145.38,1049.14
22,89.62,69,1.79,False,False,2,40.68,1006.05
