player_id,sim_time_min,heart_rate,accel_value,impact_event,major_event,tier,network_delay_ms,edge_latency_ms
1,0,90,0.85,False,False,2,131.57,0.01
2,0,78,0.84,False,False,2,45.83,0.01
3,0,83,1.75,False,False,2,82.92,0.01
4,0,81,1.6,False,False,2,48.25,0.01
5,0,77,0.66,False,False,2,140.57,0.01
6,0,80,1.18,False,False,2,72.72,0.01
7,0,91,0.78,False,False,2,100.99,0.01
8,0,75,1.06,False,False,2,136.0,0.01
9,0,85,0.84,False,False,2,133.54,0.0
10,0,78,1.25,False,False,2,91.35,0.0
11,0,70,1.28,False,False,2,118.8,0.01
12,0,76,1.24,False,False,2,86.47,0.01
13,0,93,1.34,False,False,2,31.79,0.01
14,0,71,1.33,False,False,2,87.54,0.01
15,0,84,1.07,False,False,2,80.16,0.0
16,0,89,0.67,False,False,2,87.11,0.0
17,0,81,0.6,False,False,2,98.9,0.01
18,0,72,1.13,False,False,2,48.8,0.0
19,0,88,1.7,False,False,2,100.53,0.01
20,0,72,1.22,False,False,2,53.32,0.01
21,0,82,0.69,False,False,2,90.68,0.01
22,0,90,1.42,False,False,2,129.2,0.01
1,0.38,92,0.93,False,False,2,115.12,0.01
2,0.38,77,1.82,False,False,2,64.72,0.01
3,0.38,85,1.56,False,False,2,39.25,0.01
4,0.38,81,1.87,False,False,2,62.97,0.01
5,0.38,74,1.52,False,False,2,129.59,0.01
6,0.38,82,1.92,False,False,2,66.61,0.0
7,0.38,93,0.9,False,False,2,59.26,0.01
8,0.38,76,1.18,False,False,2,72.74,0.01
9,0.38,82,1.84,False,False,2,126.98,0.01
10,0.38,79,1.9,False,False,2,68.2,0.01
11,0.38,70,0.82,False,False,2,26.53,0.01
12,0.38,73,1.38,False,False,2,75.48,0.01
13,0.38,93,1.64,False,False,2,121.06,0.0
14,0.38,72,0.83,False,False,2,35.32,0.01
15,0.38,81,0.52,False,False,2,56.36,0.01
16,0.38,88,1.15,False,False,2,143.91,0.01
17,0.38,80,1.66,False,False,2,20.54,0.01
18,0.38,74,0.72,False,False,2,116.64,0.01
19,0.38,88,1.05,False,False,2,60.23,0.01
20,0.38,71,1.55,False,False,2,45.74,0.01
21,0.38,84,1.24,False,False,2,103.62,0.0
22,0.38,92,1.99,False,False,2,136.61,0.01
1,0.75,93,1.98,False,False,2,127.36,0.01
2,0.75,78,0.86,False,False,2,134.36,0.01
3,0.75,84,0.6,False,False,2,96.71,0.01
4,0.75,83,0.52,False,False,2,33.25,0.01
5,0.75,75,0.52,False,False,2,30.92,0.01
6,0.75,83,0.51,False,False,2,21.97,0.0
7,0.75,95,1.43,False,False,2,147.05,0.01
8,0.75,77,1.86,False,False,2,112.34,0.01
9,0.75,83,1.11,False,False,2,113.98,0.01
10,0.75,79,1.94,False,False,2,23.3,0.01
11,0.75,70,1.04,False,False,2,111.15,0.01
12,0.75,70,1.64,False,False,2,142.68,0.01
13,0.75,91,1.69,False,False,2,56.22,0.0
14,0.75,73,0.86,False,False,2,92.2,0.01
15,0.75,78,1.21,False,False,2,85.64,0.01
16,0.75,88,1.79,False,False,2,66.86,0.01
17,0.75,78,0.75,False,False,2,84.47,0.01
18,0.75,72,1.08,False,False,2,81.4,0.01
19,0.75,87,0.76,False,False,2,99.77,0.01
20,0.75,70,0.85,False,False,2,43.02,0.01
21,0.75,83,1.83,False,False,2,54.63,0.01
22,0.75,91,1.28,False,False,2,72.77,0.01
1,1.12,92,1.74,False,False,2,55.73,0.01
2,1.12,79,0.92,False,False,2,51.51,0.01
3,1.12,81,1.16,False,False,2,133.97,0.01
4,1.12,80,1.16,False,False,2,110.46,0.01
5,1.12,72,0.72,False,False,2,53.21,0.01
6,1.12,85,1.99,False,False,2,78.08,0.01
7,1.12,98,0.69,False,False,2,115.61,0.01
8,1.12,74,0.68,False,False,2,22.8,0.01
9,1.12,86,1.06,False,False,2,80.13,0.01
10,1.12,81,1.84,False,False,2,73.99,0.01
11,1.12,69,1.9,False,False,2,97.42,0.01
12,1.12,72,1.23,False,False,2,21.53,0.01
14,1.12,70,1.54,False,False,2,95.75,0.01
15,1.12,77,1.7,False,False,2,49.69,0.01
16,1.12,86,0.97,False,False,2,33.87,0.01
17,1.12,75,1.25,False,False,2,69.49,0.01
18,1.12,75,1.01,False,False,2,126.4,0.01
19,1.12,86,1.53,False,False,2,39.88,0.01
20,1.12,68,1.77,False,False,2,81.62,0.01
21,1.12,82,1.9,False,False,2,75.04,0.01
22,1.12,92,1.98,False,False,2,105.48,0.01
1,1.5,90,0.63,False,False,2,79.54,0.01
2,1.5,82,0.78,False,False,2,56.08,0.01
3,1.5,82,1.14,False,False,2,108.4,0.01
4,1.5,82,1.98,False,False,2,56.34,0.01
5,1.5,75,0.87,False,False,2,74.1,0.01
6,1.5,84,1.97,False,False,2,81.17,0.01
7,1.5,101,0.94,False,False,2,100.72,0.01
8,1.5,74,0.65,False,False,2,50.23,0.0
9,1.5,86,0.76,False,False,2,36.69,0.01
10,1.5,80,1.75,False,False,2,55.89,0.01
11,1.5,71,0.53,False,False,2,69.23,0.01
12,1.5,73,1.93,False,False,2,64.02,0.01
13,1.5,95,0.91,False,False,2,67.71,0.01
14,1.5,71,0.7,False,False,2,147.7,0.01
15,1.5,74,1.81,False,False,2,125.77,0.01
16,1.5,86,1.25,False,False,2,129.4,0.01
17,1.5,75,0.56,False,False,2,76.35,0.01
18,1.5,74,0.55,False,False,2,21.49,0.01
19,1.5,86,1.52,False,False,2,81.86,0.01
20,1.5,65,1.81,False,False,2,82.7,0.01
21,1.5,80,1.16,False,False,2,49.43,0.01
22,1.5,93,1.81,False,False,2,88.94,0.01
1,1.88,88,0.66,False,False,2,142.77,0.01
2,1.88,81,1.96,False,False,2,42.57,0.01
3,1.88,80,1.82,False,False,2,50.6,0.01
4,1.88,83,0.97,False,False,2,149.04,0.01
5,1.88,74,1.42,False,False,2,86.99,0.01
6,1.88,83,1.07,False,False,2,141.58,0.01
7,1.88,100,0.64,False,False,2,66.29,0.01
8,1.88,71,1.96,False,False,2,119.49,0.01
9,1.88,88,0.67,False,False,2,79.29,0.01
10,1.88,81,1.62,False,False,2,93.1,0.01
11,1.88,73,1.23,False,False,2,34.73,0.01
12,1.88,76,0.67,False,False,2,45.02,0.01
13,1.88,97,0.62,False,False,2,112.53,0.01
14,1.88,69,1.42,False,False,2,118.94,0.01
15,1.88,73,1.34,False,False,2,37.54,0.01
16,1.88,83,1.2,False,False,2,78.52,0.01
17,1.88,77,1.06,False,False,2,52.09,0.01
18,1.88,76,1.58,False,False,2,70.14,0.01
19,1.88,88,1.45,False,False,2,35.18,0.01
20,1.88,66,1.27,False,False,2,42.53,0.01
21,1.88,83,1.05,False,False,2,42.92,0.01
22,1.88,93,0.64,False,False,2,53.74,0.01
1,2.25,85,1.22,False,False,2,27.51,0.01
2,2.25,78,1.19,False,False,2,137.99,0.01
3,2.25,82,1.99,False,False,2,131.41,0.01
4,2.25,85,0.61,False,False,2,130.27,0.01
5,2.25,76,1.93,False,False,2,112.24,0.01
6,2.25,81,1.97,False,False,2,95.26,0.01
7,2.25,100,1.06,False,False,2,74.61,0.01
8,2.25,68,1.64,False,False,2,38.67,0.01
9,2.25,87,0.88,False,False,2,134.08,0.01
10,2.25,82,1.91,False,False,2,130.71,0.01
11,2.25,72,1.26,False,False,2,104.37,0.01
12,2.25,78,1.5,False,False,2,41.23,0.0
13,2.25,98,0.95,False,False,2,32.82,0.01
14,2.25,71,1.51,False,False,2,134.49,0.01
15,2.25,72,1.83,False,False,2,120.83,0.01
16,2.25,82,1.17,False,False,2,48.34,0.01
17,2.25,76,1.98,False,False,2,142.94,0.01
18,2.25,79,1.33,False,False,2,128.49,0.01
19,2.25,89,0.53,False,False,2,93.03,0.01
20,2.25,63,0.89,False,False,2,69.83,0.01
21,2.25,84,1.27,False,False,2,44.38,0.01
22,2.25,95,1.36,False,False,2,53.24,0.01
1,2.62,84,1.34,False,False,2,91.12,0.01
2,2.62,80,0.76,False,False,2,89.25,0.01
3,2.62,79,1.95,False,False,2,135.06,0.01
4,2.62,83,0.67,False,False,2,70.75,0.01
5,2.62,76,0.97,False,False,2,38.73,0.01
6,2.62,82,1.38,False,False,2,21.75,0.01
7,2.62,98,1.71,False,False,2,111.45,0.01
8,2.62,66,0.55,False,False,2,101.48,0.01
9,2.62,86,0.74,False,False,2,112.95,0.01
10,2.62,84,1.73,False,False,2,24.91,0.01
11,2.62,74,1.19,False,False,2,77.64,0.01
12,2.62,77,1.88,False,False,2,68.24,0.01
13,2.62,96,0.77,False,False,2,141.57,0.01
14,2.62,68,1.5,False,False,2,53.23,0.01
15,2.62,71,0.78,False,False,2,138.24,0.01
16,2.62,80,0.85,False,False,2,96.56,0.01
17,2.62,73,1.7,False,False,2,59.83,0.01
18,2.62,82,0.86,False,False,2,112.62,0.03
19,2.62,92,1.81,False,False,2,99.94,0.02
20,2.62,65,0.61,False,False,2,114.36,0.01
21,2.62,85,1.76,False,False,2,101.57,0.01
1,3.0,83,0.86,False,False,2,45.47,0.01
2,3.0,82,1.78,False,False,2,71.32,0.01
3,3.0,76,1.28,False,False,2,58.97,0.0
4,3.0,81,1.17,False,False,2,133.16,0.01
5,3.0,75,1.64,False,False,2,89.7,0.0
6,3.0,84,1.18,False,False,2,101.97,0.01
7,3.0,100,0.85,False,False,2,144.51,0.01
8,3.0,67,0.59,False,False,2,124.54,0.01
9,3.0,83,1.17,False,False,2,116.27,0.01
10,3.0,81,1.61,False,False,2,117.23,0.01
12,3.0,78,1.88,False,False,2,128.03,0.01
13,3.0,98,1.9,False,False,2,114.78,0.01
14,3.0,69,1.0,False,False,2,85.02,0.01
15,3.0,71,1.62,False,False,2,32.39,0.01
16,3.0,77,1.88,False,False,2,120.44,0.01
17,3.0,76,0.53,False,False,2,143.01,0.01
18,3.0,81,0.89,False,False,2,48.63,0.01
19,3.0,95,0.9,False,False,2,83.57,0.01
21,3.0,87,1.71,False,False,2,117.89,0.01
22,3.0,90,1.55,False,False,2,63.96,0.01
1,3.38,85,1.6,False,False,2,96.27,0.01
2,3.38,82,0.96,False,False,2,44.71,0.01
3,3.38,75,1.21,False,False,2,138.93,0.01
4,3.38,83,1.9,False,False,2,124.66,0.01
5,3.38,72,1.33,False,False,2,89.05,0.01
6,3.38,81,1.58,False,False,2,67.17,0.01
7,3.38,99,1.67,False,False,2,68.67,0.01
8,3.38,64,0.98,False,False,2,115.15,0.01
9,3.38,84,1.11,False,False,2,137.83,0.01
10,3.38,78,0.8,False,False,2,140.01,0.01
11,3.38,74,1.56,False,False,2,136.97,0.01
12,3.38,76,1.02,False,False,2,136.79,0.01
13,3.38,100,1.95,False,False,2,41.04,0.01
14,3.38,72,0.54,False,False,2,47.37,0.01
15,3.38,74,1.37,False,False,2,101.58,0.01
16,3.38,77,1.75,False,False,2,125.11,0.01
17,3.38,73,0.91,False,False,2,62.3,0.01
19,3.38,96,0.8,False,False,2,57.29,0.01
20,3.38,64,1.86,False,False,2,42.94,0.01
21,3.38,87,1.63,False,False,2,111.12,0.01
22,3.38,90,1.64,False,False,2,85.45,0.01
1,3.75,88,1.23,False,False,2,137.73,0.01
2,3.75,85,0.54,False,False,2,57.29,0.01
3,3.75,77,1.33,False,False,2,105.95,0.01
4,3.75,85,1.62,False,False,2,149.2,0.01
5,3.75,73,0.89,False,False,2,84.58,0.01
6,3.75,83,0.57,False,False,2,109.63,0.01
7,3.75,100,0.51,False,False,2,49.24,0.01
8,3.75,66,1.33,False,False,2,59.53,0.0
9,3.75,84,0.93,False,False,2,47.0,0.01
10,3.75,75,1.23,False,False,2,21.37,0.01
11,3.75,72,1.65,False,False,2,22.44,0.01
12,3.75,78,1.93,False,False,2,95.26,0.01
13,3.75,99,0.89,False,False,2,76.57,0.01
14,3.75,72,1.4,False,False,2,100.41,0.01
15,3.75,71,1.63,False,False,2,48.29,0.01
16,3.75,78,1.41,False,False,2,128.58,0.01
17,3.75,71,1.97,False,False,2,73.41,0.01
18,3.75,78,1.79,False,False,2,43.44,0.01
19,3.75,94,0.56,False,False,2,117.91,0.01
20,3.75,64,1.96,False,False,2,145.76,0.01
21,3.75,90,1.21,False,False,2,113.54,0.01
22,3.75,88,1.8,False,False,2,139.15,0.01
1,4.12,90,0.54,False,False,2,39.33,0.01
2,4.12,88,0.51,False,False,2,30.28,0.01
3,4.12,79,1.41,False,False,2,130.28,0.01
4,4.12,87,0.97,False,False,2,102.11,0.01
5,4.12,76,1.56,False,False,2,136.52,0.01
6,4.12,83,1.28,False,False,2,147.0,0.01
7,4.12,101,1.02,False,False,2,33.91,0.01
8,4.12,67,1.81,False,False,2,38.18,0.01
9,4.12,86,1.05,False,False,2,46.69,0.01
10,4.12,75,1.81,False,False,2,98.21,0.01
11,4.12,73,1.57,False,False,2,149.32,0.01
12,4.12,77,1.12,False,False,2,139.58,0.01
13,4.12,96,0.87,False,False,2,49.14,0.01
14,4.12,70,0.68,False,False,2,102.09,0.01
15,4.12,70,1.98,False,False,2,129.53,0.01
16,4.12,81,1.94,False,False,2,81.91,0.01
17,4.12,71,1.4,False,False,2,31.42,0.01
18,4.12,77,0.88,False,False,2,72.27,0.01
19,4.12,96,1.45,False,False,2,60.28,0.01
20,4.12,67,1.35,False,False,2,91.88,0.01
21,4.12,89,1.8,False,False,2,36.51,0.01
22,4.12,87,1.39,False,False,2,117.93,0.01
1,4.5,88,1.93,False,False,2,129.44,0.01
2,4.5,85,1.3,False,False,2,132.29,0.01
3,4.5,79,1.52,False,False,2,142.9,0.01
4,4.5,90,1.38,False,False,2,63.16,0.01
5,4.5,74,0.66,False,False,2,122.63,0.01
6,4.5,86,1.55,False,False,2,104.16,0.01
7,4.5,98,0.67,False,False,2,29.5,0.01
8,4.5,69,1.84,False,False,2,104.29,0.01
9,4.5,83,1.5,False,False,2,92.53,0.01
10,4.5,75,1.62,False,False,2,95.06,0.01
11,4.5,72,1.34,False,False,2,69.48,0.01
12,4.5,74,0.94,False,False,2,117.6,0.01
13,4.5,93,1.71,False,False,2,104.77,0.01
14,4.5,70,0.59,False,False,2,29.75,0.01
15,4.5,68,1.24,False,False,2,50.85,0.01
16,4.5,80,1.59,False,False,2,146.52,0.01
17,4.5,68,0.86,False,False,2,115.08,0.01
18,4.5,76,0.87,False,False,2,129.4,0.01
19,4.5,95,1.54,False,False,2,120.17,0.01
20,4.5,65,1.93,False,False,2,73.2,0.01
21,4.5,91,0.57,False,False,2,93.92,0.01
22,4.5,89,1.07,False,False,2,149.23,0.01
1,4.88,87,1.66,False,False,2,32.02,0.01
2,4.88,83,1.74,False,False,2,80.2,0.01
3,4.88,81,0.64,False,False,2,116.74,0.01
4,4.88,87,0.75,False,False,2,61.73,0.01
5,4.88,77,1.81,False,False,2,70.0,0.01
6,4.88,87,1.97,False,False,2,137.95,0.01
7,4.88,99,1.88,False,False,2,116.12,0.01
8,4.88,72,0.65,False,False,2,106.56,0.01
9,4.88,86,1.65,False,False,2,102.61,0.01
10,4.88,77,1.04,False,False,2,124.07,0.01
11,4.88,71,1.0,False,False,2,25.72,0.01
12,4.88,76,0.9,False,False,2,110.72,0.01
13,4.88,93,1.66,False,False,2,87.27,0.01
14,4.88,69,0.93,False,False,2,148.26,0.01
15,4.88,67,1.46,False,False,2,104.11,0.01
16,4.88,79,1.32,False,False,2,116.68,0.01
17,4.88,70,1.97,False,False,2,33.36,0.01
18,4.88,73,1.04,False,False,2,115.76,0.01
19,4.88,98,1.31,False,False,2,100.97,0.01
20,4.88,64,1.05,False,False,2,98.16,0.01
21,4.88,93,1.82,False,False,2,98.54,0.01
22,4.88,90,1.66,False,False,2,91.4,0.01
1,5.25,88,1.35,False,False,2,72.12,0.01
2,5.25,86,1.04,False,False,2,137.33,0.01
3,5.25,83,0.76,False,False,2,96.83,0.01
4,5.25,90,1.39,False,False,2,126.92,0.01
5,5.25,74,0.97,False,False,2,57.49,0.01
6,5.25,88,1.68,False,False,2,124.96,0.01
7,5.25,97,1.98,False,False,2,128.38,0.01
8,5.25,71,1.6,False,False,2,48.82,0.01
9,5.25,83,0.93,False,False,2,68.86,0.01
10,5.25,79,0.91,False,False,2,75.93,0.01
11,5.25,73,1.44,False,False,2,101.24,0.01
12,5.25,79,1.52,False,False,2,125.97,0.01
13,5.25,96,1.11,False,False,2,80.96,0.01
14,5.25,68,1.44,False,False,2,92.12,0.01
15,5.25,68,0.68,False,False,2,147.57,0.01
16,5.25,76,0.79,False,False,2,137.41,0.01
17,5.25,68,1.41,False,False,2,115.12,0.01
18,5.25,74,1.69,False,False,2,100.09,0.01
19,5.25,95,1.28,False,False,2,133.78,0.01
20,5.25,65,1.0,False,False,2,114.82,0.01
21,5.25,93,0.72,False,False,2,99.19,0.01
22,5.25,92,0.57,False,False,2,40.83,0.01
1,5.62,90,0.54,False,False,2,41.56,0.01
2,5.62,88,0.71,False,False,2,101.22,0.01
3,5.62,80,1.51,False,False,2,143.13,0.01
4,5.62,89,1.27,False,False,2,94.66,0.01
5,5.62,77,1.56,False,False,2,89.83,0.01
6,5.62,88,1.37,False,False,2,102.67,0.01
7,5.62,100,0.54,False,False,2,75.81,0.01
8,5.62,74,1.74,False,False,2,122.9,0.0
9,5.62,86,1.71,False,False,2,130.74,0.01
10,5.62,82,1.85,False,False,2,57.3,0.01
11,5.62,73,1.97,False,False,2,132.62,0.01
12,5.62,77,0.58,False,False,2,38.84,0.01
13,5.62,93,0.79,False,False,2,95.05,0.01
14,5.62,71,1.58,False,False,2,40.44,0.01
15,5.62,68,1.98,False,False,2,130.1,0.01
16,5.62,77,0.83,False,False,2,86.52,0.01
17,5.62,67,1.77,False,False,2,22.9,0.01
18,5.62,74,1.05,False,False,2,50.83,0.01
19,5.62,93,1.69,False,False,2,121.61,0.01
20,5.62,66,1.91,False,False,2,97.77,0.01
21,5.62,90,0.61,False,False,2,25.87,0.01
22,5.62,92,1.24,False,False,2,20.14,0.01
1,6.0,87,0.77,False,False,2,133.63,0.01
2,6.0,87,1.95,False,False,2,125.38,0.01
3,6.0,79,1.43,False,False,2,135.52,0.01
4,6.0,90,0.76,False,False,2,27.48,0.01
5,6.0,75,1.64,False,False,2,115.66,0.01
6,6.0,88,1.63,False,False,2,145.75,0.01
7,6.0,102,0.72,False,False,2,22.67,0.01
8,6.0,71,0.87,False,False,2,123.31,0.01
9,6.0,83,1.33,False,False,2,137.84,0.01
10,6.0,79,1.53,False,False,2,76.28,0.01
11,6.0,76,1.62,False,False,2,96.16,0.01
12,6.0,80,0.57,False,False,2,126.3,0.01
13,6.0,93,0.62,False,False,2,23.84,0.01
14,6.0,74,0.64,False,False,2,130.75,0.01
15,6.0,68,1.25,False,False,2,127.54,0.01
16,6.0,76,1.05,False,False,2,63.87,0.01
17,6.0,66,1.35,False,False,2,87.95,0.01
18,6.0,77,1.83,False,False,2,81.73,0.01
19,6.0,94,0.66,False,False,2,34.2,0.01
20,6.0,67,1.93,False,False,2,123.67,0.01
21,6.0,88,1.18,False,False,2,81.46,0.01
22,6.0,92,0.77,False,False,2,82.24,0.01
1,6.38,84,0.66,False,False,2,121.77,0.01
2,6.38,90,0.92,False,False,2,126.58,0.01
3,6.38,80,1.78,False,False,2,144.0,0.01
4,6.38,92,0.54,False,False,2,75.95,0.01
5,6.38,76,1.15,False,False,2,111.11,0.01
6,6.38,85,0.86,False,False,2,81.93,0.01
7,6.38,101,1.57,False,False,2,115.21,0.01
8,6.38,73,1.64,False,False,2,66.91,0.01
9,6.38,81,0.54,False,False,2,67.74,0.01
10,6.38,78,1.29,False,False,2,104.08,0.01
11,6.38,79,1.22,False,False,2,74.34,0.01
12,6.38,80,0.58,False,False,2,65.93,0.01
13,6.38,94,0.6,False,False,2,93.83,0.01
14,6.38,71,1.43,False,False,2,41.16,0.01
15,6.38,68,1.89,False,False,2,136.0,0.01
16,6.38,79,0.63,False,False,2,109.7,0.01
17,6.38,63,1.46,False,False,2,120.07,0.01
18,6.38,74,1.39,False,False,2,57.55,0.0
19,6.38,94,0.61,False,False,2,99.27,0.01
20,6.38,65,1.93,False,False,2,65.89,0.01
21,6.38,89,1.2,False,False,2,93.69,0.01
22,6.38,91,1.3,False,False,2,50.79,0.01
1,6.75,85,1.33,False,False,2,23.22,0.01
2,6.75,92,1.79,False,False,2,149.66,0.01
3,6.75,79,1.83,False,False,2,121.63,0.01
4,6.75,92,1.2,False,False,2,68.37,0.01
5,6.75,75,1.49,False,False,2,92.81,0.01
6,6.75,86,0.71,False,False,2,72.68,0.01
7,6.75,103,1.02,False,False,2,30.17,0.01
8,6.75,73,1.02,False,False,2,112.46,0.01
9,6.75,83,0.89,False,False,2,138.09,0.01
10,6.75,80,1.84,False,False,2,107.85,0.01
11,6.75,82,0.74,False,False,2,135.11,0.01
12,6.75,82,1.39,False,False,2,138.6,0.01
13,6.75,96,1.54,False,False,2,99.48,0.01
14,6.75,69,1.15,False,False,2,110.49,0.01
15,6.75,69,0.64,False,False,2,45.26,0.0
16,6.75,79,1.24,False,False,2,84.64,0.01
17,6.75,62,1.56,False,False,2,64.45,0.01
18,6.75,74,1.22,False,False,2,59.93,0.01
19,6.75,97,1.82,False,False,2,55.63,0.01
20,6.75,62,1.2,False,False,2,101.96,0.01
21,6.75,92,1.45,False,False,2,31.66,0.01
22,6.75,88,1.34,False,False,2,130.7,0.01
1,7.12,83,1.84,False,False,2,52.72,0.01
2,7.12,93,1.07,False,False,2,66.17,0.01
3,7.12,79,1.12,False,False,2,103.21,0.01
4,7.12,90,1.98,False,False,2,50.95,0.01
5,7.12,77,1.45,False,False,2,121.66,0.01
6,7.12,86,1.98,False,False,2,81.76,0.01
7,7.12,102,0.84,False,False,2,110.86,0.01
8,7.12,73,1.91,False,False,2,112.66,0.01
9,7.12,81,1.64,False,False,2,136.09,0.01
10,7.12,80,1.55,False,False,2,121.69,0.01
11,7.12,81,0.74,False,False,2,134.2,0.01
12,7.12,84,1.11,False,False,2,144.76,0.01
13,7.12,95,1.88,False,False,2,126.87,0.01
14,7.12,69,1.31,False,False,2,85.77,0.01
15,7.12,70,1.74,False,False,2,106.69,0.01
16,7.12,79,0.76,False,False,2,121.07,0.01
17,7.12,61,1.38,False,False,2,54.83,0.01
18,7.12,72,1.45,False,False,2,134.94,0.01
19,7.12,95,0.82,False,False,2,142.98,0.01
20,7.12,64,1.04,False,False,2,148.98,0.01
21,7.12,95,1.23,False,False,2,137.62,0.01
22,7.12,86,0.91,False,False,2,132.47,0.01
1,7.5,85,0.75,False,False,2,29.99,0.01
2,7.5,94,0.76,False,False,2,128.84,0.01
3,7.5,82,1.11,False,False,2,135.94,0.01
4,7.5,89,1.61,False,False,2,92.2,0.01
5,7.5,77,2.0,False,False,2,123.45,0.01
6,7.5,85,1.0,False,False,2,87.81,0.01
7,7.5,100,1.64,False,False,2,125.06,0.01
8,7.5,74,0.57,False,False,2,40.74,0.01
9,7.5,82,0.56,False,False,2,105.7,0.01
10,7.5,82,0.62,False,False,2,41.79,0.01
11,7.5,83,1.46,False,False,2,85.42,0.01
12,7.5,84,1.44,False,False,2,50.95,0.01
13,7.5,98,0.85,False,False,2,120.6,0.01
14,7.5,69,1.03,False,False,2,148.26,0.01
15,7.5,71,1.37,False,False,2,54.31,0.01
16,7.5,78,1.58,False,False,2,134.55,0.01
17,7.5,64,0.58,False,False,2,114.67,0.01
18,7.5,69,1.44,False,False,2,54.28,0.01
19,7.5,98,1.28,False,False,2,143.43,0.01
20,7.5,67,1.17,False,False,2,96.55,0.01
21,7.5,96,1.9,False,False,2,99.62,0.01
22,7.5,85,1.73,False,False,2,27.66,0.01
1,7.88,85,1.99,False,False,2,61.26,0.01
2,7.88,96,1.9,False,False,2,134.46,0.01
3,7.88,81,1.87,False,False,2,79.98,0.01
4,7.88,87,0.52,False,False,2,134.72,0.02
5,7.88,74,1.9,False,False,2,122.73,0.1
6,7.88,84,1.94,False,False,2,143.13,0.01
7,7.88,98,0.91,False,False,2,149.39,0.01
8,7.88,76,1.11,False,False,2,53.88,0.01
9,7.88,81,0.77,False,False,2,63.38,0.01
10,7.88,84,0.78,False,False,2,73.79,0.01
11,7.88,85,0.87,False,False,2,130.85,0.01
12,7.88,83,1.01,False,False,2,55.94,0.01
13,7.88,97,1.96,False,False,2,90.58,0.01
14,7.88,67,1.26,False,False,2,61.54,0.01
15,7.88,73,1.79,False,False,2,35.91,0.01
16,7.88,81,0.69,False,False,2,60.0,0.01
17,7.88,63,1.91,False,False,2,130.82,0.01
18,7.88,66,1.78,False,False,2,44.05,0.01
19,7.88,97,0.64,False,False,2,110.39,0.01
20,7.88,69,1.83,False,False,2,56.22,0.01
22,7.88,85,1.64,False,False,2,88.66,0.01
1,8.25,88,1.71,False,False,2,123.81,0.01
2,8.25,99,0.91,False,False,2,135.11,0.01
3,8.25,78,1.63,False,False,2,120.77,0.01
4,8.25,86,0.9,False,False,2,25.65,0.01
5,8.25,76,1.69,False,False,2,28.65,0.01
6,8.25,81,1.18,False,False,2,107.25,0.01
7,8.25,101,1.74,False,False,2,61.75,0.01
8,8.25,78,1.07,False,False,2,66.89,0.01
9,8.25,83,0.91,False,False,2,128.37,0.01
10,8.25,86,0.73,False,False,2,72.66,0.01
11,8.25,85,1.29,False,False,2,23.83,0.01
12,8.25,85,1.64,False,False,2,60.75,0.01
13,8.25,99,0.74,False,False,2,97.2,0.01
14,8.25,70,1.46,False,False,2,130.58,0.01
15,8.25,73,1.88,False,False,2,61.73,0.01
16,8.25,78,1.33,False,False,2,132.42,0.01
17,8.25,65,1.27,False,False,2,145.94,0.01
18,8.25,67,0.73,False,False,2,111.48,0.01
19,8.25,95,1.01,False,False,2,136.82,0.01
20,8.25,70,0.59,False,False,2,84.93,0.01
21,8.25,96,1.92,False,False,2,139.73,0.01
22,8.25,88,0.52,False,False,2,71.1,0.01
1,8.62,91,0.56,False,False,2,47.01,0.01
2,8.62,96,1.25,False,False,2,149.84,0.01
3,8.62,77,1.11,False,False,2,96.6,0.01
4,8.62,83,1.72,False,False,2,106.17,0.01
5,8.62,79,0.74,False,False,2,47.77,0.01
6,8.62,84,0.59,False,False,2,29.16,0.0
7,8.62,103,1.96,False,False,2,146.05,0.01
8,8.62,80,1.33,False,False,2,79.32,0.0
10,8.62,85,1.21,False,False,2,107.21,0.01
11,8.62,83,1.75,False,False,2,64.2,0.01
12,8.62,84,1.23,False,False,2,88.2,0.01
13,8.62,96,1.78,False,False,2,105.14,0.01
14,8.62,70,1.72,False,False,2,93.51,0.01
15,8.62,76,1.81,False,False,2,20.9,0.0
16,8.62,76,1.34,False,False,2,54.56,0.01
17,8.62,65,1.95,False,False,2,108.69,0.01
18,8.62,69,0.64,False,False,2,129.18,0.01
19,8.62,93,1.6,False,False,2,73.72,0.01
20,8.62,73,1.46,False,False,2,39.82,0.01
21,8.62,96,0.87,False,False,2,88.36,0.01
22,8.62,86,1.72,False,False,2,41.62,0.01
1,9.0,92,1.06,False,False,2,95.71,0.01
2,9.0,94,1.95,False,False,2,117.39,0.01
3,9.0,75,1.18,False,False,2,88.93,0.01
4,9.0,80,0.77,False,False,2,37.69,0.01
5,9.0,81,1.3,False,False,2,98.43,0.01
6,9.0,87,1.84,False,False,2,77.71,0.01
7,9.0,100,0.99,False,False,2,138.14,0.01
8,9.0,79,0.72,False,False,2,58.3,0.01
9,9.0,78,1.91,False,False,2,53.44,0.01
10,9.0,83,1.64,False,False,2,39.84,0.01
11,9.0,83,1.22,False,False,2,62.48,0.01
12,9.0,83,1.7,False,False,2,107.06,0.01
13,9.0,99,0.69,False,False,2,83.64,0.01
14,9.0,72,1.76,False,False,2,149.44,0.01
15,9.0,75,0.53,False,False,2,35.41,0.01
16,9.0,76,1.98,False,False,2,108.93,0.01
17,9.0,66,0.73,False,False,2,135.48,0.01
18,9.0,72,1.45,False,False,2,27.46,0.01
19,9.0,91,1.45,False,False,2,112.6,0.01
20,9.0,70,0.65,False,False,2,95.28,0.01
21,9.0,96,0.77,False,False,2,71.32,0.01
22,9.0,86,1.23,False,False,2,125.08,0.01
1,9.38,89,1.09,False,False,2,66.76,0.01
2,9.38,91,0.85,False,False,2,132.76,0.01
3,9.38,76,1.32,False,False,2,89.56,0.01
4,9.38,83,0.99,False,False,2,96.95,0.01
6,9.38,85,1.4,False,False,2,66.92,0.01
7,9.38,102,1.21,False,False,2,104.09,0.03
8,9.38,77,1.89,False,False,2,129.65,0.01
9,9.38,75,1.41,False,False,2,65.79,0.01
10,9.38,82,1.74,False,False,2,126.03,0.01
11,9.38,86,0.72,False,False,2,129.7,0.01
12,9.38,85,1.69,False,False,2,36.61,0.01
13,9.38,102,1.11,False,False,2,127.34,0.01
14,9.38,71,1.97,False,False,2,72.32,0.01
15,9.38,73,0.54,False,False,2,33.07,0.01
16,9.38,77,1.94,False,False,2,88.69,0.01
17,9.38,64,1.8,False,False,2,111.14,0.01
18,9.38,73,1.58,False,False,2,81.15,0.01
19,9.38,94,1.13,False,False,2,30.66,0.01
20,9.38,70,1.51,False,False,2,95.34,0.01
21,9.38,98,0.81,False,False,2,124.85,0.01
22,9.38,88,0.82,False,False,2,68.23,0.01
1,9.75,88,1.62,False,False,2,113.53,0.01
2,9.75,90,1.19,False,False,2,76.49,0.01
3,9.75,79,1.55,False,False,2,138.77,0.01
4,9.75,83,1.46,False,False,2,140.15,0.01
5,9.75,80,1.05,False,False,2,62.43,0.01
6,9.75,83,0.93,False,False,2,99.38,0.01
7,9.75,101,0.86,False,False,2,36.0,0.01
8,9.75,74,1.14,False,False,2,71.88,0.01
9,9.75,78,1.31,False,False,2,27.63,0.01
10,9.75,81,1.29,False,False,2,42.03,0.01
11,9.75,87,1.86,False,False,2,71.3,0.01
12,9.75,87,0.77,False,False,2,141.2,0.01
13,9.75,101,1.96,False,False,2,109.47,0.01
14,9.75,73,1.0,False,False,2,122.97,0.01
15,9.75,75,1.28,False,False,2,90.67,0.01
16,9.75,77,1.36,False,False,2,148.06,0.01
17,9.75,66,1.42,False,False,2,131.74,0.01
18,9.75,76,0.62,False,False,2,135.59,0.01
19,9.75,93,1.82,False,False,2,137.43,0.01
20,9.75,71,1.19,False,False,2,147.18,0.01
21,9.75,95,1.41,False,False,2,127.94,0.01
22,9.75,89,0.66,False,False,2,55.0,0.01
1,10.12,90,1.0,False,False,2,133.72,0.01
2,10.12,91,0.57,False,False,2,110.03,0.01
3,10.12,82,0.94,False,False,2,126.78,0.01
4,10.12,80,1.36,False,False,2,136.68,0.01
5,10.12,81,1.8,False,False,2,114.52,0.01
6,10.12,81,0.76,False,False,2,139.43,0.01
7,10.12,98,1.28,False,False,2,43.86,0.01
8,10.12,77,1.71,False,False,2,145.04,0.01
9,10.12,80,0.82,False,False,2,85.68,0.0
10,10.12,84,1.3,False,False,2,59.73,0.01
11,10.12,88,0.53,False,False,2,60.83,0.01
12,10.12,84,0.91,False,False,2,50.52,0.01
13,10.12,102,0.6,False,False,2,111.36,0.01
14,10.12,74,1.11,False,False,2,89.14,0.01
15,10.12,74,1.54,False,False,2,40.68,0.01
16,10.12,79,1.83,False,False,2,111.54,0.01
17,10.12,69,0.93,False,False,2,108.13,0.01
18,10.12,75,9.99,True,False,1,125.75,0.01
19,10.12,94,1.39,False,False,2,41.06,0.01
20,10.12,74,1.24,False,False,2,58.42,0.01
21,10.12,95,1.5,False,False,2,106.82,0.01
22,10.12,90,0.74,False,False,2,28.86,0.01
1,10.5,89,1.87,False,False,2,70.19,0.01
2,10.5,92,1.42,False,False,2,91.93,0.01
3,10.5,83,1.98,False,False,2,74.99,0.01
4,10.5,83,0.88,False,False,2,65.65,0.01
5,10.5,82,1.9,False,False,2,124.6,0.01
6,10.5,82,1.27,False,False,2,141.67,0.01
7,10.5,101,1.45,False,False,2,122.85,0.01
8,10.5,79,0.84,False,False,2,102.36,0.01
9,10.5,83,1.28,False,False,2,69.24,0.01
10,10.5,83,0.77,False,False,2,37.07,0.01
11,10.5,91,1.25,False,False,2,59.73,0.03
12,10.5,84,1.56,False,False,2,67.21,0.01
13,10.5,101,1.41,False,False,2,42.49,0.01
14,10.5,71,1.51,False,False,2,104.37,0.01
15,10.5,74,0.91,False,False,2,21.72,0.01
16,10.5,76,1.4,False,False,2,105.46,0.01
17,10.5,69,1.11,False,False,2,88.38,0.01
18,10.5,77,0.66,False,False,2,135.72,0.01
19,10.5,94,1.99,False,False,2,95.16,0.01
20,10.5,76,1.35,False,False,2,40.87,0.01
21,10.5,92,1.91,False,False,2,114.39,0.01
22,10.5,92,1.44,False,False,2,34.16,0.01
1,10.88,91,1.25,False,False,2,38.46,0.01
2,10.88,90,0.58,False,False,2,91.39,0.01
3,10.88,81,1.6,False,False,2,33.88,0.01
4,10.88,82,0.78,False,False,2,123.22,0.01
5,10.88,82,1.75,False,False,2,43.0,0.01
6,10.88,81,1.3,False,False,2,61.95,0.01
7,10.88,100,1.32,False,False,2,24.0,0.01
8,10.88,77,1.46,False,False,2,127.93,0.01
9,10.88,80,1.19,False,False,2,65.37,0.01
10,10.88,83,1.54,False,False,2,67.23,0.01
11,10.88,88,0.61,False,False,2,107.52,0.01
12,10.88,87,1.47,False,False,2,26.15,0.01
13,10.88,98,1.87,False,False,2,72.07,0.01
14,10.88,72,0.73,False,False,2,135.66,0.01
15,10.88,71,1.29,False,False,2,105.89,0.01
16,10.88,74,1.63,False,False,2,149.89,0.01
17,10.88,70,1.36,False,False,2,86.37,0.01
18,10.88,76,1.79,False,False,2,120.76,0.01
19,10.88,93,0.82,False,False,2,106.67,0.01
20,10.88,73,0.83,False,False,2,103.14,0.01
21,10.88,92,1.57,False,False,2,25.02,0.01
22,10.88,90,1.42,False,False,2,33.94,0.01
1,11.25,89,1.69,False,False,2,41.76,0.01
2,11.25,91,1.44,False,False,2,118.81,0.01
3,11.25,82,1.23,False,False,2,138.44,0.01
4,11.25,82,1.03,False,False,2,118.44,0.01
5,11.25,80,1.85,False,False,2,60.45,0.01
6,11.25,82,1.39,False,False,2,34.6,0.01
7,11.25,99,0.86,False,False,2,68.57,0.01
8,11.25,77,1.93,False,False,2,83.92,0.01
9,11.25,77,1.04,False,False,2,67.01,0.01
10,11.25,81,1.69,False,False,2,71.0,0.01
11,11.25,89,1.94,False,False,2,24.79,0.01
12,11.25,90,0.52,False,False,2,61.11,0.01
13,11.25,100,1.95,False,False,2,55.25,0.01
14,11.25,71,1.41,False,False,2,138.44,0.01
15,11.25,73,0.77,False,False,2,96.29,0.01
16,11.25,72,1.29,False,False,2,22.7,0.01
17,11.25,69,1.36,False,False,2,110.13,0.01
18,11.25,79,1.86,False,False,2,66.85,0.01
19,11.25,93,1.71,False,False,2,82.98,0.01
20,11.25,76,1.63,False,False,2,57.79,0.01
21,11.25,95,0.92,False,False,2,121.32,0.01
22,11.25,87,1.66,False,False,2,126.19,0.01
1,11.62,88,1.38,False,False,2,90.02,0.01
2,11.62,89,1.62,False,False,2,98.51,0.01
3,11.62,79,1.44,False,False,2,133.2,0.01
4,11.62,83,1.28,False,False,2,100.9,0.01
5,11.62,81,0.51,False,False,2,65.14,0.01
6,11.62,83,1.57,False,False,2,32.01,0.01
7,11.62,100,1.05,False,False,2,21.84,0.01
8,11.62,76,0.97,False,False,2,93.13,0.01
9,11.62,80,1.68,False,False,2,21.27,0.01
10,11.62,79,0.52,False,False,2,88.19,0.01
11,11.62,86,1.06,False,False,2,76.13,0.01
12,11.62,91,1.06,False,False,2,144.62,0.01
13,11.62,102,1.22,False,False,2,65.64,0.01
14,11.62,69,1.23,False,False,2,80.2,0.01
15,11.62,75,1.29,False,False,2,38.85,0.01
16,11.62,75,1.26,False,False,2,85.62,0.01
17,11.62,67,0.94,False,False,2,52.82,0.01
18,11.62,80,1.22,False,False,2,136.8,0.01
19,11.62,96,1.26,False,False,2,94.86,0.01
20,11.62,75,1.24,False,False,2,137.93,0.01
21,11.62,98,1.55,False,False,2,69.18,0.01
22,11.62,88,1.26,False,False,2,88.83,0.01
1,12.0,88,0.85,False,False,2,91.79,0.01
2,12.0,92,1.62,False,False,2,127.58,0.01
3,12.0,81,1.46,False,False,2,147.65,0.01
4,12.0,80,0.91,False,False,2,47.77,0.01
5,12.0,82,0.63,False,False,2,102.36,0.01
6,12.0,84,1.92,False,False,2,107.32,0.01
7,12.0,101,0.82,False,False,2,126.43,0.01
8,12.0,75,0.75,False,False,2,61.84,0.01
9,12.0,82,1.17,False,False,2,144.24,0.01
10,12.0,81,1.31,False,False,2,74.81,0.01
11,12.0,89,1.85,False,False,2,23.3,0.01
12,12.0,94,1.11,False,False,2,45.65,0.01
13,12.0,101,0.87,False,False,2,116.15,0.01
14,12.0,67,1.91,False,False,2,144.95,0.01
15,12.0,75,1.49,False,False,2,120.75,0.01
16,12.0,76,1.47,False,False,2,144.11,0.01
17,12.0,65,1.89,False,False,2,116.04,0.01
18,12.0,83,1.49,False,False,2,127.2,0.01
19,12.0,98,0.93,False,False,2,47.21,0.01
20,12.0,78,0.78,False,False,2,77.31,0.01
21,12.0,100,1.43,False,False,2,98.56,0.01
22,12.0,91,1.83,False,False,2,60.01,0.01
1,12.38,86,0.89,False,False,2,96.26,0.01
2,12.38,94,1.45,False,False,2,88.45,0.01
3,12.38,82,0.85,False,False,2,75.31,0.01
4,12.38,83,1.88,False,False,2,126.05,0.01
5,12.38,82,0.96,False,False,2,54.02,0.01
6,12.38,87,1.56,False,False,2,132.71,0.01
7,12.38,104,0.99,False,False,2,56.5,0.01
8,12.38,75,0.81,False,False,2,69.86,0.01
9,12.38,83,1.31,False,False,2,23.66,0.01
10,12.38,82,1.57,False,False,2,89.44,0.01
11,12.38,88,0.98,False,False,2,65.85,0.01
12,12.38,95,1.5,False,False,2,48.95,0.01
13,12.38,103,1.31,False,False,2,23.41,0.01
14,12.38,67,0.98,False,False,2,26.39,0.01
15,12.38,72,1.28,False,False,2,46.92,0.01
16,12.38,77,0.71,False,False,2,79.91,0.01
17,12.38,64,0.62,False,False,2,129.07,0.01
18,12.38,83,1.23,False,False,2,66.34,0.06
19,12.38,97,1.0,False,False,2,24.09,0.01
20,12.38,77,1.15,False,False,2,85.77,0.01
21,12.38,98,1.68,False,False,2,21.76,0.01
22,12.38,94,1.21,False,False,2,96.83,0.01
1,12.75,84,0.73,False,False,2,86.2,0.01
2,12.75,91,0.77,False,False,2,94.9,0.01
3,12.75,80,1.28,False,False,2,39.77,0.01
4,12.75,81,0.6,False,False,2,23.55,0.01
5,12.75,83,0.61,False,False,2,45.8,0.01
6,12.75,85,1.89,False,False,2,111.52,0.01
7,12.75,105,1.24,False,False,2,90.27,0.01
8,12.75,77,1.39,False,False,2,97.51,0.01
9,12.75,83,1.46,False,False,2,55.57,0.01
10,12.75,84,1.75,False,False,2,71.65,0.01
11,12.75,89,1.7,False,False,2,36.85,0.01
12,12.75,95,1.43,False,False,2,29.04,0.01
13,12.75,105,0.96,False,False,2,114.8,0.01
14,12.75,67,1.42,False,False,2,31.79,0.01
15,12.75,74,0.6,False,False,2,78.37,0.01
16,12.75,77,0.61,False,False,2,122.27,0.01
17,12.75,65,1.26,False,False,2,105.21,0.01
18,12.75,82,1.96,False,False,2,50.45,0.01
19,12.75,100,0.57,False,False,2,142.2,0.01
20,12.75,79,1.11,False,False,2,40.03,0.01
21,12.75,96,1.64,False,False,2,25.7,0.0
22,12.75,91,1.16,False,False,2,30.21,0.01
1,13.12,84,1.9,False,False,2,72.25,0.01
2,13.12,93,1.22,False,False,2,48.91,0.01
3,13.12,83,1.86,False,False,2,139.47,0.03
4,13.12,84,0.78,False,False,2,107.82,0.01
5,13.12,85,1.93,False,False,2,28.79,0.01
6,13.12,87,0.82,False,False,2,65.81,0.01
7,13.12,107,1.63,False,False,2,61.39,0.01
8,13.12,75,1.64,False,False,2,86.66,0.01
9,13.12,84,0.99,False,False,2,30.99,0.01
10,13.12,83,0.65,False,False,2,91.98,0.01
11,13.12,88,1.6,False,False,2,110.05,0.01
12,13.12,95,1.05,False,False,2,135.11,0.01
13,13.12,106,1.64,False,False,2,129.74,0.01
14,13.12,67,1.85,False,False,2,93.24,0.01
15,13.12,72,0.75,False,False,2,23.85,0.01
16,13.12,80,1.93,False,False,2,82.88,0.01
17,13.12,63,0.7,False,False,2,136.24,0.01
18,13.12,82,1.83,False,False,2,75.95,0.01
19,13.12,102,1.52,False,False,2,59.36,0.01
20,13.12,80,1.22,False,False,2,53.84,0.01
21,13.12,97,1.5,False,False,2,30.11,0.01
22,13.12,93,1.86,False,False,2,125.94,0.01
1,13.5,87,1.64,False,False,2,80.03,0.01
2,13.5,96,1.06,False,False,2,86.17,0.01
3,13.5,82,1.02,False,False,2,84.2,0.01
4,13.5,85,1.41,False,False,2,59.46,0.01
5,13.5,84,1.0,False,False,2,38.22,0.01
6,13.5,86,1.94,False,False,2,60.48,0.01
7,13.5,107,0.68,False,False,2,139.53,0.01
8,13.5,77,1.59,False,False,2,57.16,0.01
9,13.5,83,1.98,False,False,2,65.42,0.01
10,13.5,84,1.93,False,False,2,112.26,0.01
11,13.5,87,1.62,False,False,2,90.92,0.01
12,13.5,95,1.88,False,False,2,94.59,0.01
13,13.5,103,1.15,False,False,2,146.37,0.01
14,13.5,64,1.72,False,False,2,38.96,0.01
15,13.5,74,1.73,False,False,2,147.37,0.01
16,13.5,80,0.95,False,False,2,20.23,0.01
17,13.5,61,1.56,False,False,2,124.65,0.01
18,13.5,80,1.71,False,False,2,44.85,0.01
19,13.5,103,0.91,False,False,2,82.5,0.01
20,13.5,81,1.8,False,False,2,128.26,0.01
21,13.5,100,1.43,False,False,2,139.43,0.01
22,13.5,93,1.01,False,False,2,82.18,0.01
1,13.88,89,1.25,False,False,2,55.45,0.01
2,13.88,93,0.58,False,False,2,79.44,0.01
3,13.88,83,1.3,False,False,2,20.29,0.01
4,13.88,83,2.0,False,False,2,41.12,0.01
5,13.88,81,17.353067337261976,True,True,1,70.06,0.01
6,13.88,85,0.9,False,False,2,95.54,0.01
7,13.88,107,1.61,False,False,2,120.43,0.01
8,13.88,75,1.77,False,False,2,134.05,0.01
9,13.88,83,0.85,False,False,2,115.77,0.01
10,13.88,83,1.24,False,False,2,44.91,0.01
11,13.88,87,1.57,False,False,2,140.73,0.01
12,13.88,96,0.68,False,False,2,107.55,0.01
13,13.88,106,1.97,False,False,2,87.65,0.01
14,13.88,67,1.03,False,False,2,62.3,0.01
15,13.88,75,1.06,False,False,2,120.02,0.01
16,13.88,78,0.88,False,False,2,93.6,0.01
17,13.88,60,1.88,False,False,2,127.18,0.01
18,13.88,77,0.93,False,False,2,26.52,0.01
19,13.88,105,1.14,False,False,2,28.92,0.01
20,13.88,82,1.76,False,False,2,75.41,0.01
21,13.88,99,0.66,False,False,2,139.41,0.01
22,13.88,90,1.81,False,False,2,103.28,0.01
1,14.25,89,1.15,False,False,2,89.01,0.01
2,14.25,94,0.72,False,False,2,73.53,0.01
3,14.25,85,1.84,False,False,2,130.58,0.01
4,14.25,82,1.74,False,False,2,108.56,0.01
5,14.25,78,0.92,False,False,2,100.48,0.01
6,14.25,86,1.4,False,False,2,92.17,0.01
7,14.25,104,1.76,False,False,2,34.79,0.01
8,14.25,78,0.83,False,False,2,33.48,0.01
9,14.25,85,0.78,False,False,2,21.75,0.01
10,14.25,84,1.55,False,False,2,140.97,0.01
11,14.25,87,1.41,False,False,2,105.21,0.01
12,14.25,99,1.89,False,False,2,97.35,0.01
13,14.25,105,0.89,False,False,2,83.22,0.01
14,14.25,69,0.76,False,False,2,101.79,0.01
15,14.25,77,1.76,False,False,2,43.0,0.01
16,14.25,78,0.7,False,False,2,38.0,0.01
17,14.25,60,1.87,False,False,2,99.89,0.0
18,14.25,75,1.23,False,False,2,103.13,0.01
19,14.25,107,1.26,False,False,2,47.5,0.01
20,14.25,83,0.93,False,False,2,68.85,0.08
21,14.25,100,1.12,False,False,2,148.43,0.01
22,14.25,93,0.91,False,False,2,149.54,0.01
1,14.62,90,0.98,False,False,2,31.86,0.01
2,14.62,96,0.71,False,False,2,29.57,0.01
3,14.62,84,1.9,False,False,2,51.21,0.01
4,14.62,82,0.79,False,False,2,52.54,0.01
5,14.62,81,1.62,False,False,2,99.47,0.01
6,14.62,85,1.62,False,False,2,92.7,0.01
7,14.62,107,1.8,False,False,2,59.0,0.01
8,14.62,77,0.67,False,False,2,118.84,0.01
9,14.62,85,1.54,False,False,2,137.73,0.01
10,14.62,81,1.01,False,False,2,76.66,0.01
11,14.62,87,1.7,False,False,2,104.01,0.01
12,14.62,100,0.87,False,False,2,82.18,0.01
13,14.62,104,1.78,False,False,2,72.74,0.01
14,14.62,68,1.21,False,False,2,84.38,0.01
15,14.62,80,1.2,False,False,2,91.05,0.01
16,14.62,80,0.7,False,False,2,118.06,0.01
17,14.62,61,1.32,False,False,2,141.69,0.01
18,14.62,74,0.58,False,False,2,82.31,0.01
19,14.62,106,1.83,False,False,2,145.77,0.01
20,14.62,80,0.61,False,False,2,146.02,0.01
21,14.62,99,1.55,False,False,2,21.01,0.01
22,14.62,94,1.82,False,False,2,134.84,0.01
1,15.0,92,0.74,False,False,2,138.26,0.01
2,15.0,97,1.41,False,False,2,135.91,0.01
3,15.0,83,1.87,False,False,2,34.86,0.01
4,15.0,83,0.85,False,False,2,60.05,0.01
5,15.0,79,1.53,False,False,2,131.5,0.01
6,15.0,82,1.58,False,False,2,66.95,0.01
7,15.0,104,0.6,False,False,2,133.1,0.01
8,15.0,75,1.13,False,False,2,138.74,0.01
9,15.0,87,1.23,False,False,2,56.27,0.01
10,15.0,82,0.86,False,False,2,20.8,0.0
11,15.0,89,1.83,False,False,2,114.59,0.01
12,15.0,103,1.76,False,False,2,136.66,0.01
13,15.0,104,0.56,False,False,2,130.12,0.01
14,15.0,67,1.96,False,False,2,130.61,0.01
15,15.0,80,0.61,False,False,2,38.3,0.01
16,15.0,77,0.94,False,False,2,53.49,0.01
17,15.0,62,0.71,False,False,2,40.05,0.01
18,15.0,73,1.79,False,False,2,144.51,0.01
19,15.0,103,1.0,False,False,2,63.63,0.01
20,15.0,79,1.7,False,False,2,50.3,0.01
21,15.0,101,1.6,False,False,2,85.84,0.01
22,15.0,93,0.79,False,False,2,75.0,0.01
1,15.38,92,1.41,False,False,2,132.12,0.01
2,15.38,96,1.83,False,False,2,103.59,0.01
3,15.38,82,1.61,False,False,2,91.0,0.01
4,15.38,82,1.14,False,False,2,58.24,0.01
5,15.38,82,1.22,False,False,2,142.14,0.01
6,15.38,85,0.55,False,False,2,131.77,0.01
7,15.38,103,0.75,False,False,2,20.46,0.01
8,15.38,74,1.49,False,False,2,122.67,0.01
9,15.38,89,0.77,False,False,2,143.87,0.01
10,15.38,84,0.67,False,False,2,98.47,0.01
11,15.38,87,1.41,False,False,2,116.64,0.01
12,15.38,100,0.71,False,False,2,134.22,0.01
13,15.38,104,1.22,False,False,2,132.44,0.01
14,15.38,66,1.8,False,False,2,77.37,0.02
15,15.38,80,0.82,False,False,2,43.69,0.01
16,15.38,78,0.57,False,False,2,41.24,0.01
17,15.38,65,0.87,False,False,2,53.06,0.01
18,15.38,75,1.58,False,False,2,94.31,0.01
19,15.38,103,1.38,False,False,2,24.87,0.01
20,15.38,77,1.31,False,False,2,89.19,0.01
21,15.38,99,1.26,False,False,2,68.14,0.01
22,15.38,93,1.7,False,False,2,73.02,0.01
1,15.75,95,1.22,False,False,2,149.39,0.01
2,15.75,93,0.58,False,False,2,56.12,0.01
3,15.75,79,1.69,False,False,2,105.26,0.01
4,15.75,81,1.34,False,False,2,125.75,0.01
5,15.75,81,1.35,False,False,2,66.96,0.01
6,15.75,82,1.0,False,False,2,127.55,0.01
7,15.75,100,1.11,False,False,2,92.51,0.01
8,15.75,76,1.63,False,False,2,149.39,0.01
9,15.75,91,1.72,False,False,2,113.9,0.01
10,15.75,85,0.9,False,False,2,89.3,0.01
11,15.75,85,0.88,False,False,2,128.59,0.01
12,15.75,99,1.8,False,False,2,36.4,0.01
13,15.75,107,1.17,False,False,2,82.84,0.01
14,15.75,65,1.34,False,False,2,106.37,0.01
15,15.75,77,0.95,False,False,2,27.22,0.01
16,15.75,77,1.96,False,False,2,77.29,0.01
17,15.75,65,1.72,False,False,2,37.4,0.01
18,15.75,76,0.75,False,False,2,87.34,0.01
19,15.75,105,0.64,False,False,2,144.54,0.01
20,15.75,79,1.72,False,False,2,102.29,0.01
21,15.75,99,2.0,False,False,2,146.97,0.01
22,15.75,90,1.28,False,False,2,79.41,0.01
1,16.12,93,1.61,False,False,2,115.91,0.01
2,16.12,94,0.8,False,False,2,116.55,0.01
3,16.12,81,1.73,False,False,2,125.31,0.01
4,16.12,82,0.51,False,False,2,53.96,0.01
6,16.12,82,0.73,False,False,2,93.09,0.01
7,16.12,97,1.04,False,False,2,116.93,0.01
8,16.12,73,0.63,False,False,2,105.03,0.01
9,16.12,94,0.86,False,False,2,146.83,0.01
10,16.12,82,0.58,False,False,2,24.46,0.01
11,16.12,85,1.1,False,False,2,52.46,0.01
12,16.12,98,0.94,False,False,2,119.25,0.01
13,16.12,108,0.62,False,False,2,71.65,0.01
14,16.12,66,1.55,False,False,2,32.57,0.01
15,16.12,76,1.98,False,False,2,91.95,0.01
16,16.12,76,0.83,False,False,2,100.06,0.0
17,16.12,68,0.72,False,False,2,132.68,0.01
18,16.12,75,1.57,False,False,2,64.65,0.01
19,16.12,102,1.7,False,False,2,37.55,0.01
20,16.12,79,1.82,False,False,2,48.77,0.01
21,16.12,101,1.49,False,False,2,64.16,0.01
22,16.12,89,1.95,False,False,2,122.57,0.01
1,16.5,96,1.35,False,False,2,25.33,0.01
2,16.5,94,1.96,False,False,2,100.76,0.01
3,16.5,80,1.43,False,False,2,126.64,0.01
4,16.5,81,0.91,False,False,2,43.53,0.01
5,16.5,80,1.08,False,False,2,62.12,0.01
6,16.5,82,1.87,False,False,2,129.3,0.01
7,16.5,100,1.03,False,False,2,87.96,0.01
8,16.5,75,1.58,False,False,2,88.27,0.01
9,16.5,92,1.83,False,False,2,133.86,0.01
10,16.5,79,1.49,False,False,2,87.47,0.01
11,16.5,87,0.54,False,False,2,127.97,0.01
12,16.5,97,0.55,False,False,2,112.63,0.01
13,16.5,105,1.95,False,False,2,108.16,0.01
14,16.5,64,1.49,False,False,2,121.67,0.01
15,16.5,76,0.83,False,False,2,47.48,0.01
16,16.5,74,1.37,False,False,2,69.18,0.01
17,16.5,65,0.54,False,False,2,117.07,0.01
18,16.5,73,0.95,False,False,2,136.64,0.01
19,16.5,99,1.45,False,False,2,86.45,0.01
20,16.5,77,1.93,False,False,2,115.51,0.01
21,16.5,98,0.9,False,False,2,144.46,0.01
22,16.5,88,0.9,False,False,2,115.37,0.01
1,16.88,96,1.63,False,False,2,89.85,0.01
2,16.88,93,0.71,False,False,2,114.6,0.01
3,16.88,77,1.82,False,False,2,42.15,0.01
4,16.88,83,0.62,False,False,2,120.04,0.01
5,16.88,82,1.84,False,False,2,49.33,0.01
6,16.88,82,0.93,False,False,2,90.13,0.01
7,16.88,98,0.97,False,False,2,21.95,0.01
8,16.88,75,1.97,False,False,2,145.44,0.01
9,16.88,91,1.85,False,False,2,44.55,0.01
10,16.88,82,1.23,False,False,2,119.48,0.01
11,16.88,88,1.43,False,False,2,66.12,0.01
12,16.88,98,0.81,False,False,2,98.74,0.01
13,16.88,104,0.71,False,False,2,99.53,0.01
14,16.88,66,1.44,False,False,2,132.07,0.01
15,16.88,73,1.0,False,False,2,55.51,0.01
16,16.88,76,1.9,False,False,2,85.17,0.01
17,16.88,64,1.84,False,False,2,141.69,0.01
18,16.88,75,0.75,False,False,2,137.31,0.01
19,16.88,100,1.53,False,False,2,147.79,0.01
20,16.88,79,1.73,False,False,2,37.84,0.01
21,16.88,99,1.55,False,False,2,45.72,0.01
22,16.88,86,1.59,False,False,2,33.32,0.01
1,17.25,95,1.79,False,False,2,148.13,0.01
2,17.25,92,1.76,False,False,2,124.45,0.01
3,17.25,76,0.56,False,False,2,122.52,0.01
4,17.25,84,1.89,False,False,2,110.66,0.01
5,17.25,83,0.59,False,False,2,39.12,0.01
6,17.25,82,0.76,False,False,2,82.19,0.01
7,17.25,96,1.09,False,False,2,64.28,0.01
8,17.25,77,1.43,False,False,2,30.85,0.01
9,17.25,92,0.53,False,False,2,86.02,0.01
10,17.25,80,1.47,False,False,2,114.18,0.01
11,17.25,89,0.74,False,False,2,106.35,0.01
12,17.25,96,1.87,False,False,2,138.58,0.01
13,17.25,105,1.81,False,False,2,91.13,0.01
14,17.25,69,0.91,False,False,2,113.43,0.01
15,17.25,73,1.78,False,False,2,55.56,0.01
16,17.25,79,1.14,False,False,2,41.72,0.01
17,17.25,61,0.75,False,False,2,97.18,0.01
18,17.25,73,1.94,False,False,2,78.18,0.01
19,17.25,102,1.77,False,False,2,111.08,0.01
20,17.25,80,1.27,False,False,2,110.57,0.01
21,17.25,100,1.53,False,False,2,117.97,0.01
22,17.25,83,1.97,False,False,2,97.5,0.01
1,17.62,92,1.81,False,False,2,67.47,0.0
2,17.62,90,1.43,False,False,2,62.31,0.01
3,17.62,79,1.12,False,False,2,34.96,0.01
4,17.62,86,0.78,False,False,2,126.21,0.01
5,17.62,86,1.76,False,False,2,115.35,0.01
6,17.62,82,1.98,False,False,2,85.25,0.01
7,17.62,98,1.86,False,False,2,47.34,0.01
8,17.62,78,0.5,False,False,2,137.28,0.01
9,17.62,95,1.52,False,False,2,140.21,0.01
10,17.62,80,1.04,False,False,2,43.25,0.01
11,17.62,87,1.29,False,False,2,86.03,0.01
12,17.62,93,1.18,False,False,2,32.35,0.0
13,17.62,102,1.7,False,False,2,77.21,0.01
14,17.62,72,0.85,False,False,2,70.07,0.01
15,17.62,76,1.6,False,False,2,108.81,0.01
16,17.62,82,1.78,False,False,2,36.12,0.01
17,17.62,64,1.34,False,False,2,103.01,0.01
18,17.62,73,1.08,False,False,2,64.68,0.01
19,17.62,105,0.93,False,False,2,68.33,0.0
20,17.62,83,1.24,False,False,2,50.86,0.01
21,17.62,103,1.11,False,False,2,71.61,0.01
22,17.62,80,0.68,False,False,2,76.86,0.01
1,18.0,94,1.79,False,False,2,45.03,0.01
2,18.0,88,1.48,False,False,2,65.64,0.01
3,18.0,76,1.8,False,False,2,44.07,0.01
4,18.0,86,0.99,False,False,2,135.55,0.01
5,18.0,86,1.79,False,False,2,99.26,0.02
6,18.0,85,1.89,False,False,2,86.62,0.01
7,18.0,95,1.76,False,False,2,30.95,0.01
8,18.0,80,0.57,False,False,2,69.45,0.01
9,18.0,95,1.02,False,False,2,92.48,0.01
10,18.0,78,1.94,False,False,2,52.37,0.01
11,18.0,88,0.52,False,False,2,106.34,0.01
12,18.0,91,0.83,False,False,2,25.87,0.01
13,18.0,99,1.37,False,False,2,85.26,0.01
14,18.0,70,1.87,False,False,2,85.04,0.01
15,18.0,76,1.91,False,False,2,98.22,0.01
16,18.0,85,1.48,False,False,2,103.93,0.01
17,18.0,64,1.92,False,False,2,147.57,0.01
18,18.0,71,1.24,False,False,2,94.71,0.01
19,18.0,106,0.89,False,False,2,42.1,0.01
20,18.0,85,0.53,False,False,2,139.3,0.01
21,18.0,100,1.64,False,False,2,35.9,0.01
22,18.0,80,0.89,False,False,2,27.16,0.01
1,18.38,96,1.83,False,False,2,116.33,0.01
2,18.38,91,0.94,False,False,2,64.37,0.01
3,18.38,76,1.02,False,False,2,63.51,0.01
4,18.38,84,1.42,False,False,2,111.44,0.01
5,18.38,89,0.51,False,False,2,136.93,0.01
6,18.38,88,1.76,False,False,2,149.31,0.01
7,18.38,97,1.98,False,False,2,23.52,0.01
8,18.38,77,1.13,False,False,2,54.21,0.01
9,18.38,97,1.18,False,False,2,33.26,0.01
10,18.38,75,1.66,False,False,2,30.73,0.01
11,18.38,88,0.64,False,False,2,130.76,0.01
12,18.38,92,1.31,False,False,2,79.46,0.01
13,18.38,101,0.68,False,False,2,102.83,0.01
14,18.38,73,0.8,False,False,2,40.53,0.01
15,18.38,76,1.22,False,False,2,82.93,0.01
16,18.38,85,1.67,False,False,2,44.47,0.01
17,18.38,64,0.53,False,False,2,66.28,0.01
18,18.38,70,0.69,False,False,2,71.59,0.01
19,18.38,103,1.53,False,False,2,139.22,0.01
20,18.38,86,1.12,False,False,2,70.52,0.01
21,18.38,101,1.75,False,False,2,36.73,0.01
22,18.38,83,1.15,False,False,2,146.65,0.01
1,18.75,99,0.95,False,False,2,90.66,0.01
2,18.75,90,1.71,False,False,2,85.47,0.01
3,18.75,79,1.85,False,False,2,32.9,0.01
4,18.75,82,0.96,False,False,2,84.93,0.01
5,18.75,92,0.54,False,False,2,106.28,0.01
6,18.75,89,1.55,False,False,2,59.53,0.01
7,18.75,96,1.1,False,False,2,38.88,0.01
8,18.75,80,1.43,False,False,2,90.19,0.01
9,18.75,95,1.79,False,False,2,45.48,0.01
10,18.75,74,1.49,False,False,2,146.01,0.01
11,18.75,87,0.65,False,False,2,40.27,0.02
12,18.75,93,1.62,False,False,2,31.45,0.01
13,18.75,102,0.52,False,False,2,104.41,0.01
14,18.75,75,1.56,False,False,2,99.62,0.01
15,18.75,74,1.62,False,False,2,109.9,0.01
16,18.75,87,0.71,False,False,2,22.03,0.01
17,18.75,66,0.99,False,False,2,123.12,0.01
18,18.75,71,1.31,False,False,2,115.46,0.01
19,18.75,105,0.8,False,False,2,99.6,0.01
20,18.75,87,1.38,False,False,2,94.37,0.01
21,18.75,99,1.8,False,False,2,79.96,0.01
22,18.75,83,1.83,False,False,2,38.4,0.01
1,19.12,100,0.88,False,False,2,51.21,0.01
2,19.12,88,1.94,False,False,2,33.23,0.01
3,19.12,79,1.69,False,False,2,27.59,0.01
4,19.12,85,1.42,False,False,2,27.44,0.01
5,19.12,92,1.01,False,False,2,109.54,0.01
6,19.12,90,1.51,False,False,2,125.87,0.01
7,19.12,99,1.33,False,False,2,37.82,0.01
8,19.12,80,0.75,False,False,2,20.59,0.01
9,19.12,97,1.36,False,False,2,112.3,0.01
10,19.12,77,1.19,False,False,2,57.0,0.01
11,19.12,89,0.55,False,False,2,94.51,0.06
12,19.12,95,1.33,False,False,2,136.67,0.01
13,19.12,104,1.93,False,False,2,59.84,0.01
14,19.12,75,0.54,False,False,2,56.45,0.01
15,19.12,71,0.96,False,False,2,80.25,0.01
16,19.12,87,1.15,False,False,2,43.91,0.01
17,19.12,67,1.92,False,False,2,61.01,0.01
18,19.12,73,1.6,False,False,2,106.66,0.01
19,19.12,108,1.15,False,False,2,73.77,0.01
20,19.12,85,0.92,False,False,2,91.32,0.01
21,19.12,96,1.65,False,False,2,79.43,0.01
22,19.12,86,1.4,False,False,2,132.28,0.01
1,19.5,101,1.14,False,False,2,22.04,0.01
2,19.5,85,1.8,False,False,2,84.35,0.01
3,19.5,79,1.27,False,False,2,48.29,0.01
4,19.5,86,1.29,False,False,2,63.26,0.01
5,19.5,95,1.44,False,False,2,131.65,0.01
6,19.5,92,1.96,False,False,2,76.44,0.01
7,19.5,97,1.23,False,False,2,81.18,0.01
8,19.5,83,0.57,False,False,2,106.99,0.01
9,19.5,98,2.0,False,False,2,22.68,0.01
10,19.5,79,1.24,False,False,2,62.48,0.01
11,19.5,89,1.84,False,False,2,124.51,0.01
12,19.5,96,1.61,False,False,2,104.59,0.01
13,19.5,102,1.06,False,False,2,25.17,0.01
14,19.5,77,0.87,False,False,2,127.62,0.01
15,19.5,70,1.11,False,False,2,86.5,0.01
16,19.5,84,0.81,False,False,2,48.01,0.01
17,19.5,69,1.8,False,False,2,142.1,0.01
18,19.5,76,1.65,False,False,2,132.8,0.01
19,19.5,111,1.84,False,False,2,41.57,0.01
20,19.5,87,0.78,False,False,2,72.54,0.01
21,19.5,98,0.78,False,False,2,122.96,0.01
22,19.5,88,1.37,False,False,2,97.06,0.01
1,19.88,104,1.74,False,False,2,146.63,0.01
2,19.88,88,1.1,False,False,2,127.28,0.01
3,19.88,77,0.89,False,False,2,88.73,0.01
4,19.88,85,1.14,False,False,2,55.96,0.01
5,19.88,96,0.98,False,False,2,105.41,0.01
6,19.88,89,1.36,False,False,2,58.61,0.01
7,19.88,95,1.13,False,False,2,47.75,0.01
8,19.88,82,0.6,False,False,2,33.45,0.01
9,19.88,101,0.65,False,False,2,135.46,0.01
10,19.88,77,0.61,False,False,2,107.42,0.01
11,19.88,91,1.22,False,False,2,117.07,0.01
12,19.88,94,1.95,False,False,2,140.48,0.01
13,19.88,100,1.29,False,False,2,53.37,0.01
14,19.88,77,1.39,False,False,2,98.0,0.01
15,19.88,72,0.59,False,False,2,94.59,0.01
16,19.88,83,0.98,False,False,2,90.29,0.01
17,19.88,69,1.79,False,False,2,105.81,0.01
18,19.88,74,1.89,False,False,2,102.7,0.01
19,19.88,110,1.0,False,False,2,24.26,0.01
20,19.88,89,1.42,False,False,2,148.81,0.01
21,19.88,101,1.47,False,False,2,26.47,0.01
22,19.88,86,1.04,False,False,2,127.79,0.01
1,20.25,103,1.62,False,False,2,27.2,0.01
2,20.25,89,1.84,False,False,2,129.64,0.01
3,20.25,74,1.08,False,False,2,148.29,0.01
4,20.25,87,1.43,False,False,2,53.51,0.01
5,20.25,94,0.74,False,False,2,49.96,0.01
6,20.25,89,1.17,False,False,2,67.77,0.01
7,20.25,94,1.31,False,False,2,59.63,0.01
8,20.25,81,0.79,False,False,2,33.89,0.01
9,20.25,100,0.8,False,False,2,111.58,0.01
10,20.25,75,1.43,False,False,2,91.98,0.01
11,20.25,94,0.67,False,False,2,72.81,0.01
12,20.25,97,0.67,False,False,2,138.28,0.01
13,20.25,97,0.96,False,False,2,94.32,0.01
14,20.25,78,1.27,False,False,2,112.66,0.01
15,20.25,71,1.63,False,False,2,39.37,0.01
16,20.25,86,1.49,False,False,2,75.99,0.01
17,20.25,69,1.23,False,False,2,71.82,0.01
18,20.25,75,1.04,False,False,2,109.53,0.01
19,20.25,108,1.17,False,False,2,103.31,0.01
20,20.25,86,1.52,False,False,2,45.39,0.01
21,20.25,100,1.78,False,False,2,139.29,0.01
22,20.25,86,0.59,False,False,2,148.34,0.01
1,20.62,101,1.31,False,False,2,134.82,0.01
2,20.62,88,1.83,False,False,2,75.88,0.01
3,20.62,72,0.66,False,False,2,82.82,0.01
4,20.62,88,1.72,False,False,2,63.8,0.01
5,20.62,93,0.55,False,False,2,138.6,0.01
6,20.62,88,1.04,False,False,2,79.65,0.01
7,20.62,97,1.16,False,False,2,56.95,0.01
8,20.62,80,1.97,False,False,2,140.13,0.01
9,20.62,99,0.78,False,False,2,102.0,0.01
10,20.62,75,0.82,False,False,2,111.76,0.01
11,20.62,92,0.55,False,False,2,78.49,0.01
12,20.62,99,0.9,False,False,2,37.24,0.01
13,20.62,99,1.03,False,False,2,33.51,0.01
14,20.62,76,0.67,False,False,2,109.37,0.01
15,20.62,72,0.74,False,False,2,70.09,0.01
16,20.62,84,1.33,False,False,2,86.75,0.01
17,20.62,67,1.04,False,False,2,98.43,0.01
18,20.62,73,1.76,False,False,2,32.38,0.01
19,20.62,110,1.04,False,False,2,129.95,0.01
20,20.62,86,0.58,False,False,2,64.34,0.01
21,20.62,97,0.95,False,False,2,139.9,0.01
22,20.62,86,1.7,False,False,2,93.67,0.01
1,21.0,102,1.61,False,False,2,76.76,0.01
2,21.0,88,0.75,False,False,2,49.58,0.01
3,21.0,70,1.06,False,False,2,37.7,0.01
4,21.0,86,0.99,False,False,2,39.66,0.01
5,21.0,93,0.87,False,False,2,113.5,0.01
6,21.0,85,1.07,False,False,2,29.77,0.01
7,21.0,95,0.92,False,False,2,144.33,0.01
8,21.0,77,1.55,False,False,2,123.63,0.01
9,21.0,99,1.26,False,False,2,78.13,0.01
10,21.0,74,0.57,False,False,2,89.2,0.01
11,21.0,94,1.96,False,False,2,139.96,0.01
12,21.0,97,1.96,False,False,2,104.24,0.01
13,21.0,100,1.7,False,False,2,101.94,0.01
14,21.0,78,0.68,False,False,2,114.8,0.01
15,21.0,73,1.36,False,False,2,122.79,0.01
16,21.0,85,1.9,False,False,2,67.47,0.01
17,21.0,70,0.83,False,False,2,29.49,0.01
18,21.0,75,1.85,False,False,2,131.63,0.01
19,21.0,111,0.83,False,False,2,122.87,0.01
20,21.0,88,1.83,False,False,2,80.98,0.01
21,21.0,96,0.61,False,False,2,118.47,0.01
22,21.0,84,1.66,False,False,2,122.21,0.01
1,21.38,100,1.34,False,False,2,137.6,0.01
2,21.38,89,1.82,False,False,2,32.79,0.01
3,21.38,73,1.51,False,False,2,102.26,0.01
4,21.38,85,0.77,False,False,2,69.75,0.01
5,21.38,92,1.23,False,False,2,39.96,0.01
6,21.38,85,1.36,False,False,2,22.79,0.01
7,21.38,96,1.07,False,False,2,69.64,0.01
8,21.38,74,1.66,False,False,2,39.23,0.01
9,21.38,96,1.04,False,False,2,102.8,0.01
10,21.38,74,0.56,False,False,2,126.47,0.01
11,21.38,92,0.67,False,False,2,80.4,0.01
12,21.38,97,1.29,False,False,2,104.03,0.01
13,21.38,100,1.52,False,False,2,132.8,0.01
14,21.38,80,1.73,False,False,2,32.81,0.01
15,21.38,74,0.99,False,False,2,119.59,0.01
16,21.38,87,1.98,False,False,2,113.17,0.01
17,21.38,72,0.7,False,False,2,85.91,0.01
18,21.38,75,0.52,False,False,2,45.32,0.01
19,21.38,113,0.99,False,False,2,46.37,0.01
20,21.38,89,1.69,False,False,2,87.87,0.01
21,21.38,93,0.68,False,False,2,81.82,0.01
22,21.38,87,1.44,False,False,2,47.67,0.01
1,21.75,102,1.13,False,False,2,119.07,0.01
2,21.75,89,1.63,False,False,2,58.95,0.01
3,21.75,71,1.42,False,False,2,114.56,0.01
4,21.75,87,1.43,False,False,2,143.6,0.01
5,21.75,94,1.77,False,False,2,121.21,0.01
6,21.75,82,1.3,False,False,2,116.81,0.01
7,21.75,98,0.81,False,False,2,81.97,0.01
8,21.75,73,0.82,False,False,2,94.69,0.01
9,21.75,94,1.49,False,False,2,47.81,0.01
10,21.75,74,0.95,False,False,2,50.73,0.01
11,21.75,95,1.09,False,False,2,52.34,0.01
12,21.75,97,1.99,False,False,2,127.93,0.01
13,21.75,102,1.27,False,False,2,96.38,0.01
14,21.75,77,0.51,False,False,2,134.77,0.01
15,21.75,71,0.87,False,False,2,96.58,0.01
16,21.75,88,1.85,False,False,2,111.76,0.01
17,21.75,69,1.07,False,False,2,44.33,0.01
18,21.75,73,1.7,False,False,2,66.43,0.01
19,21.75,116,1.4,False,False,2,128.03,0.01
20,21.75,89,1.65,False,False,2,66.76,0.01
21,21.75,95,0.77,False,False,2,140.64,0.01
22,21.75,85,1.45,False,False,2,115.76,0.01
1,22.12,101,1.93,False,False,2,121.17,0.01
2,22.12,92,0.52,False,False,2,124.11,0.01
3,22.12,70,1.02,False,False,2,72.8,0.01
4,22.12,90,1.46,False,False,2,87.84,0.01
5,22.12,95,0.87,False,False,2,66.02,0.01
6,22.12,82,1.04,False,False,2,96.45,0.01
7,22.12,101,0.83,False,False,2,139.4,0.01
8,22.12,72,1.23,False,False,2,110.73,0.01
9,22.12,93,1.88,False,False,2,120.99,0.01
10,22.12,74,1.02,False,False,2,118.73,0.01
11,22.12,93,1.89,False,False,2,119.15,0.01
12,22.12,95,1.8,False,False,2,39.0,0.01
13,22.12,105,1.31,False,False,2,62.16,0.01
14,22.12,79,1.07,False,False,2,51.59,0.01
15,22.12,72,1.76,False,False,2,127.57,0.02
16,22.12,87,1.79,False,False,2,104.04,0.01
17,22.12,72,1.0,False,False,2,46.25,0.01
18,22.12,70,0.71,False,False,2,119.37,0.0
19,22.12,114,0.54,False,False,2,111.61,0.01
20,22.12,90,1.22,False,False,2,69.7,0.01
21,22.12,92,0.89,False,False,2,38.79,0.01
22,22.12,82,1.65,False,False,2,132.26,0.01
1,22.5,101,1.58,False,False,2,136.02,0.01
2,22.5,90,1.34,False,False,2,107.19,0.01
3,22.5,71,0.82,False,False,2,97.95,0.01
4,22.5,90,0.6,False,False,2,119.62,0.01
5,22.5,95,1.12,False,False,2,69.84,0.01
6,22.5,84,1.15,False,False,2,72.81,0.01
7,22.5,101,1.46,False,False,2,93.26,0.01
8,22.5,71,1.87,False,False,2,41.04,0.01
9,22.5,96,0.74,False,False,2,86.38,0.01
10,22.5,71,1.03,False,False,2,54.15,0.01
11,22.5,92,1.38,False,False,2,87.96,0.01
12,22.5,94,1.0,False,False,2,131.39,0.01
13,22.5,108,1.59,False,False,2,148.24,0.01
14,22.5,79,0.57,False,False,2,43.81,0.01
15,22.5,69,0.96,False,False,2,107.73,0.01
16,22.5,84,0.92,False,False,2,87.73,0.01
17,22.5,75,1.14,False,False,2,81.67,0.01
18,22.5,72,1.44,False,False,2,59.05,0.01
19,22.5,115,1.0,False,False,2,130.0,0.01
20,22.5,90,0.93,False,False,2,39.6,0.01
21,22.5,89,1.38,False,False,2,22.77,0.01
22,22.5,82,1.61,False,False,2,42.09,0.01
1,22.88,98,1.36,False,False,2,79.32,0.01
2,22.88,90,0.94,False,False,2,30.04,0.01
3,22.88,69,1.88,False,False,2,31.51,0.01
4,22.88,87,1.29,False,False,2,35.29,0.01
5,22.88,98,1.46,False,False,2,85.87,0.01
6,22.88,84,0.75,False,False,2,60.31,0.01
7,22.88,99,0.76,False,False,2,32.57,0.01
8,22.88,72,1.04,False,False,2,70.47,0.01
9,22.88,95,1.72,False,False,2,115.27,0.01
10,22.88,70,1.12,False,False,2,29.89,0.01
11,22.88,91,1.19,False,False,2,141.21,0.01
12,22.88,91,1.96,False,False,2,48.26,0.01
13,22.88,109,1.47,False,False,2,102.19,0.01
14,22.88,82,1.19,False,False,2,47.11,0.01
15,22.88,69,1.24,False,False,2,148.0,0.01
16,22.88,85,1.36,False,False,2,126.31,0.01
17,22.88,72,1.76,False,False,2,97.04,0.01
18,22.88,71,0.65,False,False,2,145.99,0.01
19,22.88,117,0.69,False,False,2,124.42,0.01
20,22.88,88,0.7,False,False,2,35.02,0.01
21,22.88,90,1.72,False,False,2,95.4,0.01
22,22.88,85,1.68,False,False,2,119.43,0.01
1,23.25,96,1.16,False,False,2,25.85,0.01
3,23.25,69,1.54,False,False,2,46.88,0.01
4,23.25,87,1.96,False,False,2,102.21,0.01
5,23.25,99,0.57,False,False,2,84.99,0.01
6,23.25,81,0.6,False,False,2,68.05,0.01
7,23.25,102,0.55,False,False,2,119.82,0.01
8,23.25,72,1.67,False,False,2,135.02,0.01
9,23.25,96,0.84,False,False,2,127.57,0.01
10,23.25,68,0.94,False,False,2,136.13,0.01
11,23.25,88,0.6,False,False,2,51.22,0.01
12,23.25,91,1.16,False,False,2,109.46,0.01
13,23.25,111,1.75,False,False,2,117.9,0.01
14,23.25,79,1.98,False,False,2,80.69,0.01
15,23.25,68,1.82,False,False,2,21.7,0.01
16,23.25,82,0.76,False,False,2,147.42,0.01
17,23.25,70,1.22,False,False,2,79.61,0.0
18,23.25,70,1.66,False,False,2,57.11,0.01
19,23.25,116,0.97,False,False,2,73.14,0.01
20,23.25,90,1.19,False,False,2,102.96,0.01
21,23.25,89,1.82,False,False,2,47.97,0.0
1,23.62,97,0.97,False,False,2,25.66,0.01
2,23.62,94,0.64,False,False,2,35.73,0.01
3,23.62,69,1.72,False,False,2,80.2,0.01
4,23.62,90,1.98,False,False,2,30.69,0.01
5,23.62,96,1.09,False,False,2,49.06,0.01
6,23.62,82,1.49,False,False,2,35.89,0.01
7,23.62,104,1.5,False,False,2,144.2,0.01
8,23.62,74,1.59,False,False,2,65.57,0.01
9,23.62,99,0.52,False,False,2,76.64,0.01
10,23.62,71,1.5,False,False,2,30.28,0.01
11,23.62,91,0.84,False,False,2,55.49,0.01
12,23.62,92,1.55,False,False,2,118.12,0.01
13,23.62,110,0.71,False,False,2,53.43,0.01
14,23.62,82,1.01,False,False,2,73.35,0.01
15,23.62,67,0.63,False,False,2,40.38,0.01
16,23.62,80,1.75,False,False,2,109.23,0.01
17,23.62,73,1.41,False,False,2,28.67,0.01
18,23.62,72,1.49,False,False,2,135.6,0.01
19,23.62,113,1.8,False,False,2,63.24,0.01
20,23.62,92,1.42,False,False,2,120.03,0.01
21,23.62,86,1.84,False,False,2,67.86,0.01
22,23.62,85,1.51,False,False,2,121.41,0.01
1,24.0,94,1.56,False,False,2,143.66,0.01
2,24.0,97,0.5,False,False,2,125.14,0.01
3,24.0,67,1.29,False,False,2,65.92,0.01
4,24.0,87,1.62,False,False,2,112.59,0.01
5,24.0,95,1.89,False,False,2,30.27,0.01
6,24.0,79,1.9,False,False,2,30.06,0.01
7,24.0,106,1.28,False,False,2,145.33,0.01
8,24.0,73,0.58,False,False,2,140.31,0.01
9,24.0,99,1.21,False,False,2,55.97,0.01
10,24.0,74,1.98,False,False,2,93.11,0.01
11,24.0,93,1.69,False,False,2,23.13,0.01
12,24.0,89,1.64,False,False,2,36.7,0.01
13,24.0,113,1.72,False,False,2,48.24,0.01
14,24.0,83,1.51,False,False,2,130.29,0.01
15,24.0,67,1.26,False,False,2,81.37,0.01
16,24.0,82,1.62,False,False,2,90.89,0.01
17,24.0,71,1.15,False,False,2,27.23,0.01
18,24.0,70,1.04,False,False,2,20.02,0.01
19,24.0,115,0.94,False,False,2,51.39,0.01
20,24.0,95,1.77,False,False,2,105.06,0.01
21,24.0,83,1.24,False,False,2,101.91,0.0
22,24.0,86,1.05,False,False,2,42.6,0.01
1,24.38,95,1.23,False,False,2,146.18,0.01
2,24.38,95,1.87,False,False,2,91.07,0.04
3,24.38,64,0.98,False,False,2,50.49,0.01
4,24.38,89,0.85,False,False,2,28.82,0.01
5,24.38,96,1.79,False,False,2,129.02,0.01
7,24.38,103,1.16,False,False,2,35.34,0.01
8,24.38,73,0.77,False,False,2,119.26,0.01
9,24.38,98,1.26,False,False,2,55.18,0.01
10,24.38,74,0.67,False,False,2,119.81,0.01
11,24.38,95,1.69,False,False,2,71.66,0.01
12,24.38,87,1.33,False,False,2,50.25,0.01
13,24.38,111,1.89,False,False,2,78.46,0.01
14,24.38,84,1.23,False,False,2,95.04,0.01
15,24.38,70,1.55,False,False,2,140.49,0.01
16,24.38,80,1.98,False,False,2,46.61,0.01
17,24.38,74,1.34,False,False,2,35.96,0.01
18,24.38,69,0.64,False,False,2,58.64,0.01
19,24.38,117,1.53,False,False,2,63.8,0.01
20,24.38,95,0.66,False,False,2,132.71,0.01
21,24.38,82,1.62,False,False,2,130.7,0.01
22,24.38,85,0.97,False,False,2,37.51,0.01
1,24.75,96,1.7,False,False,2,106.24,0.01
2,24.75,92,0.76,False,False,2,121.27,0.01
3,24.75,64,1.42,False,False,2,130.6,0.01
4,24.75,90,1.37,False,False,2,108.02,0.01
5,24.75,96,0.5,False,False,2,42.82,0.01
6,24.75,75,0.76,False,False,2,45.66,0.01
7,24.75,101,1.98,False,False,2,149.71,0.01
8,24.75,74,1.9,False,False,2,60.62,0.01
9,24.75,101,1.11,False,False,2,62.17,0.01
10,24.75,76,1.64,False,False,2,90.68,0.01
11,24.75,94,1.3,False,False,2,43.69,0.01
12,24.75,89,1.83,False,False,2,148.25,0.01
13,24.75,110,1.02,False,False,2,88.64,0.01
14,24.75,84,1.98,False,False,2,50.53,0.01
15,24.75,71,1.84,False,False,2,24.56,0.01
16,24.75,78,1.59,False,False,2,67.77,0.01
17,24.75,74,0.55,False,False,2,121.45,0.01
18,24.75,69,0.52,False,False,2,26.39,0.01
19,24.75,119,1.31,False,False,2,111.7,0.01
20,24.75,96,1.95,False,False,2,144.83,0.0
21,24.75,83,0.69,False,False,2,34.36,0.01
22,24.75,82,0.69,False,False,2,34.21,0.0
1,25.12,96,1.96,False,False,2,98.65,0.01
2,25.12,93,1.02,False,False,2,113.48,0.01
3,25.12,63,1.8,False,False,2,64.69,0.01
4,25.12,89,0.83,False,False,2,129.32,0.01
5,25.12,98,1.35,False,False,2,32.29,0.01
6,25.12,77,1.44,False,False,2,77.17,0.01
7,25.12,98,1.43,False,False,2,108.0,0.01
8,25.12,74,0.56,False,False,2,142.59,0.01
9,25.12,98,0.69,False,False,2,53.41,0.01
10,25.12,73,0.58,False,False,2,46.47,0.01
11,25.12,93,1.21,False,False,2,74.72,0.01
12,25.12,90,1.75,False,False,2,45.44,0.01
13,25.12,113,0.94,False,False,2,117.89,0.01
14,25.12,86,0.89,False,False,2,44.29,0.01
15,25.12,73,0.99,False,False,2,41.76,0.01
16,25.12,80,1.2,False,False,2,82.94,0.01
17,25.12,74,1.71,False,False,2,74.61,0.01
18,25.12,70,0.67,False,False,2,29.89,0.01
19,25.12,118,1.33,False,False,2,142.26,0.01
20,25.12,93,1.5,False,False,2,117.21,0.01
21,25.12,80,1.78,False,False,2,39.47,0.01
22,25.12,84,1.58,False,False,2,84.74,0.01
1,25.5,94,0.57,False,False,2,127.3,0.01
2,25.5,95,0.54,False,False,2,54.28,0.01
3,25.5,66,1.9,False,False,2,126.52,0.01
4,25.5,92,1.87,False,False,2,116.36,0.01
5,25.5,98,1.55,False,False,2,86.04,0.01
6,25.5,78,1.05,False,False,2,145.96,0.01
7,25.5,100,0.75,False,False,2,58.14,0.01
8,25.5,72,1.01,False,False,2,55.5,0.01
9,25.5,95,0.83,False,False,2,119.65,0.01
10,25.5,76,0.67,False,False,2,144.27,0.01
11,25.5,92,1.33,False,False,2,33.14,0.01
12,25.5,89,1.08,False,False,2,97.59,0.01
13,25.5,115,0.69,False,False,2,109.38,0.01
14,25.5,84,1.78,False,False,2,121.28,0.01
15,25.5,70,1.71,False,False,2,115.12,0.01
16,25.5,77,0.65,False,False,2,103.75,0.01
17,25.5,77,1.72,False,False,2,83.93,0.01
18,25.5,71,0.66,False,False,2,130.52,0.01
19,25.5,121,1.27,False,False,2,126.92,0.01
20,25.5,94,1.24,False,False,2,112.53,0.01
21,25.5,83,1.76,False,False,2,51.79,0.01
22,25.5,82,1.72,False,False,2,119.69,0.01
1,25.88,95,1.65,False,False,2,95.63,0.01
2,25.88,95,1.71,False,False,2,81.88,0.01
3,25.88,68,1.33,False,False,2,51.76,0.01
4,25.88,89,1.0,False,False,2,140.25,0.01
5,25.88,100,1.96,False,False,2,51.8,0.01
6,25.88,79,0.81,False,False,2,82.35,0.01
7,25.88,99,1.75,False,False,2,66.57,0.01
8,25.88,70,1.25,False,False,2,131.52,0.01
9,25.88,95,1.9,False,False,2,51.03,0.01
10,25.88,74,1.68,False,False,2,25.13,0.01
11,25.88,94,0.78,False,False,2,134.95,0.01
12,25.88,86,1.73,False,False,2,29.49,0.01
13,25.88,114,1.55,False,False,2,98.64,0.01
14,25.88,86,0.75,False,False,2,130.42,0.01
15,25.88,68,0.91,False,False,2,116.14,0.01
16,25.88,80,1.84,False,False,2,97.01,0.01
17,25.88,74,1.11,False,False,2,109.06,0.01
18,25.88,69,0.55,False,False,2,117.0,0.01
19,25.88,123,0.71,False,False,2,145.9,0.01
20,25.88,96,1.34,False,False,2,51.45,0.01
21,25.88,84,1.89,False,False,2,73.49,0.01
22,25.88,84,0.98,False,False,2,67.86,0.01
1,26.25,93,1.57,False,False,2,80.01,0.01
2,26.25,98,0.75,False,False,2,94.75,0.01
3,26.25,68,1.26,False,False,2,31.8,0.01
4,26.25,91,1.89,False,False,2,122.77,0.01
5,26.25,103,1.78,False,False,2,129.24,0.01
6,26.25,81,0.67,False,False,2,103.53,0.01
7,26.25,101,1.94,False,False,2,68.05,0.01
8,26.25,68,1.57,False,False,2,115.25,0.01
9,26.25,93,1.8,False,False,2,135.06,0.01
10,26.25,77,0.51,False,False,2,106.42,0.01
11,26.25,95,0.85,False,False,2,90.18,0.01
12,26.25,89,0.7,False,False,2,27.39,0.01
13,26.25,113,1.46,False,False,2,107.11,0.01
14,26.25,85,1.43,False,False,2,113.68,0.01
15,26.25,66,0.83,False,False,2,20.83,0.01
16,26.25,77,0.88,False,False,2,44.05,0.01
17,26.25,77,0.64,False,False,2,76.63,0.01
18,26.25,70,0.9,False,False,2,84.9,0.01
19,26.25,125,0.97,False,False,2,36.94,0.01
20,26.25,93,0.93,False,False,2,104.82,0.01
21,26.25,85,1.1,False,False,2,139.77,0.01
22,26.25,87,1.6,False,False,2,127.07,0.01
1,26.62,94,0.96,False,False,2,39.36,0.01
2,26.62,99,1.59,False,False,2,62.54,0.01
3,26.62,65,1.2,False,False,2,37.38,0.01
4,26.62,93,1.0,False,False,2,140.97,0.07
5,26.62,103,1.78,False,False,2,78.02,0.01
6,26.62,79,1.52,False,False,2,66.18,0.01
7,26.62,102,1.6,False,False,2,75.44,0.01
8,26.62,65,1.63,False,False,2,38.29,0.01
9,26.62,95,1.34,False,False,2,55.05,0.01
10,26.62,76,0.57,False,False,2,40.49,0.01
11,26.62,95,1.96,False,False,2,120.79,0.01
12,26.62,86,1.97,False,False,2,51.66,0.01
13,26.62,112,1.15,False,False,2,75.95,0.01
14,26.62,85,1.91,False,False,2,121.24,0.01
15,26.62,68,1.77,False,False,2,112.4,0.01
16,26.62,80,1.29,False,False,2,42.48,0.01
17,26.62,79,1.74,False,False,2,113.16,0.02
18,26.62,71,1.42,False,False,2,145.91,0.01
19,26.62,124,0.76,False,False,2,101.58,0.01
20,26.62,90,1.26,False,False,2,46.09,0.01
21,26.62,85,0.83,False,False,2,115.98,0.01
22,26.62,90,1.23,False,False,2,137.82,0.01
1,27.0,96,1.52,False,False,2,83.07,0.01
2,27.0,101,1.49,False,False,2,31.6,0.01
3,27.0,62,1.24,False,False,2,99.29,0.01
4,27.0,95,1.46,False,False,2,100.45,0.01
5,27.0,104,1.69,False,False,2,55.68,0.01
6,27.0,80,1.04,False,False,2,111.28,0.01
7,27.0,101,0.63,False,False,2,125.66,0.01
8,27.0,64,1.3,False,False,2,147.3,0.01
9,27.0,98,1.94,False,False,2,42.51,0.01
10,27.0,74,1.62,False,False,2,65.19,0.01
11,27.0,98,0.86,False,False,2,67.83,0.01
12,27.0,89,1.51,False,False,2,71.74,0.04
13,27.0,113,0.92,False,False,2,42.94,0.01
14,27.0,87,1.93,False,False,2,22.65,0.01
15,27.0,66,0.63,False,False,2,132.02,0.01
16,27.0,82,0.98,False,False,2,129.92,0.01
17,27.0,78,1.62,False,False,2,21.15,0.01
18,27.0,73,1.24,False,False,2,55.07,0.01
19,27.0,121,0.53,False,False,2,90.03,0.01
20,27.0,87,1.02,False,False,2,120.11,0.01
21,27.0,85,0.86,False,False,2,79.61,0.01
22,27.0,89,1.47,False,False,2,64.32,0.01
1,27.38,98,0.91,False,False,2,31.57,0.01
2,27.38,99,1.69,False,False,2,86.84,0.01
3,27.38,62,0.57,False,False,2,145.29,0.01
4,27.38,98,1.39,False,False,2,112.09,0.01
5,27.38,103,0.97,False,False,2,106.84,0.01
6,27.38,82,1.86,False,False,2,93.24,0.01
7,27.38,102,0.69,False,False,2,113.09,0.01
8,27.38,63,1.14,False,False,2,120.71,0.01
9,27.38,97,1.9,False,False,2,97.35,0.01
10,27.38,73,1.07,False,False,2,118.48,0.01
11,27.38,99,1.68,False,False,2,37.35,0.01
12,27.38,90,0.98,False,False,2,77.03,0.01
13,27.38,110,1.49,False,False,2,102.46,0.01
14,27.38,86,1.22,False,False,2,89.5,0.12
15,27.38,66,1.48,False,False,2,44.55,0.01
16,27.38,81,1.89,False,False,2,99.12,0.01
17,27.38,79,1.17,False,False,2,46.04,0.01
18,27.38,76,0.79,False,False,2,90.92,0.01
19,27.38,120,1.79,False,False,2,118.08,0.01
20,27.38,90,1.98,False,False,2,143.72,0.01
21,27.38,82,1.82,False,False,2,52.51,0.01
22,27.38,87,0.5,False,False,2,133.27,0.01
1,27.75,100,1.06,False,False,2,72.18,0.01
2,27.75,98,1.74,False,False,2,61.89,0.01
3,27.75,64,0.51,False,False,2,33.6,0.01
4,27.75,98,1.98,False,False,2,76.67,0.01
5,27.75,100,1.61,False,False,2,122.56,0.01
6,27.75,79,1.39,False,False,2,104.11,0.01
7,27.75,103,1.26,False,False,2,38.97,0.01
8,27.75,65,1.43,False,False,2,118.55,0.01
9,27.75,98,1.76,False,False,2,101.06,0.01
10,27.75,71,1.43,False,False,2,49.34,0.01
11,27.75,96,0.56,False,False,2,136.18,0.01
12,27.75,87,1.99,False,False,2,55.95,0.01
13,27.75,108,1.27,False,False,2,144.71,0.01
14,27.75,85,1.46,False,False,2,84.4,0.01
15,27.75,67,1.23,False,False,2,39.19,0.01
16,27.75,82,1.89,False,False,2,28.27,0.02
17,27.75,80,1.85,False,False,2,38.23,0.01
18,27.75,79,1.59,False,False,2,30.67,0.01
19,27.75,118,1.46,False,False,2,98.02,0.01
20,27.75,91,1.41,False,False,2,146.35,0.01
21,27.75,81,0.94,False,False,2,135.51,0.01
22,27.75,84,1.36,False,False,2,144.25,0.01
1,28.12,102,0.73,False,False,2,105.5,0.01
2,28.12,101,1.86,False,False,2,94.67,0.01
3,28.12,65,1.04,False,False,2,110.86,0.01
4,28.12,95,1.9,False,False,2,90.39,0.01
5,28.12,97,1.81,False,False,2,21.47,0.01
6,28.12,78,0.56,False,False,2,102.36,0.01
7,28.12,101,0.76,False,False,2,85.6,0.01
8,28.12,67,1.01,False,False,2,82.19,0.01
9,28.12,96,1.21,False,False,2,116.06,0.01
10,28.12,73,1.5,False,False,2,84.03,0.01
11,28.12,98,1.87,False,False,2,84.97,0.01
12,28.12,86,0.54,False,False,2,126.11,0.01
13,28.12,109,1.63,False,False,2,146.48,0.01
14,28.12,85,1.55,False,False,2,109.5,0.01
15,28.12,66,0.64,False,False,2,133.08,0.01
16,28.12,84,0.95,False,False,2,96.72,0.01
17,28.12,77,0.7,False,False,2,119.66,0.01
18,28.12,80,0.57,False,False,2,26.12,0.0
19,28.12,120,1.24,False,False,2,37.37,0.01
20,28.12,90,0.9,False,False,2,59.7,0.01
21,28.12,82,1.04,False,False,2,101.44,0.01
22,28.12,85,1.88,False,False,2,132.36,0.01
1,28.5,105,1.68,False,False,2,33.43,0.01
2,28.5,99,2.0,False,False,2,98.49,0.01
3,28.5,65,1.01,False,False,2,78.69,0.01
4,28.5,97,0.68,False,False,2,108.3,0.01
5,28.5,96,1.86,False,False,2,112.92,0.01
6,28.5,80,1.92,False,False,2,136.47,0.01
7,28.5,100,1.37,False,False,2,81.99,0.01
8,28.5,68,1.79,False,False,2,75.86,0.01
9,28.5,93,1.65,False,False,2,103.16,0.01
10,28.5,72,1.28,False,False,2,97.63,0.01
11,28.5,99,0.98,False,False,2,128.21,0.01
12,28.5,83,1.7,False,False,2,127.77,0.01
13,28.5,109,1.08,False,False,2,44.95,0.01
14,28.5,87,1.1,False,False,2,101.32,0.01
15,28.5,63,0.74,False,False,2,135.37,0.01
16,28.5,86,1.97,False,False,2,37.71,0.01
17,28.5,78,1.91,False,False,2,83.47,0.01
18,28.5,79,1.07,False,False,2,106.62,0.01
19,28.5,123,0.98,False,False,2,122.55,0.01
20,28.5,91,1.63,False,False,2,145.15,0.01
21,28.5,81,1.41,False,False,2,73.49,0.01
22,28.5,82,1.91,False,False,2,22.99,0.01
1,28.88,106,1.18,False,False,2,103.63,0.01
2,28.88,102,1.78,False,False,2,144.09,0.01
3,28.88,64,0.72,False,False,2,64.55,0.01
4,28.88,97,1.92,False,False,2,65.75,0.01
5,28.88,93,1.8,False,False,2,32.97,0.01
6,28.88,80,0.63,False,False,2,25.97,0.01
7,28.88,97,1.4,False,False,2,141.4,0.01
8,28.88,70,0.83,False,False,2,42.53,0.01
9,28.88,90,1.28,False,False,2,141.39,0.01
10,28.88,74,0.63,False,False,2,28.97,0.01
11,28.88,102,1.35,False,False,2,135.6,0.01
12,28.88,81,1.19,False,False,2,138.95,0.01
13,28.88,110,1.99,False,False,2,93.25,0.0
14,28.88,85,1.39,False,False,2,86.5,0.0
15,28.88,66,1.48,False,False,2,39.17,0.01
16,28.88,89,1.37,False,False,2,145.03,0.0
17,28.88,78,1.32,False,False,2,69.69,0.01
18,28.88,80,1.17,False,False,2,58.48,0.01
19,28.88,125,1.54,False,False,2,145.22,0.01
20,28.88,91,0.89,False,False,2,29.48,0.01
21,28.88,81,1.98,False,False,2,139.03,0.01
22,28.88,82,1.91,False,False,2,96.58,0.01
1,29.25,109,1.41,False,False,2,31.78,0.01
2,29.25,100,1.3,False,False,2,108.21,0.01
3,29.25,63,1.97,False,False,2,137.94,0.01
4,29.25,97,1.03,False,False,2,53.4,0.01
5,29.25,92,0.66,False,False,2,77.19,0.01
6,29.25,80,1.91,False,False,2,98.13,0.01
7,29.25,96,1.4,False,False,2,136.55,0.01
8,29.25,72,0.9,False,False,2,54.32,0.01
9,29.25,92,0.88,False,False,2,106.88,0.01
10,29.25,71,0.84,False,False,2,61.75,0.01
11,29.25,103,1.24,False,False,2,130.91,0.01
12,29.25,80,1.19,False,False,2,139.66,0.01
13,29.25,110,0.71,False,False,2,26.62,0.01
14,29.25,82,1.07,False,False,2,139.78,0.01
15,29.25,68,1.54,False,False,2,144.44,0.01
16,29.25,87,1.59,False,False,2,61.35,0.01
17,29.25,77,1.82,False,False,2,29.43,0.01
18,29.25,80,1.76,False,False,2,75.83,0.01
19,29.25,127,0.57,False,False,2,69.42,0.01
20,29.25,91,1.14,False,False,2,140.69,0.01
21,29.25,79,1.18,False,False,2,41.94,0.01
22,29.25,84,1.47,False,False,2,26.81,0.01
1,29.62,107,0.94,False,False,2,124.88,0.01
2,29.62,97,1.28,False,False,2,107.94,0.01
3,29.62,64,1.14,False,False,2,86.35,0.01
4,29.62,100,1.68,False,False,2,78.43,0.01
5,29.62,92,1.4,False,False,2,68.27,0.01
6,29.62,81,0.93,False,False,2,103.3,0.01
7,29.62,93,1.76,False,False,2,85.69,0.01
8,29.62,71,0.96,False,False,2,90.2,0.01
9,29.62,91,1.33,False,False,2,142.68,0.01
10,29.62,69,1.05,False,False,2,114.47,0.01
11,29.62,103,1.29,False,False,2,73.09,0.01
12,29.62,83,1.34,False,False,2,109.37,0.01
13,29.62,113,0.89,False,False,2,113.26,0.01
14,29.62,82,1.99,False,False,2,110.86,0.01
15,29.62,68,1.63,False,False,2,141.07,0.01
16,29.62,87,0.89,False,False,2,107.1,0.01
17,29.62,77,1.47,False,False,2,79.58,0.01
18,29.62,79,0.75,False,False,2,29.71,0.01
19,29.62,127,1.79,False,False,2,142.37,0.01
20,29.62,91,1.53,False,False,2,138.53,0.01
21,29.62,81,1.01,False,False,2,77.62,0.0
22,29.62,81,0.74,False,False,2,88.17,0.01
1,30.0,108,1.43,False,False,2,128.05,0.01
2,30.0,96,1.73,False,False,2,91.79,0.01
3,30.0,61,0.73,False,False,2,77.72,0.01
4,30.0,103,0.72,False,False,2,20.93,0.01
5,30.0,89,1.62,False,False,2,118.87,0.01
6,30.0,78,1.23,False,False,2,129.28,0.01
7,30.0,95,1.76,False,False,2,72.72,0.01
8,30.0,73,0.54,False,False,2,58.38,0.01
9,30.0,89,1.95,False,False,2,107.88,0.01
10,30.0,66,1.95,False,False,2,35.61,0.01
11,30.0,103,1.53,False,False,2,28.13,0.01
12,30.0,82,0.73,False,False,2,59.72,0.01
13,30.0,116,1.28,False,False,2,73.36,0.01
14,30.0,82,1.79,False,False,2,52.46,0.01
15,30.0,70,0.74,False,False,2,61.41,0.01
16,30.0,90,0.61,False,False,2,22.63,0.01
17,30.0,75,1.5,False,False,2,137.72,0.01
18,30.0,76,0.6,False,False,2,23.07,0.01
19,30.0,124,1.2,False,False,2,148.68,0.01
20,30.0,94,1.21,False,False,2,149.61,0.01
21,30.0,82,1.59,False,False,2,96.34,0.01
22,30.0,82,1.45,False,False,2,50.69,0.01
1,30.38,108,1.87,False,False,2,89.52,0.01
2,30.38,99,1.34,False,False,2,99.86,0.01
3,30.38,60,0.84,False,False,2,31.3,0.0
4,30.38,102,1.53,False,False,2,80.59,0.01
5,30.38,88,0.59,False,False,2,31.56,0.01
6,30.38,79,1.91,False,False,2,75.64,0.0
7,30.38,98,0.77,False,False,2,43.1,0.01
8,30.38,75,1.02,False,False,2,86.05,0.01
9,30.38,87,1.06,False,False,2,91.07,0.01
10,30.38,64,1.03,False,False,2,65.73,0.01
11,30.38,102,0.67,False,False,2,119.09,0.01
12,30.38,82,1.59,False,False,2,128.1,0.01
13,30.38,115,1.83,False,False,2,95.46,0.01
14,30.38,79,0.51,False,False,2,80.93,0.01
15,30.38,72,1.56,False,False,2,40.09,0.01
16,30.38,88,0.86,False,False,2,120.03,0.01
17,30.38,74,1.17,False,False,2,59.13,0.01
18,30.38,73,1.14,False,False,2,104.71,0.01
19,30.38,127,1.66,False,False,2,103.32,0.01
20,30.38,96,1.0,False,False,2,62.85,0.01
21,30.38,80,1.04,False,False,2,136.37,0.01
22,30.38,80,1.29,False,False,2,33.02,0.01
1,30.75,106,1.22,False,False,2,147.11,0.01
2,30.75,99,1.79,False,False,2,88.52,0.01
3,30.75,60,0.61,False,False,2,84.64,0.01
4,30.75,103,1.2,False,False,2,146.8,0.01
5,30.75,86,1.0,False,False,2,57.06,0.01
6,30.75,81,0.7,False,False,2,126.28,0.01
7,30.75,101,0.7,False,False,2,137.23,0.01
8,30.75,77,0.78,False,False,2,107.23,0.01
9,30.75,85,1.8,False,False,2,84.32,0.01
10,30.75,62,0.88,False,False,2,110.64,0.01
11,30.75,104,1.21,False,False,2,40.26,0.01
12,30.75,82,0.59,False,False,2,128.78,0.01
13,30.75,116,1.5,False,False,2,115.06,0.01
14,30.75,78,1.07,False,False,2,112.62,0.01
15,30.75,72,1.43,False,False,2,108.25,0.01
16,30.75,91,1.75,False,False,2,57.11,0.01
17,30.75,76,1.91,False,False,2,125.52,0.01
18,30.75,74,1.62,False,False,2,41.6,0.01
19,30.75,127,0.91,False,False,2,103.03,0.01
20,30.75,99,0.58,False,False,2,23.41,0.01
21,30.75,82,1.46,False,False,2,107.47,0.01
22,30.75,82,0.92,False,False,2,42.93,0.01
1,31.12,108,1.22,False,False,2,94.28,0.01
2,31.12,100,1.66,False,False,2,44.66,0.01
3,31.12,61,0.76,False,False,2,75.09,0.01
4,31.12,101,1.31,False,False,2,73.01,0.01
5,31.12,87,1.93,False,False,2,134.32,0.01
6,31.12,82,1.7,False,False,2,29.18,0.01
7,31.12,100,1.63,False,False,2,73.66,0.01
8,31.12,79,1.89,False,False,2,113.26,0.01
9,31.12,87,0.78,False,False,2,102.69,0.01
10,31.12,63,0.75,False,False,2,96.75,0.01
11,31.12,107,1.48,False,False,2,75.79,0.01
12,31.12,85,0.59,False,False,2,70.76,0.01
13,31.12,119,1.45,False,False,2,148.95,0.01
14,31.12,76,1.15,False,False,2,83.61,0.01
15,31.12,69,1.19,False,False,2,83.45,0.01
16,31.12,89,1.61,False,False,2,128.32,0.01
17,31.12,73,0.58,False,False,2,48.89,0.01
18,31.12,71,0.57,False,False,2,42.2,0.01
19,31.12,125,1.25,False,False,2,148.62,0.01
20,31.12,98,0.97,False,False,2,131.05,0.01
21,31.12,82,1.33,False,False,2,83.58,0.01
22,31.12,85,0.58,False,False,2,122.98,0.01
1,31.5,108,1.65,False,False,2,73.03,0.01
2,31.5,103,1.44,False,False,2,123.68,0.01
3,31.5,60,1.99,False,False,2,29.3,0.01
4,31.5,100,0.94,False,False,2,65.88,0.01
5,31.5,85,0.61,False,False,2,130.24,0.01
6,31.5,84,1.38,False,False,2,50.73,0.01
7,31.5,97,1.75,False,False,2,101.72,0.01
8,31.5,79,1.64,False,False,2,125.85,0.01
9,31.5,88,1.69,False,False,2,55.47,0.01
10,31.5,63,0.5,False,False,2,112.11,0.01
11,31.5,106,1.83,False,False,2,140.64,0.01
12,31.5,83,0.99,False,False,2,78.38,0.01
13,31.5,119,0.82,False,False,2,104.11,0.01
14,31.5,74,1.06,False,False,2,70.26,0.01
15,31.5,71,1.52,False,False,2,57.6,0.01
16,31.5,88,0.7,False,False,2,122.97,0.01
17,31.5,72,0.67,False,False,2,65.12,0.01
18,31.5,73,1.48,False,False,2,26.49,0.01
19,31.5,122,1.47,False,False,2,23.84,0.01
20,31.5,98,1.2,False,False,2,30.36,0.01
21,31.5,79,1.43,False,False,2,24.22,0.01
22,31.5,85,0.89,False,False,2,101.58,0.01
1,31.88,111,0.5,False,False,2,45.39,0.01
2,31.88,100,1.52,False,False,2,109.11,0.01
3,31.88,60,0.76,False,False,2,129.04,0.01
4,31.88,101,0.83,False,False,2,33.63,0.01
5,31.88,82,1.42,False,False,2,61.24,0.01
6,31.88,87,0.53,False,False,2,33.21,0.01
7,31.88,98,1.12,False,False,2,48.69,0.01
8,31.88,76,1.26,False,False,2,114.94,0.01
9,31.88,86,1.8,False,False,2,88.16,0.01
10,31.88,65,0.75,False,False,2,23.75,0.01
11,31.88,104,0.78,False,False,2,71.96,0.01
12,31.88,83,1.42,False,False,2,90.37,0.01
13,31.88,121,0.98,False,False,2,89.1,0.01
14,31.88,77,0.91,False,False,2,56.28,0.01
15,31.88,71,1.13,False,False,2,22.58,0.01
16,31.88,88,1.86,False,False,2,59.41,0.01
17,31.88,74,1.86,False,False,2,99.24,0.01
18,31.88,76,1.25,False,False,2,125.05,0.01
19,31.88,125,1.5,False,False,2,116.28,0.01
20,31.88,98,0.64,False,False,2,55.05,0.01
21,31.88,81,1.13,False,False,2,134.55,0.01
22,31.88,84,0.81,False,False,2,93.34,0.01
1,32.25,108,1.67,False,False,2,100.11,0.01
2,32.25,97,0.78,False,False,2,120.0,0.01
3,32.25,60,1.71,False,False,2,28.25,0.01
4,32.25,100,0.53,False,False,2,128.42,0.01
5,32.25,84,1.93,False,False,2,124.17,0.01
6,32.25,87,1.88,False,False,2,101.18,0.01
7,32.25,100,1.89,False,False,2,102.14,0.01
8,32.25,78,0.62,False,False,2,73.75,0.01
9,32.25,84,1.39,False,False,2,105.27,0.01
10,32.25,68,0.61,False,False,2,98.57,0.01
11,32.25,107,1.72,False,False,2,141.72,0.01
12,32.25,84,1.2,False,False,2,108.37,0.01
13,32.25,122,1.58,False,False,2,96.92,0.01
14,32.25,77,0.66,False,False,2,85.2,0.01
15,32.25,71,0.71,False,False,2,91.94,0.01
16,32.25,88,1.26,False,False,2,90.36,0.01
17,32.25,72,0.65,False,False,2,135.47,0.01
18,32.25,78,1.91,False,False,2,31.43,0.01
19,32.25,126,1.61,False,False,2,111.35,0.01
20,32.25,97,1.67,False,False,2,106.7,0.01
21,32.25,78,0.62,False,False,2,24.7,0.01
22,32.25,87,1.6,False,False,2,137.16,0.01
1,32.62,106,1.43,False,False,2,94.23,0.01
2,32.62,95,1.45,False,False,2,37.6,0.01
3,32.62,60,0.67,False,False,2,63.42,0.01
4,32.62,102,0.75,False,False,2,112.0,0.01
5,32.62,81,1.01,False,False,2,145.81,0.01
6,32.62,90,0.94,False,False,2,148.24,0.01
7,32.62,98,0.62,False,False,2,51.76,0.01
8,32.62,75,1.6,False,False,2,67.67,0.01
9,32.62,82,1.04,False,False,2,135.25,0.01
10,32.62,67,0.59,False,False,2,59.94,0.01
11,32.62,106,0.86,False,False,2,56.45,0.01
12,32.62,86,1.84,False,False,2,91.82,0.01
13,32.62,124,0.85,False,False,2,50.63,0.01
14,32.62,74,1.57,False,False,2,73.84,0.01
15,32.62,71,1.88,False,False,2,86.64,0.01
16,32.62,87,1.34,False,False,2,29.74,0.01
17,32.62,72,1.89,False,False,2,120.76,0.01
18,32.62,81,1.49,False,False,2,47.94,0.01
19,32.62,127,0.72,False,False,2,110.59,0.01
20,32.62,97,0.64,False,False,2,66.15,0.01
21,32.62,78,0.73,False,False,2,33.45,0.01
22,32.62,87,0.94,False,False,2,73.68,0.01
1,33.0,109,1.96,False,False,2,128.52,0.01
2,33.0,94,0.68,False,False,2,93.3,0.01
3,33.0,62,0.75,False,False,2,25.49,0.01
5,33.0,79,0.88,False,False,2,108.07,0.01
6,33.0,92,1.98,False,False,2,68.63,0.01
7,33.0,101,0.78,False,False,2,129.94,0.01
8,33.0,72,1.21,False,False,2,130.2,0.01
9,33.0,82,0.61,False,False,2,112.29,0.01
10,33.0,70,1.38,False,False,2,50.7,0.01
11,33.0,104,1.81,False,False,2,32.91,0.01
12,33.0,84,1.08,False,False,2,62.19,0.01
13,33.0,126,1.46,False,False,2,36.15,0.01
14,33.0,71,1.65,False,False,2,140.25,0.01
15,33.0,73,1.79,False,False,2,53.86,0.01
16,33.0,87,1.45,False,False,2,37.03,0.01
17,33.0,73,0.78,False,False,2,32.31,0.01
18,33.0,83,0.89,False,False,2,76.09,0.01
19,33.0,130,1.11,False,False,2,71.82,0.0
20,33.0,95,0.96,False,False,2,141.24,0.01
21,33.0,81,1.43,False,False,2,112.94,0.0
22,33.0,85,0.52,False,False,2,96.71,0.01
1,33.38,111,0.79,False,False,2,84.26,0.01
2,33.38,94,1.06,False,False,2,24.7,0.01
3,33.38,60,1.37,False,False,2,81.36,0.01
4,33.38,106,2.0,False,False,2,95.65,0.01
5,33.38,77,0.83,False,False,2,139.18,0.01
6,33.38,92,1.28,False,False,2,40.95,0.01
7,33.38,101,0.61,False,False,2,84.55,0.01
8,33.38,70,0.97,False,False,2,62.58,0.01
9,33.38,79,1.01,False,False,2,78.43,0.01
10,33.38,71,0.67,False,False,2,134.27,0.01
11,33.38,103,1.22,False,False,2,135.16,0.01
12,33.38,82,1.25,False,False,2,63.55,0.01
13,33.38,124,1.37,False,False,2,82.23,0.01
14,33.38,71,0.7,False,False,2,138.26,0.01
15,33.38,71,0.76,False,False,2,32.65,0.01
16,33.38,88,1.06,False,False,2,44.45,0.01
17,33.38,73,1.93,False,False,2,57.8,0.01
18,33.38,85,1.5,False,False,2,74.36,0.01
19,33.38,130,0.73,False,False,2,88.96,0.01
20,33.38,92,0.96,False,False,2,110.1,0.01
21,33.38,83,1.68,False,False,2,115.68,0.01
22,33.38,88,1.96,False,False,2,122.39,0.01
1,33.75,112,0.58,False,False,2,90.34,0.01
2,33.75,94,1.49,False,False,2,40.47,0.01
3,33.75,63,1.75,False,False,2,48.28,0.01
4,33.75,105,1.77,False,False,2,38.47,0.01
5,33.75,76,1.2,False,False,2,34.14,0.01
6,33.75,95,1.12,False,False,2,113.89,0.01
7,33.75,103,1.1,False,False,2,134.45,0.01
8,33.75,67,1.33,False,False,2,120.86,0.01
9,33.75,82,0.71,False,False,2,127.48,0.01
10,33.75,70,1.87,False,False,2,55.87,0.01
11,33.75,106,0.64,False,False,2,74.6,0.01
12,33.75,79,1.31,False,False,2,36.54,0.01
13,33.75,122,1.67,False,False,2,61.25,0.01
14,33.75,69,1.42,False,False,2,125.04,0.01
15,33.75,69,1.71,False,False,2,131.14,0.01
16,33.75,90,0.63,False,False,2,129.06,0.01
17,33.75,74,0.8,False,False,2,75.66,0.01
18,33.75,83,1.37,False,False,2,71.9,0.01
19,33.75,129,1.24,False,False,2,92.49,0.01
20,33.75,91,0.63,False,False,2,143.08,0.01
21,33.75,81,1.54,False,False,2,135.78,0.01
22,33.75,86,0.76,False,False,2,23.11,0.01
1,34.12,111,1.73,False,False,2,102.59,0.01
2,34.12,97,1.19,False,False,2,74.25,0.01
3,34.12,60,0.72,False,False,2,26.17,0.01
4,34.12,108,1.7,False,False,2,144.14,0.01
5,34.12,78,1.3,False,False,2,46.05,0.01
6,34.12,93,0.99,False,False,2,146.33,0.01
8,34.12,64,1.11,False,False,2,21.79,0.01
9,34.12,85,1.73,False,False,2,32.54,0.01
10,34.12,69,0.67,False,False,2,80.04,0.01
11,34.12,104,0.71,False,False,2,103.26,0.01
12,34.12,78,1.47,False,False,2,43.46,0.01
13,34.12,120,0.53,False,False,2,53.04,0.01
14,34.12,71,1.61,False,False,2,115.14,0.01
15,34.12,72,1.07,False,False,2,116.49,0.01
16,34.12,88,1.28,False,False,2,112.1,0.01
17,34.12,72,0.67,False,False,2,85.26,0.01
18,34.12,85,1.56,False,False,2,69.08,0.01
19,34.12,130,1.35,False,False,2,139.18,0.01
20,34.12,93,1.98,False,False,2,140.66,0.01
21,34.12,82,0.93,False,False,2,99.2,0.01
22,34.12,84,0.68,False,False,2,135.7,0.01
2,34.5,99,1.65,False,False,2,127.38,0.01
3,34.5,60,1.87,False,False,2,63.45,0.01
4,34.5,111,1.72,False,False,2,109.45,0.01
5,34.5,79,1.49,False,False,2,54.87,0.01
6,34.5,94,1.53,False,False,2,136.17,0.01
7,34.5,105,1.8,False,False,2,55.37,0.01
8,34.5,64,1.56,False,False,2,144.05,0.01
9,34.5,88,0.73,False,False,2,64.55,0.01
10,34.5,66,1.82,False,False,2,88.42,0.01
11,34.5,106,1.8,False,False,2,127.53,0.01
12,34.5,80,1.03,False,False,2,80.81,0.01
13,34.5,119,1.09,False,False,2,140.95,0.0
14,34.5,69,1.67,False,False,2,101.43,0.01
15,34.5,73,0.68,False,False,2,34.18,0.01
16,34.5,88,1.87,False,False,2,32.82,0.01
17,34.5,71,1.67,False,False,2,113.7,0.01
18,34.5,86,1.28,False,False,2,117.45,0.01
19,34.5,129,1.78,False,False,2,30.03,0.01
20,34.5,96,1.1,False,False,2,136.32,0.01
21,34.5,79,0.84,False,False,2,48.62,0.01
22,34.5,84,0.63,False,False,2,125.53,0.01
1,34.88,113,1.48,False,False,2,58.02,0.01
2,34.88,96,1.66,False,False,2,105.54,0.01
3,34.88,60,1.8,False,False,2,63.28,0.01
4,34.88,108,0.69,False,False,2,78.77,0.01
5,34.88,80,1.81,False,False,2,107.39,0.01
6,34.88,95,1.96,False,False,2,128.24,0.01
7,34.88,105,0.9,False,False,2,138.91,0.01
8,34.88,64,1.32,False,False,2,39.95,0.01
9,34.88,87,1.62,False,False,2,35.28,0.01
10,34.88,69,1.07,False,False,2,123.79,0.01
11,34.88,107,0.68,False,False,2,36.66,0.01
12,34.88,80,1.09,False,False,2,147.12,0.01
13,34.88,116,2.0,False,False,2,36.97,0.01
14,34.88,72,0.62,False,False,2,29.96,0.01
15,34.88,70,1.95,False,False,2,83.57,0.01
16,34.88,87,1.74,False,False,2,90.92,0.01
17,34.88,74,1.7,False,False,2,78.41,0.01
18,34.88,89,1.2,False,False,2,126.15,0.01
19,34.88,126,1.58,False,False,2,32.57,0.01
20,34.88,99,1.59,False,False,2,71.74,0.01
21,34.88,76,1.07,False,False,2,146.42,0.01
22,34.88,87,1.7,False,False,2,79.13,0.01
1,35.25,111,1.56,False,False,2,111.94,0.01
2,35.25,96,1.13,False,False,2,80.23,0.01
3,35.25,60,1.44,False,False,2,29.36,0.01
4,35.25,108,1.42,False,False,2,124.33,0.01
5,35.25,79,1.2,False,False,2,23.56,0.01
6,35.25,92,1.77,False,False,2,37.48,0.01
7,35.25,105,0.6,False,False,2,97.42,0.01
8,35.25,67,0.81,False,False,2,24.93,0.01
9,35.25,84,0.67,False,False,2,140.49,0.01
10,35.25,69,1.46,False,False,2,101.55,0.01
11,35.25,107,1.6,False,False,2,30.63,0.01
12,35.25,82,0.77,False,False,2,134.34,0.01
13,35.25,115,1.38,False,False,2,83.45,0.01
14,35.25,75,0.83,False,False,2,33.2,0.01
15,35.25,70,1.93,False,False,2,134.48,0.01
16,35.25,84,0.82,False,False,2,44.2,0.01
17,35.25,73,1.62,False,False,2,60.93,0.01
18,35.25,87,1.88,False,False,2,66.97,0.01
19,35.25,128,0.88,False,False,2,41.63,0.01
20,35.25,99,0.98,False,False,2,44.8,0.01
21,35.25,73,0.6,False,False,2,126.01,0.01
22,35.25,89,1.92,False,False,2,79.36,0.01
1,35.62,113,0.93,False,False,2,87.1,0.01
2,35.62,95,1.84,False,False,2,53.6,0.01
3,35.62,62,1.81,False,False,2,122.22,0.01
4,35.62,110,1.56,False,False,2,142.8,0.01
5,35.62,76,0.65,False,False,2,129.23,0.01
6,35.62,94,0.61,False,False,2,65.38,0.01
7,35.62,107,1.0,False,False,2,73.56,0.01
8,35.62,67,0.58,False,False,2,121.92,0.01
9,35.62,82,1.31,False,False,2,104.33,0.01
10,35.62,66,1.9,False,False,2,40.08,0.01
11,35.62,104,1.42,False,False,2,147.59,0.01
12,35.62,85,1.61,False,False,2,129.87,0.01
13,35.62,114,0.64,False,False,2,86.35,0.01
14,35.62,78,1.97,False,False,2,102.61,0.01
15,35.62,71,0.93,False,False,2,143.95,0.01
16,35.62,82,1.71,False,False,2,144.19,0.01
17,35.62,73,0.66,False,False,2,94.89,0.01
18,35.62,87,0.6,False,False,2,136.73,0.01
19,35.62,129,1.96,False,False,2,126.77,0.01
20,35.62,101,0.58,False,False,2,23.29,0.01
21,35.62,70,1.34,False,False,2,36.65,0.01
22,35.62,87,1.28,False,False,2,97.7,0.01
1,36.0,116,1.72,False,False,2,101.86,0.01
2,36.0,92,1.65,False,False,2,66.31,0.0
3,36.0,60,0.71,False,False,2,108.77,0.01
4,36.0,108,0.93,False,False,2,35.41,0.01
5,36.0,79,0.88,False,False,2,80.96,0.01
7,36.0,110,0.77,False,False,2,37.85,0.01
8,36.0,69,0.75,False,False,2,144.88,0.01
9,36.0,79,1.68,False,False,2,57.31,0.01
10,36.0,64,0.54,False,False,2,146.64,0.01
11,36.0,103,0.61,False,False,2,28.43,0.01
12,36.0,82,0.67,False,False,2,44.07,0.01
13,36.0,117,1.4,False,False,2,98.63,0.01
14,36.0,76,0.6,False,False,2,92.96,0.01
15,36.0,68,1.25,False,False,2,136.69,0.01
16,36.0,83,1.29,False,False,2,129.17,0.01
17,36.0,71,1.05,False,False,2,114.6,0.01
18,36.0,85,0.67,False,False,2,135.24,0.01
19,36.0,129,1.13,False,False,2,55.48,0.01
20,36.0,102,1.86,False,False,2,142.24,0.01
21,36.0,67,0.71,False,False,2,146.64,0.01
22,36.0,88,1.23,False,False,2,65.63,0.01
1,36.38,115,1.74,False,False,2,126.74,0.01
2,36.38,91,1.14,False,False,2,29.76,0.01
3,36.38,63,0.7,False,False,2,56.63,0.01
4,36.38,105,1.33,False,False,2,127.41,0.01
5,36.38,77,1.8,False,False,2,137.96,0.01
6,36.38,95,1.47,False,False,2,70.65,0.01
7,36.38,107,0.96,False,False,2,69.21,0.01
8,36.38,67,1.64,False,False,2,37.17,0.01
9,36.38,78,1.68,False,False,2,114.89,0.01
10,36.38,65,1.88,False,False,2,26.97,0.01
11,36.38,103,1.3,False,False,2,124.97,0.01
12,36.38,79,1.7,False,False,2,115.86,0.01
13,36.38,120,0.5,False,False,2,54.15,0.01
14,36.38,76,0.54,False,False,2,143.39,0.01
15,36.38,66,1.29,False,False,2,29.2,0.01
16,36.38,85,1.24,False,False,2,94.86,0.01
17,36.38,73,1.37,False,False,2,59.8,0.01
18,36.38,83,0.52,False,False,2,123.54,0.01
19,36.38,128,0.97,False,False,2,97.35,0.01
20,36.38,105,1.31,False,False,2,62.28,0.01
21,36.38,66,1.83,False,False,2,124.17,0.01
22,36.38,90,1.12,False,False,2,49.91,0.01
1,36.75,117,0.51,False,False,2,20.73,0.01
2,36.75,90,0.72,False,False,2,52.86,0.01
3,36.75,66,0.99,False,False,2,120.83,0.01
4,36.75,106,0.94,False,False,2,96.73,0.01
5,36.75,77,0.7,False,False,2,71.84,0.01
6,36.75,98,0.88,False,False,2,102.56,0.01
7,36.75,108,1.6,False,False,2,110.34,0.01
8,36.75,69,0.53,False,False,2,80.94,0.01
9,36.75,77,0.98,False,False,2,114.59,0.01
10,36.75,63,1.63,False,False,2,123.61,0.01
11,36.75,104,0.83,False,False,2,134.38,0.01
12,36.75,78,1.52,False,False,2,62.96,0.01
13,36.75,121,10.27,True,False,1,28.78,0.01
14,36.75,73,1.3,False,False,2,106.47,0.01
15,36.75,67,0.73,False,False,2,47.98,0.01
16,36.75,83,0.7,False,False,2,63.12,0.01
17,36.75,76,0.82,False,False,2,113.59,0.01
18,36.75,86,1.02,False,False,2,123.49,0.01
19,36.75,127,1.99,False,False,2,135.96,0.01
20,36.75,106,0.57,False,False,2,91.83,0.01
21,36.75,66,0.7,False,False,2,25.28,0.01
22,36.75,88,0.86,False,False,2,28.16,0.01
1,37.12,114,1.68,False,False,2,128.35,0.01
2,37.12,93,0.52,False,False,2,117.97,0.01
3,37.12,65,1.18,False,False,2,71.28,0.01
4,37.12,103,1.1,False,False,2,109.01,0.01
5,37.12,74,1.18,False,False,2,78.28,0.01
6,37.12,96,1.33,False,False,2,61.42,0.02
7,37.12,108,1.03,False,False,2,75.56,0.01
8,37.12,70,0.57,False,False,2,24.31,0.01
9,37.12,80,1.11,False,False,2,64.66,0.01
10,37.12,65,1.99,False,False,2,57.32,0.01
11,37.12,103,0.59,False,False,2,117.77,0.01
12,37.12,81,1.75,False,False,2,73.03,0.01
13,37.12,118,1.93,False,False,2,106.07,0.01
14,37.12,71,1.12,False,False,2,86.35,0.0
15,37.12,70,1.58,False,False,2,65.79,0.01
16,37.12,82,1.98,False,False,2,146.75,0.01
17,37.12,78,1.16,False,False,2,53.77,0.01
18,37.12,83,0.54,False,False,2,35.05,0.01
19,37.12,130,1.75,False,False,2,125.01,0.01
20,37.12,109,0.72,False,False,2,87.12,0.01
21,37.12,66,1.32,False,False,2,98.93,0.01
22,37.12,90,1.02,False,False,2,147.37,0.01
2,37.5,94,0.57,False,False,2,30.63,0.01
3,37.5,68,0.67,False,False,2,95.77,0.01
4,37.5,104,0.77,False,False,2,46.76,0.01
5,37.5,71,0.61,False,False,2,122.87,0.01
6,37.5,95,1.4,False,False,2,113.1,0.01
7,37.5,107,1.22,False,False,2,79.62,0.01
8,37.5,73,0.67,False,False,2,61.6,0.01
9,37.5,77,1.97,False,False,2,99.57,0.01
10,37.5,62,1.9,False,False,2,64.19,0.01
11,37.5,104,1.98,False,False,2,115.63,0.01
12,37.5,82,0.68,False,False,2,26.77,0.01
13,37.5,115,1.16,False,False,2,108.17,0.01
14,37.5,71,0.94,False,False,2,131.51,0.0
15,37.5,73,1.45,False,False,2,64.28,0.01
16,37.5,83,1.31,False,False,2,105.88,0.01
17,37.5,80,1.9,False,False,2,118.57,0.01
18,37.5,85,1.47,False,False,2,69.66,0.01
19,37.5,131,1.08,False,False,2,111.59,0.01
20,37.5,111,1.1,False,False,2,146.83,0.01
21,37.5,63,1.59,False,False,2,48.59,0.01
22,37.5,89,1.88,False,False,2,148.84,0.01
1,37.88,110,1.49,False,False,2,147.33,0.01
2,37.88,91,1.4,False,False,2,105.15,0.01
3,37.88,69,0.55,False,False,2,126.61,0.01
4,37.88,106,1.76,False,False,2,146.99,0.01
5,37.88,68,0.61,False,False,2,65.6,0.01
6,37.88,94,1.7,False,False,2,26.22,0.01
7,37.88,104,1.07,False,False,2,56.0,0.01
8,37.88,72,1.24,False,False,2,146.05,0.01
9,37.88,80,1.3,False,False,2,127.91,0.01
10,37.88,64,1.0,False,False,2,99.03,0.01
11,37.88,104,1.85,False,False,2,46.04,0.01
12,37.88,84,0.93,False,False,2,48.27,0.01
13,37.88,115,0.94,False,False,2,74.1,0.01
14,37.88,71,1.64,False,False,2,114.94,0.01
15,37.88,76,1.0,False,False,2,121.55,0.01
16,37.88,81,1.51,False,False,2,63.54,0.01
17,37.88,79,1.87,False,False,2,33.19,0.01
18,37.88,88,1.62,False,False,2,101.86,0.01
19,37.88,131,1.58,False,False,2,108.01,0.01
20,37.88,111,0.87,False,False,2,42.08,0.01
21,37.88,64,1.39,False,False,2,137.23,0.01
22,37.88,88,1.84,False,False,2,51.26,0.01
1,38.25,112,1.51,False,False,2,100.45,0.01
2,38.25,89,1.03,False,False,2,90.53,0.01
3,38.25,67,0.84,False,False,2,79.9,0.01
4,38.25,104,1.27,False,False,2,47.5,0.01
5,38.25,70,1.9,False,False,2,118.37,0.01
6,38.25,97,1.65,False,False,2,53.12,0.01
7,38.25,104,0.86,False,False,2,104.96,0.01
8,38.25,73,1.69,False,False,2,114.38,0.01
9,38.25,80,1.97,False,False,2,28.02,0.01
10,38.25,61,1.55,False,False,2,121.11,0.0
11,38.25,107,1.82,False,False,2,135.92,0.01
12,38.25,87,0.94,False,False,2,68.09,0.01
13,38.25,115,1.77,False,False,2,30.8,0.01
14,38.25,72,1.59,False,False,2,31.34,0.0
15,38.25,77,0.98,False,False,2,95.25,0.01
16,38.25,83,1.69,False,False,2,49.32,0.01
17,38.25,79,0.57,False,False,2,124.14,0.01
18,38.25,91,1.7,False,False,2,113.72,0.01
19,38.25,132,0.56,False,False,2,72.13,0.01
20,38.25,112,1.51,False,False,2,33.28,0.01
21,38.25,65,1.84,False,False,2,111.33,0.01
22,38.25,90,1.27,False,False,2,127.68,0.01
1,38.62,114,0.71,False,False,2,115.92,0.01
2,38.62,88,1.9,False,False,2,51.32,0.01
3,38.62,66,1.53,False,False,2,41.82,0.01
4,38.62,104,0.68,False,False,2,95.68,0.01
5,38.62,70,0.54,False,False,2,43.21,0.01
6,38.62,99,1.92,False,False,2,43.14,0.01
7,38.62,102,1.9,False,False,2,121.6,0.01
8,38.62,76,0.78,False,False,2,57.99,0.01
9,38.62,77,1.83,False,False,2,67.36,0.01
10,38.62,60,1.02,False,False,2,55.9,0.01
11,38.62,105,0.78,False,False,2,40.92,0.01
12,38.62,89,1.12,False,False,2,98.0,0.01
13,38.62,112,1.51,False,False,2,117.77,0.01
14,38.62,71,1.3,False,False,2,38.03,0.01
15,38.62,77,1.4,False,False,2,115.93,0.01
16,38.62,86,1.75,False,False,2,42.15,0.01
17,38.62,77,1.98,False,False,2,100.49,0.0
18,38.62,88,1.41,False,False,2,131.14,0.01
19,38.62,133,0.99,False,False,2,112.74,0.01
20,38.62,112,0.95,False,False,2,38.1,0.01
21,38.62,66,1.12,False,False,2,72.96,0.01
22,38.62,92,0.94,False,False,2,149.32,0.01
2,39.0,89,0.73,False,False,2,75.57,0.01
3,39.0,63,0.53,False,False,2,114.4,0.01
4,39.0,101,0.75,False,False,2,132.34,0.01
5,39.0,68,0.68,False,False,2,40.05,0.01
6,39.0,98,1.23,False,False,2,95.68,0.01
7,39.0,103,1.31,False,False,2,60.43,0.01
8,39.0,76,1.44,False,False,2,40.52,0.01
9,39.0,75,1.8,False,False,2,51.23,0.01
10,39.0,60,0.54,False,False,2,118.37,0.01
11,39.0,103,1.46,False,False,2,87.34,0.01
12,39.0,87,0.87,False,False,2,30.88,0.01
13,39.0,111,1.0,False,False,2,121.86,0.01
14,39.0,69,1.2,False,False,2,27.25,0.01
15,39.0,76,0.73,False,False,2,90.31,0.01
16,39.0,87,1.24,False,False,2,109.3,0.01
17,39.0,77,1.79,False,False,2,134.98,0.01
18,39.0,86,0.72,False,False,2,72.68,0.01
19,39.0,135,1.3,False,False,2,69.16,0.01
20,39.0,109,1.14,False,False,2,136.08,0.01
21,39.0,69,1.01,False,False,2,48.9,0.01
22,39.0,89,1.39,False,False,2,127.21,0.01
1,39.38,115,0.91,False,False,2,87.55,0.01
2,39.38,89,1.42,False,False,2,124.96,0.01
3,39.38,60,1.09,False,False,2,90.22,0.01
4,39.38,104,1.25,False,False,2,146.26,0.01
5,39.38,66,0.88,False,False,2,90.76,0.01
6,39.38,101,0.84,False,False,2,112.39,0.01
7,39.38,102,1.74,False,False,2,115.18,0.01
8,39.38,75,1.67,False,False,2,46.0,0.01
9,39.38,72,1.52,False,False,2,45.49,0.01
10,39.38,60,0.93,False,False,2,134.38,0.01
11,39.38,100,1.95,False,False,2,66.61,0.01
12,39.38,86,1.65,False,False,2,143.85,0.01
13,39.38,111,1.97,False,False,2,146.89,0.01
14,39.38,67,1.0,False,False,2,105.98,0.01
15,39.38,79,0.68,False,False,2,21.8,0.01
16,39.38,87,1.94,False,False,2,96.55,0.01
17,39.38,80,0.68,False,False,2,110.91,0.01
18,39.38,86,1.51,False,False,2,52.09,0.01
19,39.38,133,0.66,False,False,2,137.94,0.01
20,39.38,106,0.99,False,False,2,104.25,0.01
21,39.38,68,0.89,False,False,2,109.1,0.01
22,39.38,92,1.45,False,False,2,67.14,0.01
1,39.75,114,1.75,False,False,2,84.86,0.01
2,39.75,89,0.79,False,False,2,129.72,0.01
3,39.75,62,1.15,False,False,2,97.17,0.01
4,39.75,101,1.18,False,False,2,72.06,0.01
5,39.75,65,0.56,False,False,2,49.3,0.01
6,39.75,103,1.75,False,False,2,65.9,0.01
7,39.75,99,1.33,False,False,2,20.26,0.01
8,39.75,73,0.61,False,False,2,133.36,0.01
9,39.75,75,1.75,False,False,2,113.34,0.01
10,39.75,60,1.96,False,False,2,146.16,0.01
11,39.75,102,0.54,False,False,2,52.6,0.01
12,39.75,83,0.72,False,False,2,115.96,0.01
13,39.75,108,1.61,False,False,2,62.97,0.01
14,39.75,70,1.83,False,False,2,101.9,0.01
15,39.75,80,1.0,False,False,2,40.5,0.01
16,39.75,87,1.63,False,False,2,35.68,0.01
17,39.75,78,1.92,False,False,2,119.22,0.01
18,39.75,86,1.74,False,False,2,132.39,0.01
19,39.75,136,0.71,False,False,2,146.72,0.01
20,39.75,107,1.48,False,False,2,23.97,0.01
21,39.75,66,1.65,False,False,2,73.01,0.01
22,39.75,93,1.4,False,False,2,128.9,0.01
1,40.12,114,1.51,False,False,2,46.64,0.01
2,40.12,90,0.66,False,False,2,26.05,0.01
3,40.12,61,1.31,False,False,2,84.65,0.01
4,40.12,101,1.29,False,False,2,109.08,0.01
5,40.12,62,1.03,False,False,2,120.51,0.01
6,40.12,100,1.73,False,False,2,131.51,0.01
7,40.12,101,1.82,False,False,2,23.6,0.01
8,40.12,71,1.12,False,False,2,70.9,0.01
9,40.12,74,1.06,False,False,2,84.55,0.01
10,40.12,60,1.82,False,False,2,92.32,0.01
11,40.12,103,1.85,False,False,2,63.38,0.01
12,40.12,83,0.94,False,False,2,90.17,0.01
13,40.12,108,0.74,False,False,2,65.57,0.01
14,40.12,70,1.99,False,False,2,85.69,0.01
15,40.12,83,1.72,False,False,2,64.0,0.01
16,40.12,88,1.01,False,False,2,63.49,0.01
17,40.12,75,0.79,False,False,2,37.5,0.01
18,40.12,89,1.72,False,False,2,75.49,0.01
19,40.12,137,1.82,False,False,2,60.97,0.01
20,40.12,109,1.21,False,False,2,138.32,0.01
21,40.12,66,1.37,False,False,2,36.61,0.01
22,40.12,94,1.63,False,False,2,21.21,0.01
1,40.5,112,1.86,False,False,2,78.7,0.01
2,40.5,91,1.12,False,False,2,65.2,0.01
3,40.5,64,1.27,False,False,2,41.53,0.01
4,40.5,99,1.62,False,False,2,142.99,0.01
5,40.5,64,1.87,False,False,2,45.86,0.01
6,40.5,102,1.96,False,False,2,62.41,0.01
7,40.5,100,0.61,False,False,2,145.32,0.01
8,40.5,74,0.8,False,False,2,106.98,0.01
9,40.5,74,0.74,False,False,2,48.35,0.01
10,40.5,60,0.64,False,False,2,62.33,0.01
11,40.5,106,0.72,False,False,2,137.33,0.01
12,40.5,86,0.62,False,False,2,140.31,0.01
13,40.5,105,0.79,False,False,2,58.58,0.01
14,40.5,71,0.57,False,False,2,54.07,0.01
15,40.5,85,1.94,False,False,2,148.5,0.01
16,40.5,88,1.99,False,False,2,87.9,0.01
17,40.5,74,0.91,False,False,2,33.77,0.01
18,40.5,92,1.93,False,False,2,149.65,0.01
19,40.5,139,0.73,False,False,2,134.01,0.01
20,40.5,110,0.58,False,False,2,88.9,0.01
21,40.5,64,0.96,False,False,2,52.16,0.01
22,40.5,96,0.54,False,False,2,139.05,0.01
1,40.88,111,1.42,False,False,2,71.77,0.01
2,40.88,92,1.58,False,False,2,31.88,0.01
3,40.88,64,1.04,False,False,2,90.93,0.01
4,40.88,99,1.6,False,False,2,92.03,0.01
5,40.88,64,1.02,False,False,2,78.26,0.01
6,40.88,104,1.37,False,False,2,49.51,0.01
7,40.88,101,0.8,False,False,2,61.05,0.01
8,40.88,72,1.9,False,False,2,85.43,0.01
9,40.88,74,1.09,False,False,2,42.7,0.02
10,40.88,62,1.28,False,False,2,54.84,0.01
11,40.88,103,1.78,False,False,2,44.52,0.01
12,40.88,83,0.97,False,False,2,26.11,0.01
13,40.88,108,0.81,False,False,2,79.32,0.01
14,40.88,72,1.76,False,False,2,34.63,0.01
15,40.88,82,0.74,False,False,2,48.24,0.01
16,40.88,91,1.01,False,False,2,75.35,0.0
17,40.88,73,1.81,False,False,2,129.1,0.01
18,40.88,95,0.88,False,False,2,59.97,0.01
19,40.88,138,1.48,False,False,2,59.21,0.01
20,40.88,111,1.2,False,False,2,75.44,0.01
21,40.88,65,1.14,False,False,2,45.13,0.01
22,40.88,95,1.19,False,False,2,123.2,0.01
1,41.25,108,1.22,False,False,2,135.4,0.01
2,41.25,94,0.59,False,False,2,45.73,0.01
3,41.25,64,1.78,False,False,2,38.79,0.01
4,41.25,100,0.98,False,False,2,121.21,0.01
5,41.25,63,1.54,False,False,2,54.81,0.01
6,41.25,103,0.91,False,False,2,73.54,0.01
7,41.25,98,0.84,False,False,2,46.39,0.01
8,41.25,75,1.4,False,False,2,68.97,0.01
9,41.25,77,1.73,False,False,2,93.7,0.01
10,41.25,60,1.68,False,False,2,101.19,0.01
11,41.25,104,0.97,False,False,2,55.01,0.01
12,41.25,83,1.56,False,False,2,98.29,0.01
13,41.25,106,0.66,False,False,2,108.81,0.01
14,41.25,74,1.42,False,False,2,48.22,0.01
15,41.25,83,1.36,False,False,2,41.55,0.01
16,41.25,88,0.91,False,False,2,95.68,0.01
17,41.25,71,1.6,False,False,2,27.23,0.01
18,41.25,94,1.83,False,False,2,141.7,0.01
19,41.25,138,1.44,False,False,2,89.98,0.01
20,41.25,112,0.97,False,False,2,137.89,0.01
21,41.25,64,0.76,False,False,2,80.35,0.01
22,41.25,96,1.48,False,False,2,134.13,0.01
1,41.62,107,1.09,False,False,2,132.15,0.01
2,41.62,95,1.21,False,False,2,124.44,0.01
3,41.62,66,0.64,False,False,2,118.24,0.01
4,41.62,101,1.59,False,False,2,91.25,0.01
5,41.62,63,1.36,False,False,2,102.55,0.01
6,41.62,104,0.78,False,False,2,52.91,0.01
7,41.62,101,1.42,False,False,2,137.69,0.01
8,41.62,78,0.59,False,False,2,118.31,0.01
9,41.62,74,0.58,False,False,2,134.52,0.01
10,41.62,61,0.6,False,False,2,80.45,0.01
11,41.62,103,0.63,False,False,2,23.8,0.01
12,41.62,84,1.32,False,False,2,143.67,0.01
13,41.62,107,0.87,False,False,2,93.64,0.01
14,41.62,76,0.72,False,False,2,49.33,0.01
15,41.62,83,1.43,False,False,2,52.64,0.01
16,41.62,89,0.52,False,False,2,123.11,0.01
17,41.62,74,0.73,False,False,2,91.35,0.01
18,41.62,92,1.13,False,False,2,146.08,0.01
19,41.62,137,1.08,False,False,2,143.95,0.01
20,41.62,109,0.82,False,False,2,22.5,0.01
21,41.62,62,1.67,False,False,2,63.13,0.01
22,41.62,93,1.71,False,False,2,117.28,0.01
1,42.0,105,0.58,False,False,2,47.97,0.02
2,42.0,97,0.76,False,False,2,90.28,0.01
3,42.0,63,0.81,False,False,2,103.68,0.01
4,42.0,104,0.98,False,False,2,143.64,0.01
5,42.0,61,0.87,False,False,2,141.61,0.01
6,42.0,106,1.78,False,False,2,69.59,0.01
7,42.0,102,1.87,False,False,2,123.5,0.01
8,42.0,78,0.96,False,False,2,114.43,0.01
9,42.0,71,0.96,False,False,2,85.52,0.01
10,42.0,63,1.75,False,False,2,37.56,0.01
11,42.0,101,0.69,False,False,2,57.64,0.01
12,42.0,84,1.82,False,False,2,123.65,0.01
13,42.0,107,1.96,False,False,2,85.59,0.0
14,42.0,78,1.76,False,False,2,85.67,0.01
15,42.0,81,1.4,False,False,2,62.55,0.01
16,42.0,87,1.0,False,False,2,134.43,0.01
17,42.0,74,1.13,False,False,2,86.15,0.01
18,42.0,94,0.77,False,False,2,43.43,0.01
19,42.0,134,1.99,False,False,2,82.59,0.01
20,42.0,106,0.57,False,False,2,48.88,0.01
21,42.0,61,0.97,False,False,2,87.28,0.01
22,42.0,96,1.9,False,False,2,74.29,0.01
1,42.38,102,1.17,False,False,2,103.65,0.01
2,42.38,99,1.45,False,False,2,29.32,0.01
3,42.38,64,1.11,False,False,2,93.37,0.01
4,42.38,103,1.29,False,False,2,60.26,0.01
5,42.38,62,1.45,False,False,2,88.72,0.01
6,42.38,103,0.83,False,False,2,132.32,0.0
7,42.38,99,1.19,False,False,2,52.24,0.01
8,42.38,75,1.41,False,False,2,134.14,0.01
9,42.38,72,1.1,False,False,2,40.75,0.01
10,42.38,60,0.7,False,False,2,99.44,0.01
11,42.38,98,0.98,False,False,2,68.83,0.01
12,42.38,84,1.24,False,False,2,52.09,0.01
13,42.38,110,1.93,False,False,2,118.02,0.01
14,42.38,75,1.63,False,False,2,118.6,0.01
15,42.38,80,1.77,False,False,2,94.24,0.01
16,42.38,89,1.0,False,False,2,84.49,0.01
17,42.38,77,1.93,False,False,2,104.9,0.01
18,42.38,91,0.94,False,False,2,117.23,0.01
19,42.38,132,1.05,False,False,2,39.0,0.01
20,42.38,109,0.82,False,False,2,62.26,0.01
21,42.38,64,1.09,False,False,2,57.68,0.01
22,42.38,95,0.99,False,False,2,46.85,0.01
1,42.75,99,0.92,False,False,2,89.18,0.01
2,42.75,96,1.3,False,False,2,136.84,0.01
3,42.75,66,1.37,False,False,2,97.71,0.01
4,42.75,105,1.3,False,False,2,93.83,0.01
5,42.75,63,0.57,False,False,2,36.2,0.01
6,42.75,101,0.84,False,False,2,82.37,0.01
7,42.75,99,1.39,False,False,2,105.8,0.01
8,42.75,72,0.78,False,False,2,130.16,0.01
9,42.75,75,1.8,False,False,2,48.2,0.01
10,42.75,60,0.87,False,False,2,132.24,0.01
11,42.75,101,1.0,False,False,2,128.01,0.01
12,42.75,85,1.95,False,False,2,114.54,0.01
13,42.75,109,1.28,False,False,2,46.19,0.01
14,42.75,72,1.96,False,False,2,22.07,0.01
15,42.75,83,1.35,False,False,2,135.2,0.01
16,42.75,86,1.29,False,False,2,80.92,0.01
17,42.75,78,0.64,False,False,2,22.53,0.01
18,42.75,92,0.84,False,False,2,105.46,0.01
19,42.75,131,1.83,False,False,2,23.67,0.01
20,42.75,107,0.55,False,False,2,100.37,0.01
21,42.75,67,1.42,False,False,2,142.96,0.01
22,42.75,94,0.57,False,False,2,123.95,0.01
1,43.12,99,0.76,False,False,2,103.79,0.01
2,43.12,95,1.66,False,False,2,140.25,0.01
3,43.12,67,1.28,False,False,2,119.87,0.01
4,43.12,108,1.57,False,False,2,38.98,0.01
5,43.12,66,1.2,False,False,2,69.45,0.01
6,43.12,98,1.8,False,False,2,49.74,0.01
7,43.12,99,1.93,False,False,2,142.41,0.01
8,43.12,73,1.02,False,False,2,22.3,0.01
9,43.12,75,1.58,False,False,2,114.64,0.01
10,43.12,60,1.05,False,False,2,50.15,0.01
11,43.12,104,1.64,False,False,2,146.36,0.01
12,43.12,87,1.93,False,False,2,36.12,0.01
13,43.12,112,0.66,False,False,2,92.13,0.01
14,43.12,73,0.5,False,False,2,38.9,0.01
15,43.12,86,0.81,False,False,2,53.26,0.01
16,43.12,89,0.81,False,False,2,63.45,0.01
17,43.12,76,1.67,False,False,2,106.85,0.01
18,43.12,90,1.25,False,False,2,135.47,0.01
19,43.12,131,0.86,False,False,2,145.4,0.01
20,43.12,110,1.83,False,False,2,127.16,0.01
21,43.12,68,1.36,False,False,2,30.64,0.01
22,43.12,94,0.94,False,False,2,144.01,0.01
1,43.5,99,1.03,False,False,2,141.33,0.01
2,43.5,94,0.89,False,False,2,28.19,0.01
3,43.5,67,1.96,False,False,2,57.56,0.01
4,43.5,111,0.5,False,False,2,91.21,0.01
5,43.5,63,0.84,False,False,2,143.23,0.01
6,43.5,95,1.34,False,False,2,127.06,0.01
7,43.5,96,0.66,False,False,2,78.41,0.01
8,43.5,73,1.0,False,False,2,101.66,0.01
9,43.5,75,0.69,False,False,2,37.51,0.01
10,43.5,61,1.79,False,False,2,149.74,0.01
11,43.5,101,1.94,False,False,2,58.41,0.01
12,43.5,89,1.27,False,False,2,141.85,0.01
13,43.5,110,0.77,False,False,2,48.96,0.01
14,43.5,73,1.27,False,False,2,50.19,0.01
15,43.5,85,1.24,False,False,2,57.51,0.01
16,43.5,88,0.75,False,False,2,82.26,0.01
17,43.5,74,0.91,False,False,2,125.1,0.01
18,43.5,90,1.15,False,False,2,87.43,0.01
19,43.5,131,0.94,False,False,2,45.84,0.01
20,43.5,112,1.77,False,False,2,104.92,0.01
21,43.5,69,0.94,False,False,2,103.18,0.01
22,43.5,93,0.62,False,False,2,71.42,0.01
1,43.88,100,1.52,False,False,2,20.58,0.01
2,43.88,97,1.84,False,False,2,103.47,0.01
3,43.88,70,0.78,False,False,2,20.95,0.01
4,43.88,112,0.89,False,False,2,102.54,0.01
5,43.88,63,1.62,False,False,2,63.12,0.01
6,43.88,94,1.52,False,False,2,120.63,0.01
7,43.88,95,0.82,False,False,2,50.45,0.01
8,43.88,73,0.83,False,False,2,66.2,0.01
9,43.88,75,0.58,False,False,2,138.0,0.01
11,43.88,100,1.6,False,False,2,65.34,0.01
12,43.88,86,0.53,False,False,2,113.09,0.01
13,43.88,113,0.54,False,False,2,78.2,0.01
14,43.88,74,1.54,False,False,2,46.98,0.01
15,43.88,83,0.81,False,False,2,128.6,0.01
16,43.88,89,0.98,False,False,2,40.28,0.01
17,43.88,73,0.64,False,False,2,50.1,0.01
18,43.88,91,0.67,False,False,2,85.88,0.07
19,43.88,130,1.62,False,False,2,50.81,0.01
20,43.88,114,1.61,False,False,2,131.17,0.01
21,43.88,68,1.86,False,False,2,133.47,0.01
22,43.88,92,0.87,False,False,2,37.36,0.01
2,44.25,100,1.31,False,False,2,27.38,0.01
3,44.25,70,1.03,False,False,2,63.62,0.01
4,44.25,114,1.61,False,False,2,48.21,0.01
5,44.25,60,0.87,False,False,2,105.82,0.01
6,44.25,93,1.44,False,False,2,29.76,0.01
7,44.25,95,1.57,False,False,2,140.01,0.01
8,44.25,75,1.34,False,False,2,147.73,0.01
9,44.25,74,0.57,False,False,2,32.45,0.01
10,44.25,63,1.1,False,False,2,69.05,0.01
11,44.25,98,0.72,False,False,2,40.32,0.01
12,44.25,84,1.25,False,False,2,105.94,0.01
13,44.25,110,1.73,False,False,2,148.52,0.01
14,44.25,71,1.12,False,False,2,35.73,0.01
15,44.25,80,0.7,False,False,2,94.27,0.01
16,44.25,89,1.86,False,False,2,74.77,0.01
17,44.25,73,1.94,False,False,2,27.74,0.01
18,44.25,91,1.62,False,False,2,61.88,0.01
19,44.25,129,1.73,False,False,2,65.64,0.01
20,44.25,111,1.4,False,False,2,133.97,0.01
21,44.25,67,1.57,False,False,2,98.61,0.01
22,44.25,95,0.62,False,False,2,115.48,0.01
1,44.62,102,1.3,False,False,2,125.11,0.01
2,44.62,103,1.55,False,False,2,56.11,0.01
3,44.62,72,0.62,False,False,2,102.78,0.01
4,44.62,112,1.2,False,False,2,92.14,0.01
5,44.62,60,1.84,False,False,2,124.65,0.01
6,44.62,91,0.54,False,False,2,65.41,0.03
7,44.62,94,1.72,False,False,2,66.89,0.01
8,44.62,76,0.52,False,False,2,120.26,0.01
9,44.62,76,0.71,False,False,2,32.55,0.01
10,44.62,63,0.65,False,False,2,102.6,0.01
11,44.62,100,1.28,False,False,2,135.76,0.01
12,44.62,82,1.65,False,False,2,68.82,0.01
13,44.62,111,0.93,False,False,2,80.72,0.01
14,44.62,69,0.97,False,False,2,48.14,0.01
15,44.62,80,1.36,False,False,2,48.23,0.01
16,44.62,92,1.71,False,False,2,50.5,0.01
17,44.62,76,1.58,False,False,2,105.67,0.01
18,44.62,88,0.86,False,False,2,31.81,0.01
19,44.62,129,1.09,False,False,2,133.51,0.01
20,44.62,114,1.92,False,False,2,97.16,0.01
21,44.62,65,0.66,False,False,2,40.93,0.01
22,44.62,96,1.77,False,False,2,85.43,0.01
1,45.0,102,1.91,False,False,2,118.56,0.01
2,45.0,105,1.45,False,False,2,110.49,0.01
3,45.0,73,1.04,False,False,2,63.21,0.01
4,45.0,114,1.85,False,False,2,73.15,0.01
5,45.0,60,1.69,False,False,2,147.44,0.01
6,45.0,94,1.46,False,False,2,27.82,0.01
7,45.0,92,0.79,False,False,2,102.53,0.01
8,45.0,78,1.05,False,False,2,29.49,0.01
9,45.0,75,1.61,False,False,2,105.97,0.01
10,45.0,60,1.76,False,False,2,83.46,0.01
11,45.0,101,0.69,False,False,2,40.28,0.01
12,45.0,83,1.88,False,False,2,142.93,0.01
13,45.0,113,1.9,False,False,2,25.66,0.01
14,45.0,69,1.24,False,False,2,118.39,0.01
15,45.0,77,0.59,False,False,2,65.63,0.01
16,45.0,94,1.0,False,False,2,65.98,0.01
17,45.0,73,0.51,False,False,2,97.81,0.0
18,45.0,90,0.51,False,False,2,35.72,0.01
19,45.0,128,1.96,False,False,2,130.2,0.01
20,45.0,112,0.58,False,False,2,90.73,0.01
21,45.0,66,1.76,False,False,2,91.96,0.01
22,45.0,99,0.96,False,False,2,81.95,0.01
1,45.38,104,1.46,False,False,2,121.25,0.01
2,45.38,108,1.38,False,False,2,127.67,0.01
3,45.38,76,1.08,False,False,2,75.49,0.01
4,45.38,113,1.21,False,False,2,115.36,0.01
5,45.38,60,0.83,False,False,2,77.72,0.0
6,45.38,96,1.59,False,False,2,130.62,0.01
7,45.38,95,1.1,False,False,2,114.24,0.01
8,45.38,76,0.94,False,False,2,48.19,0.01
9,45.38,73,1.2,False,False,2,87.59,0.02
10,45.38,61,0.95,False,False,2,149.79,0.0
11,45.38,101,0.97,False,False,2,35.08,0.01
12,45.38,82,1.65,False,False,2,44.46,0.01
13,45.38,115,1.92,False,False,2,142.32,0.01
14,45.38,67,0.57,False,False,2,93.33,0.01
15,45.38,79,0.51,False,False,2,75.71,0.01
16,45.38,95,1.77,False,False,2,51.05,0.01
17,45.38,71,1.69,False,False,2,47.22,0.01
18,45.38,90,0.65,False,False,2,28.89,0.01
19,45.38,131,1.62,False,False,2,133.93,0.01
20,45.38,115,1.12,False,False,2,96.1,0.01
21,45.38,69,1.79,False,False,2,75.99,0.01
22,45.38,100,1.89,False,False,2,104.0,0.01
1,45.75,107,1.49,False,False,2,71.0,0.01
2,45.75,109,0.75,False,False,2,91.25,0.01
3,45.75,73,1.42,False,False,2,83.74,0.01
4,45.75,114,1.43,False,False,2,144.88,0.01
5,45.75,60,1.32,False,False,2,63.93,0.01
6,45.75,97,1.85,False,False,2,36.88,0.01
7,45.75,96,1.43,False,False,2,37.45,0.01
8,45.75,77,1.22,False,False,2,128.03,0.01
9,45.75,71,0.65,False,False,2,45.83,0.01
10,45.75,60,1.07,False,False,2,111.58,0.01
11,45.75,103,0.67,False,False,2,72.91,0.01
12,45.75,81,1.37,False,False,2,145.82,0.01
13,45.75,112,1.48,False,False,2,104.23,0.01
14,45.75,65,1.83,False,False,2,49.9,0.01
15,45.75,82,1.22,False,False,2,51.76,0.01
16,45.75,92,1.14,False,False,2,37.37,0.01
17,45.75,68,0.97,False,False,2,58.47,0.01
18,45.75,93,1.81,False,False,2,30.28,0.01
19,45.75,131,1.31,False,False,2,107.48,0.01
20,45.75,117,0.84,False,False,2,50.82,0.01
21,45.75,71,1.54,False,False,2,28.27,0.01
22,45.75,99,1.83,False,False,2,121.2,0.01
1,46.12,106,1.17,False,False,2,22.72,0.01
2,46.12,109,0.74,False,False,2,124.6,0.01
3,46.12,72,0.9,False,False,2,97.5,0.01
4,46.12,113,1.81,False,False,2,143.44,0.01
5,46.12,60,0.68,False,False,2,33.13,0.01
6,46.12,98,1.77,False,False,2,120.28,0.01
7,46.12,93,1.89,False,False,2,104.69,0.01
8,46.12,80,0.73,False,False,2,62.49,0.01
9,46.12,70,0.97,False,False,2,112.57,0.01
10,46.12,60,0.77,False,False,2,27.37,0.01
11,46.12,100,1.6,False,False,2,83.51,0.01
12,46.12,78,0.93,False,False,2,95.36,0.01
13,46.12,112,0.97,False,False,2,43.17,0.01
14,46.12,64,1.83,False,False,2,84.88,0.01
15,46.12,85,0.75,False,False,2,39.54,0.01
16,46.12,95,1.73,False,False,2,55.07,0.01
17,46.12,66,1.49,False,False,2,66.9,0.01
18,46.12,90,1.91,False,False,2,95.31,0.01
19,46.12,129,1.99,False,False,2,56.46,0.01
20,46.12,117,1.14,False,False,2,62.66,0.01
21,46.12,74,1.14,False,False,2,80.61,0.01
22,46.12,99,1.3,False,False,2,33.26,0.01
1,46.5,109,1.0,False,False,2,143.84,0.01
2,46.5,107,1.59,False,False,2,61.51,0.01
3,46.5,74,1.32,False,False,2,148.19,0.01
4,46.5,115,1.11,False,False,2,126.18,0.01
5,46.5,60,1.56,False,False,2,20.84,0.01
6,46.5,100,1.55,False,False,2,83.08,0.01
7,46.5,91,1.09,False,False,2,116.25,0.01
8,46.5,79,1.5,False,False,2,70.14,0.01
9,46.5,72,1.04,False,False,2,45.86,0.01
10,46.5,60,1.28,False,False,2,117.51,0.01
11,46.5,99,0.97,False,False,2,43.28,0.01
12,46.5,75,1.71,False,False,2,33.55,0.01
13,46.5,115,1.87,False,False,2,71.38,0.01
14,46.5,66,1.38,False,False,2,29.22,0.01
15,46.5,84,0.88,False,False,2,110.41,0.01
16,46.5,97,1.49,False,False,2,37.88,0.01
17,46.5,63,1.31,False,False,2,148.8,0.01
18,46.5,91,1.23,False,False,2,43.13,0.0
19,46.5,127,0.75,False,False,2,110.73,0.01
20,46.5,116,0.97,False,False,2,104.39,0.01
21,46.5,72,1.16,False,False,2,34.7,0.01
22,46.5,98,0.98,False,False,2,105.25,0.01
1,46.88,111,1.47,False,False,2,102.44,0.01
2,46.88,109,0.71,False,False,2,119.53,0.01
3,46.88,77,1.72,False,False,2,138.6,0.01
4,46.88,117,1.54,False,False,2,58.4,0.01
6,46.88,99,0.79,False,False,2,124.87,0.01
7,46.88,90,1.31,False,False,2,146.05,0.01
8,46.88,80,1.7,False,False,2,133.36,0.01
9,46.88,72,1.45,False,False,2,79.77,0.01
10,46.88,60,0.75,False,False,2,112.62,0.01
11,46.88,102,1.74,False,False,2,100.92,0.01
12,46.88,72,1.66,False,False,2,104.33,0.01
13,46.88,117,0.66,False,False,2,86.29,0.01
14,46.88,66,1.13,False,False,2,93.95,0.01
15,46.88,85,1.85,False,False,2,105.68,0.01
16,46.88,95,1.81,False,False,2,27.7,0.01
17,46.88,66,1.68,False,False,2,66.54,0.01
18,46.88,94,0.96,False,False,2,39.6,0.01
19,46.88,129,1.38,False,False,2,120.05,0.01
20,46.88,113,1.77,False,False,2,103.97,0.01
21,46.88,72,1.31,False,False,2,144.97,0.01
22,46.88,97,1.4,False,False,2,99.81,0.01
1,47.25,114,1.78,False,False,2,42.66,0.01
2,47.25,110,1.93,False,False,2,142.41,0.01
3,47.25,76,0.89,False,False,2,79.97,0.01
4,47.25,120,1.68,False,False,2,24.4,0.01
5,47.25,63,1.34,False,False,2,86.1,0.01
6,47.25,99,0.85,False,False,2,104.96,0.01
7,47.25,93,0.54,False,False,2,37.25,0.01
8,47.25,77,1.31,False,False,2,128.95,0.01
9,47.25,72,1.09,False,False,2,117.95,0.01
10,47.25,61,0.79,False,False,2,92.53,0.01
11,47.25,100,1.74,False,False,2,61.53,0.01
12,47.25,71,1.7,False,False,2,35.11,0.01
13,47.25,119,1.68,False,False,2,85.52,0.01
14,47.25,63,0.57,False,False,2,97.33,0.01
15,47.25,86,1.22,False,False,2,58.41,0.01
16,47.25,97,2.0,False,False,2,140.77,0.01
17,47.25,67,0.86,False,False,2,129.83,0.01
18,47.25,91,1.0,False,False,2,106.7,0.01
19,47.25,129,1.36,False,False,2,89.68,0.01
20,47.25,114,1.49,False,False,2,87.53,0.01
21,47.25,74,1.33,False,False,2,57.05,0.01
22,47.25,98,1.66,False,False,2,74.75,0.01
1,47.62,112,0.93,False,False,2,116.06,0.01
2,47.62,113,1.48,False,False,2,47.37,0.01
3,47.62,78,1.06,False,False,2,27.59,0.01
4,47.62,117,0.88,False,False,2,70.81,0.01
5,47.62,60,1.16,False,False,2,95.44,0.01
6,47.62,100,0.87,False,False,2,40.74,0.01
7,47.62,91,0.63,False,False,2,31.58,0.01
8,47.62,79,1.98,False,False,2,37.6,0.01
9,47.62,74,1.03,False,False,2,44.41,0.01
10,47.62,60,0.96,False,False,2,36.22,0.02
11,47.62,97,1.49,False,False,2,59.53,0.01
12,47.62,72,0.63,False,False,2,34.86,0.0
13,47.62,116,1.8,False,False,2,133.36,0.01
14,47.62,66,1.81,False,False,2,103.64,0.01
15,47.62,88,1.0,False,False,2,137.18,0.01
16,47.62,96,1.15,False,False,2,99.8,0.01
17,47.62,65,0.56,False,False,2,126.91,0.01
18,47.62,88,0.9,False,False,2,133.93,0.01
19,47.62,127,1.24,False,False,2,76.03,0.01
20,47.62,111,1.13,False,False,2,20.08,0.01
21,47.62,72,1.95,False,False,2,120.33,0.01
22,47.62,100,1.88,False,False,2,78.35,0.01
1,48.0,114,0.77,False,False,2,131.28,0.01
2,48.0,116,1.66,False,False,2,85.89,0.01
3,48.0,76,0.6,False,False,2,54.05,0.01
4,48.0,119,1.87,False,False,2,46.63,0.01
5,48.0,60,0.64,False,False,2,93.17,0.01
6,48.0,97,0.59,False,False,2,30.13,0.01
7,48.0,92,0.77,False,False,2,49.68,0.01
8,48.0,77,1.41,False,False,2,99.85,0.01
9,48.0,73,0.61,False,False,2,117.74,0.01
10,48.0,60,1.62,False,False,2,122.55,0.01
11,48.0,98,1.78,False,False,2,128.34,0.01
12,48.0,71,1.93,False,False,2,104.06,0.01
13,48.0,114,0.68,False,False,2,84.17,0.01
14,48.0,69,1.85,False,False,2,143.47,0.01
15,48.0,89,0.86,False,False,2,118.07,0.01
16,48.0,97,0.62,False,False,2,52.28,0.01
17,48.0,62,1.16,False,False,2,48.01,0.01
18,48.0,90,0.88,False,False,2,36.25,0.01
19,48.0,130,1.9,False,False,2,54.2,0.01
20,48.0,111,1.29,False,False,2,108.1,0.01
21,48.0,69,0.98,False,False,2,97.0,0.01
22,48.0,100,1.1,False,False,2,88.44,0.02
1,48.38,114,0.71,False,False,2,23.16,0.01
2,48.38,114,0.87,False,False,2,120.89,0.01
3,48.38,79,0.82,False,False,2,138.1,0.01
4,48.38,118,1.06,False,False,2,116.88,0.01
5,48.38,63,1.54,False,False,2,141.36,0.01
6,48.38,98,0.73,False,False,2,52.3,0.01
7,48.38,95,0.83,False,False,2,63.04,0.01
8,48.38,74,0.9,False,False,2,138.1,0.01
9,48.38,71,0.7,False,False,2,83.69,0.01
10,48.38,60,0.66,False,False,2,139.34,0.01
11,48.38,95,0.98,False,False,2,80.04,0.01
12,48.38,73,1.21,False,False,2,113.62,0.01
13,48.38,111,0.84,False,False,2,99.46,0.01
14,48.38,71,1.9,False,False,2,77.64,0.01
15,48.38,87,0.8,False,False,2,125.01,0.01
16,48.38,99,1.84,False,False,2,64.88,0.01
17,48.38,65,1.92,False,False,2,110.37,0.01
18,48.38,90,1.53,False,False,2,41.91,0.01
19,48.38,132,1.76,False,False,2,44.51,0.01
20,48.38,114,1.07,False,False,2,47.7,0.01
21,48.38,69,0.51,False,False,2,115.49,0.01
22,48.38,102,1.1,False,False,2,96.06,0.01
1,48.75,114,0.58,False,False,2,45.18,0.01
2,48.75,113,1.27,False,False,2,76.89,0.01
3,48.75,78,1.12,False,False,2,68.31,0.01
4,48.75,115,1.2,False,False,2,21.52,0.01
5,48.75,64,1.45,False,False,2,87.77,0.01
6,48.75,97,1.84,False,False,2,104.88,0.01
7,48.75,93,0.85,False,False,2,81.59,0.01
8,48.75,75,1.93,False,False,2,100.37,0.02
9,48.75,71,1.36,False,False,2,84.77,0.01
10,48.75,60,0.74,False,False,2,37.97,0.01
11,48.75,93,1.68,False,False,2,128.96,0.01
12,48.75,73,1.24,False,False,2,137.18,0.01
13,48.75,108,0.62,False,False,2,117.82,0.01
14,48.75,71,1.3,False,False,2,42.49,0.01
15,48.75,85,1.31,False,False,2,48.67,0.01
16,48.75,98,1.06,False,False,2,69.73,0.01
17,48.75,64,0.68,False,False,2,75.97,0.01
18,48.75,89,0.9,False,False,2,28.4,0.01
19,48.75,132,0.53,False,False,2,111.99,0.01
20,48.75,116,1.72,False,False,2,54.41,0.01
21,48.75,68,0.81,False,False,2,56.81,0.01
22,48.75,103,1.59,False,False,2,143.21,0.01
1,49.12,112,0.6,False,False,2,111.16,0.01
2,49.12,112,0.55,False,False,2,58.14,0.01
3,49.12,76,1.63,False,False,2,37.14,0.01
4,49.12,117,1.72,False,False,2,148.95,0.01
5,49.12,65,1.26,False,False,2,48.3,0.01
6,49.12,95,0.71,False,False,2,47.74,0.01
7,49.12,91,1.19,False,False,2,74.69,0.01
8,49.12,73,0.63,False,False,2,128.4,0.01
9,49.12,74,1.55,False,False,2,100.58,0.01
10,49.12,60,0.65,False,False,2,103.61,0.01
11,49.12,93,1.6,False,False,2,24.68,0.01
12,49.12,73,0.68,False,False,2,130.03,0.01
13,49.12,108,1.51,False,False,2,85.96,0.01
14,49.12,70,0.92,False,False,2,140.17,0.01
15,49.12,88,0.54,False,False,2,117.74,0.01
16,49.12,96,0.65,False,False,2,94.19,0.01
17,49.12,65,1.22,False,False,2,142.4,0.01
18,49.12,87,1.78,False,False,2,54.82,0.01
19,49.12,135,1.19,False,False,2,148.31,0.01
20,49.12,117,1.98,False,False,2,147.61,0.01
21,49.12,68,1.6,False,False,2,138.96,0.01
22,49.12,104,0.85,False,False,2,103.09,0.01
1,49.5,112,1.92,False,False,2,128.63,0.01
2,49.5,109,0.86,False,False,2,65.24,0.01
3,49.5,73,0.72,False,False,2,52.55,0.01
4,49.5,117,1.83,False,False,2,20.75,0.0
5,49.5,62,0.53,False,False,2,43.92,0.01
6,49.5,95,0.86,False,False,2,28.56,0.01
7,49.5,88,0.96,False,False,2,149.1,0.01
8,49.5,73,1.36,False,False,2,83.4,0.05
9,49.5,72,1.82,False,False,2,124.56,0.01
10,49.5,60,1.39,False,False,2,123.59,0.01
11,49.5,91,1.57,False,False,2,50.48,0.01
12,49.5,71,0.84,False,False,2,28.99,0.01
13,49.5,108,0.82,False,False,2,95.59,0.01
14,49.5,71,0.52,False,False,2,148.65,0.01
15,49.5,89,1.72,False,False,2,149.58,0.01
16,49.5,94,1.34,False,False,2,124.69,0.01
17,49.5,64,1.24,False,False,2,40.3,0.01
18,49.5,87,1.69,False,False,2,97.54,0.01
19,49.5,138,0.57,False,False,2,51.34,0.01
20,49.5,115,0.7,False,False,2,46.4,0.01
21,49.5,70,0.57,False,False,2,78.83,0.01
22,49.5,102,1.48,False,False,2,77.51,0.01
1,49.88,114,1.96,False,False,2,84.72,0.01
2,49.88,108,1.0,False,False,2,108.5,0.01
3,49.88,75,0.97,False,False,2,117.13,0.01
4,49.88,118,1.46,False,False,2,69.81,0.01
5,49.88,61,1.31,False,False,2,87.48,0.01
6,49.88,97,0.55,False,False,2,33.58,0.01
7,49.88,91,1.36,False,False,2,97.71,0.01
8,49.88,73,0.94,False,False,2,93.88,0.01
9,49.88,74,1.18,False,False,2,109.5,0.01
10,49.88,60,1.47,False,False,2,124.75,0.01
11,49.88,88,1.59,False,False,2,85.9,0.01
12,49.88,71,1.83,False,False,2,62.64,0.01
13,49.88,108,0.84,False,False,2,122.06,0.01
14,49.88,72,0.98,False,False,2,139.37,0.01
15,49.88,87,0.87,False,False,2,31.39,0.01
16,49.88,91,1.35,False,False,2,79.79,0.01
17,49.88,67,0.66,False,False,2,50.67,0.01
18,49.88,86,1.51,False,False,2,98.0,0.01
19,49.88,138,1.4,False,False,2,36.25,0.01
20,49.88,114,1.94,False,False,2,133.82,0.01
21,49.88,72,1.55,False,False,2,48.04,0.01
22,49.88,101,0.6,False,False,2,35.41,0.01
1,50.25,116,0.71,False,False,2,28.03,0.01
2,50.25,110,0.67,False,False,2,92.26,0.01
3,50.25,77,1.76,False,False,2,86.91,0.01
4,50.25,120,1.55,False,False,2,29.43,0.01
5,50.25,60,0.65,False,False,2,32.67,0.01
6,50.25,94,1.94,False,False,2,145.96,0.01
7,50.25,89,1.53,False,False,2,110.41,0.01
8,50.25,74,1.94,False,False,2,26.2,0.01
9,50.25,76,0.79,False,False,2,94.64,0.01
10,50.25,62,0.63,False,False,2,44.63,0.01
11,50.25,85,0.96,False,False,2,144.11,0.01
12,50.25,70,1.31,False,False,2,60.88,0.01
13,50.25,106,1.63,False,False,2,41.91,0.01
14,50.25,69,1.47,False,False,2,31.5,0.01
15,50.25,87,1.63,False,False,2,24.63,0.01
16,50.25,94,1.53,False,False,2,52.84,0.01
17,50.25,69,1.86,False,False,2,64.91,0.01
18,50.25,84,1.26,False,False,2,129.93,0.01
19,50.25,141,1.4,False,False,2,52.11,0.01
20,50.25,117,0.52,False,False,2,140.88,0.01
21,50.25,72,1.65,False,False,2,96.22,0.01
22,50.25,104,1.02,False,False,2,142.99,0.01
1,50.62,117,1.95,False,False,2,112.42,0.01
2,50.62,107,0.53,False,False,2,96.4,0.01
3,50.62,79,0.77,False,False,2,41.24,0.01
4,50.62,121,0.54,False,False,2,142.83,0.01
5,50.62,60,1.22,False,False,2,39.08,0.01
6,50.62,92,1.64,False,False,2,123.34,0.01
7,50.62,92,1.41,False,False,2,45.54,0.01
8,50.62,74,0.72,False,False,2,42.62,0.01
9,50.62,78,0.9,False,False,2,141.73,0.01
10,50.62,62,1.42,False,False,2,129.04,0.01
11,50.62,84,1.86,False,False,2,27.66,0.01
12,50.62,72,1.25,False,False,2,21.58,0.01
13,50.62,108,0.51,False,False,2,123.26,0.01
14,50.62,69,1.64,False,False,2,132.43,0.01
15,50.62,86,1.64,False,False,2,110.91,0.01
16,50.62,93,1.47,False,False,2,38.68,0.01
17,50.62,67,0.62,False,False,2,146.95,0.01
18,50.62,86,0.71,False,False,2,108.75,0.01
19,50.62,142,1.9,False,False,2,49.16,0.01
20,50.62,118,1.8,False,False,2,117.29,0.01
21,50.62,75,0.71,False,False,2,66.4,0.01
22,50.62,102,1.52,False,False,2,93.64,0.01
1,51.0,116,1.46,False,False,2,28.57,0.01
2,51.0,105,1.44,False,False,2,106.2,0.01
3,51.0,78,1.62,False,False,2,81.13,0.01
4,51.0,120,1.95,False,False,2,130.05,0.01
5,51.0,60,0.72,False,False,2,120.69,0.01
6,51.0,90,1.68,False,False,2,136.96,0.01
7,51.0,91,0.58,False,False,2,119.84,0.01
8,51.0,73,1.91,False,False,2,101.02,0.01
9,51.0,80,1.99,False,False,2,86.37,0.01
10,51.0,61,0.76,False,False,2,48.26,0.01
11,51.0,82,1.19,False,False,2,149.45,0.01
12,51.0,71,1.58,False,False,2,74.95,0.01
13,51.0,111,1.43,False,False,2,95.0,0.01
14,51.0,68,0.6,False,False,2,52.62,0.01
15,51.0,87,1.56,False,False,2,52.88,0.01
16,51.0,93,1.81,False,False,2,121.6,0.01
17,51.0,65,0.87,False,False,2,82.9,0.01
18,51.0,88,0.76,False,False,2,114.03,0.01
19,51.0,142,1.64,False,False,2,34.11,0.01
20,51.0,121,1.75,False,False,2,91.31,0.01
21,51.0,75,1.34,False,False,2,38.06,0.01
22,51.0,103,0.71,False,False,2,119.46,0.01
1,51.38,113,1.63,False,False,2,59.25,0.01
2,51.38,104,0.51,False,False,2,133.75,0.01
3,51.38,76,1.46,False,False,2,43.12,0.01
4,51.38,123,1.22,False,False,2,28.02,0.01
5,51.38,63,1.25,False,False,2,136.92,0.01
6,51.38,92,1.91,False,False,2,120.24,0.01
7,51.38,93,1.23,False,False,2,145.57,0.01
8,51.38,75,1.48,False,False,2,145.12,0.01
9,51.38,80,1.24,False,False,2,124.49,0.01
10,51.38,60,0.78,False,False,2,86.24,0.01
11,51.38,84,1.85,False,False,2,83.44,0.01
12,51.38,69,1.37,False,False,2,55.39,0.01
13,51.38,108,1.94,False,False,2,31.06,0.01
14,51.38,68,0.93,False,False,2,142.01,0.01
15,51.38,89,1.84,False,False,2,42.98,0.01
16,51.38,95,1.99,False,False,2,127.56,0.01
17,51.38,63,1.15,False,False,2,115.96,0.01
18,51.38,90,1.99,False,False,2,23.72,0.01
19,51.38,145,1.38,False,False,2,111.68,0.01
20,51.38,123,1.58,False,False,2,79.2,0.01
21,51.38,72,0.85,False,False,2,115.16,0.01
22,51.38,103,1.58,False,False,2,147.56,0.01
1,51.75,114,1.33,False,False,2,142.68,0.01
2,51.75,101,0.65,False,False,2,72.01,0.01
3,51.75,73,1.07,False,False,2,35.05,0.01
4,51.75,122,1.06,False,False,2,137.65,0.01
5,51.75,61,1.82,False,False,2,73.65,0.01
6,51.75,92,1.51,False,False,2,55.6,0.01
7,51.75,96,1.03,False,False,2,144.22,0.01
8,51.75,73,1.18,False,False,2,77.41,0.01
9,51.75,78,1.51,False,False,2,61.91,0.01
10,51.75,61,0.63,False,False,2,45.94,0.01
11,51.75,82,1.62,False,False,2,142.97,0.01
12,51.75,66,1.74,False,False,2,124.87,0.01
13,51.75,109,1.15,False,False,2,69.11,0.01
14,51.75,69,1.0,False,False,2,109.44,0.01
15,51.75,88,1.22,False,False,2,40.38,0.01
16,51.75,93,1.59,False,False,2,57.02,0.01
17,51.75,62,0.94,False,False,2,103.92,0.01
18,51.75,93,0.76,False,False,2,139.24,0.01
19,51.75,144,1.02,False,False,2,147.69,0.01
20,51.75,124,1.21,False,False,2,69.6,0.01
21,51.75,71,1.1,False,False,2,114.51,0.01
22,51.75,100,1.7,False,False,2,66.93,0.01
1,52.12,112,1.88,False,False,2,30.02,0.01
2,52.12,104,0.72,False,False,2,57.15,0.01
3,52.12,75,1.89,False,False,2,148.86,0.01
4,52.12,123,0.99,False,False,2,83.97,0.01
5,52.12,63,0.68,False,False,2,68.04,0.01
6,52.12,94,1.12,False,False,2,27.92,0.01
7,52.12,93,1.72,False,False,2,77.89,0.01
8,52.12,74,0.79,False,False,2,132.86,0.01
9,52.12,78,1.81,False,False,2,124.75,0.01
10,52.12,60,1.93,False,False,2,102.58,0.01
11,52.12,84,0.82,False,False,2,99.31,0.01
12,52.12,68,0.83,False,False,2,47.25,0.01
13,52.12,110,1.86,False,False,2,142.84,0.01
14,52.12,72,0.69,False,False,2,65.28,0.01
15,52.12,88,1.67,False,False,2,75.24,0.0
16,52.12,91,1.07,False,False,2,55.28,0.01
17,52.12,60,0.58,False,False,2,31.83,0.01
18,52.12,93,1.91,False,False,2,47.33,0.07
19,52.12,144,1.37,False,False,2,143.11,0.01
20,52.12,127,0.97,False,False,2,58.17,0.01
21,52.12,68,1.25,False,False,2,54.17,0.02
22,52.12,103,1.23,False,False,2,106.18,0.01
1,52.5,112,0.69,False,False,2,63.3,0.01
2,52.5,106,0.7,False,False,2,73.3,0.01
3,52.5,73,1.72,False,False,2,105.07,0.01
4,52.5,120,1.57,False,False,2,66.08,0.01
5,52.5,63,0.6,False,False,2,30.84,0.01
6,52.5,92,0.84,False,False,2,103.93,0.01
7,52.5,96,0.91,False,False,2,28.26,0.01
8,52.5,75,1.58,False,False,2,62.19,0.01
9,52.5,80,0.5,False,False,2,133.42,0.01
10,52.5,62,1.55,False,False,2,95.11,0.01
11,52.5,87,0.81,False,False,2,144.25,0.01
12,52.5,69,1.55,False,False,2,33.14,0.01
13,52.5,108,1.58,False,False,2,131.03,0.01
14,52.5,70,0.91,False,False,2,109.28,0.0
15,52.5,89,1.92,False,False,2,98.41,0.01
16,52.5,91,1.23,False,False,2,48.85,0.01
17,52.5,60,1.22,False,False,2,21.14,0.01
18,52.5,94,1.43,False,False,2,33.24,0.01
19,52.5,147,1.19,False,False,2,36.83,0.01
20,52.5,129,1.98,False,False,2,145.1,0.0
21,52.5,66,1.65,False,False,2,103.85,0.01
22,52.5,104,1.04,False,False,2,132.17,0.01
1,52.88,115,1.46,False,False,2,79.5,0.01
2,52.88,105,1.19,False,False,2,86.95,0.01
3,52.88,75,1.76,False,False,2,24.25,0.01
4,52.88,121,1.21,False,False,2,79.49,0.01
5,52.88,66,1.65,False,False,2,148.23,0.01
6,52.88,91,1.21,False,False,2,108.22,0.01
7,52.88,98,1.16,False,False,2,136.05,0.01
8,52.88,72,1.54,False,False,2,56.91,0.01
9,52.88,78,1.39,False,False,2,89.53,0.01
10,52.88,60,1.75,False,False,2,97.32,0.01
11,52.88,90,0.81,False,False,2,138.03,0.01
12,52.88,71,1.91,False,False,2,83.13,0.01
13,52.88,111,1.05,False,False,2,65.79,0.01
14,52.88,68,0.71,False,False,2,62.47,0.01
15,52.88,87,1.72,False,False,2,33.69,0.01
17,52.88,61,1.3,False,False,2,116.29,0.01
18,52.88,94,1.36,False,False,2,63.98,0.01
19,52.88,148,1.18,False,False,2,129.73,0.01
20,52.88,127,1.81,False,False,2,125.53,0.01
21,52.88,69,1.46,False,False,2,74.81,0.01
22,52.88,102,1.44,False,False,2,108.25,0.01
1,53.25,115,1.55,False,False,2,34.12,0.01
2,53.25,107,1.01,False,False,2,79.11,0.01
3,53.25,76,1.2,False,False,2,43.8,0.01
4,53.25,119,1.92,False,False,2,137.37,0.01
5,53.25,67,0.99,False,False,2,86.13,0.01
6,53.25,89,0.72,False,False,2,58.98,0.01
7,53.25,101,0.86,False,False,2,77.55,0.01
8,53.25,72,0.86,False,False,2,33.57,0.01
9,53.25,79,1.98,False,False,2,148.76,0.01
10,53.25,60,0.6,False,False,2,111.7,0.01
11,53.25,93,1.58,False,False,2,116.8,0.01
12,53.25,68,1.86,False,False,2,66.28,0.01
13,53.25,109,1.29,False,False,2,87.97,0.01
14,53.25,70,1.35,False,False,2,97.36,0.01
15,53.25,87,1.99,False,False,2,140.94,0.01
16,53.25,93,1.49,False,False,2,63.12,0.01
17,53.25,61,0.53,False,False,2,23.13,0.01
18,53.25,94,0.53,False,False,2,32.77,0.01
19,53.25,149,1.15,False,False,2,118.74,0.01
20,53.25,126,1.28,False,False,2,145.37,0.01
21,53.25,67,0.57,False,False,2,87.9,0.01
1,53.62,118,0.92,False,False,2,50.93,0.01
2,53.62,110,1.09,False,False,2,72.64,0.01
3,53.62,78,1.92,False,False,2,143.24,0.01
4,53.62,122,1.27,False,False,2,135.02,0.01
5,53.62,65,0.7,False,False,2,130.59,0.01
6,53.62,90,0.98,False,False,2,80.05,0.01
7,53.62,99,0.56,False,False,2,68.62,0.01
8,53.62,73,0.89,False,False,2,127.5,0.01
9,53.62,79,1.29,False,False,2,146.74,0.01
10,53.62,63,1.94,False,False,2,20.83,0.01
11,53.62,95,0.52,False,False,2,30.85,0.01
12,53.62,68,1.77,False,False,2,125.82,0.01
13,53.62,109,0.54,False,False,2,20.88,0.01
14,53.62,73,1.14,False,False,2,79.25,0.01
15,53.62,84,1.22,False,False,2,141.74,0.01
16,53.62,91,1.97,False,False,2,99.85,0.01
17,53.62,61,1.14,False,False,2,41.3,0.01
18,53.62,93,1.43,False,False,2,24.31,0.01
19,53.62,147,1.65,False,False,2,141.0,0.01
20,53.62,128,1.34,False,False,2,30.17,0.01
21,53.62,65,1.02,False,False,2,108.57,0.01
22,53.62,106,1.45,False,False,2,33.09,0.01
1,54.0,119,0.52,False,False,2,31.43,0.01
2,54.0,111,1.75,False,False,2,36.35,0.01
3,54.0,77,1.14,False,False,2,53.66,0.01
4,54.0,123,1.94,False,False,2,87.98,0.01
5,54.0,67,1.14,False,False,2,36.15,0.01
6,54.0,88,0.81,False,False,2,143.11,0.01
7,54.0,102,1.22,False,False,2,112.39,0.01
8,54.0,70,0.66,False,False,2,62.2,0.01
9,54.0,82,1.29,False,False,2,65.17,0.01
11,54.0,95,0.92,False,False,2,107.93,0.01
12,54.0,71,0.6,False,False,2,21.15,0.01
13,54.0,110,1.85,False,False,2,140.28,0.01
14,54.0,75,1.08,False,False,2,42.84,0.0
15,54.0,87,1.88,False,False,2,123.1,0.01
16,54.0,90,1.97,False,False,2,61.26,0.01
17,54.0,60,1.02,False,False,2,104.37,0.01
18,54.0,94,1.49,False,False,2,55.71,0.01
19,54.0,147,1.46,False,False,2,83.82,0.01
20,54.0,127,1.19,False,False,2,119.23,0.01
21,54.0,64,0.88,False,False,2,61.75,0.01
22,54.0,109,1.44,False,False,2,24.74,0.01
1,54.38,121,0.55,False,False,2,107.66,0.01
2,54.38,114,0.58,False,False,2,30.17,0.01
3,54.38,77,0.78,False,False,2,79.17,0.01
4,54.38,122,1.33,False,False,2,99.81,0.01
5,54.38,66,0.86,False,False,2,62.47,0.01
6,54.38,91,1.33,False,False,2,126.29,0.01
7,54.38,101,1.49,False,False,2,48.59,0.01
8,54.38,70,1.2,False,False,2,141.19,0.01
9,54.38,85,1.52,False,False,2,102.83,0.01
10,54.38,67,0.9,False,False,2,51.37,0.01
11,54.38,96,1.53,False,False,2,69.7,0.01
12,54.38,74,0.93,False,False,2,25.82,0.01
13,54.38,113,0.57,False,False,2,95.3,0.01
14,54.38,78,1.53,False,False,2,74.99,0.01
15,54.38,84,1.33,False,False,2,66.21,0.01
16,54.38,88,1.97,False,False,2,107.78,0.01
17,54.38,61,1.58,False,False,2,84.96,0.01
18,54.38,96,0.97,False,False,2,34.06,0.01
19,54.38,144,0.71,False,False,2,102.25,0.01
20,54.38,126,0.53,False,False,2,118.26,0.01
21,54.38,64,1.19,False,False,2,25.03,0.01
22,54.38,109,1.09,False,False,2,122.56,0.0
1,54.75,118,1.64,False,False,2,85.06,0.01
2,54.75,117,1.21,False,False,2,56.55,0.01
3,54.75,75,0.99,False,False,2,67.24,0.01
4,54.75,121,0.66,False,False,2,79.13,0.01
5,54.75,65,0.89,False,False,2,97.75,0.01
6,54.75,93,1.79,False,False,2,68.47,0.01
7,54.75,101,1.89,False,False,2,75.95,0.01
8,54.75,69,1.33,False,False,2,126.38,0.01
9,54.75,88,1.85,False,False,2,44.57,0.01
10,54.75,64,1.21,False,False,2,67.02,0.01
11,54.75,96,0.94,False,False,2,100.3,0.01
12,54.75,76,1.24,False,False,2,43.23,0.01
13,54.75,115,1.39,False,False,2,60.54,0.01
14,54.75,80,0.76,False,False,2,107.45,0.01
15,54.75,87,1.41,False,False,2,128.31,0.01
16,54.75,87,1.46,False,False,2,34.11,0.0
17,54.75,61,1.1,False,False,2,62.8,0.01
18,54.75,94,1.81,False,False,2,83.25,0.01
19,54.75,141,0.69,False,False,2,113.26,0.01
20,54.75,124,1.63,False,False,2,92.5,0.01
21,54.75,63,1.41,False,False,2,91.02,0.01
22,54.75,109,1.7,False,False,2,145.55,0.01
1,55.12,118,1.78,False,False,2,137.97,0.01
2,55.12,117,1.11,False,False,2,76.3,0.01
3,55.12,75,1.58,False,False,2,124.91,0.0
4,55.12,118,1.25,False,False,2,135.8,0.01
5,55.12,63,1.88,False,False,2,58.69,0.01
6,55.12,94,1.19,False,False,2,32.63,0.01
7,55.12,100,0.65,False,False,2,92.39,0.01
8,55.12,67,1.18,False,False,2,81.59,0.01
9,55.12,87,0.9,False,False,2,94.13,0.01
10,55.12,64,1.83,False,False,2,97.27,0.01
11,55.12,94,1.41,False,False,2,65.59,0.01
12,55.12,78,1.73,False,False,2,45.73,0.01
13,55.12,114,0.77,False,False,2,121.73,0.01
14,55.12,80,1.3,False,False,2,53.17,0.01
15,55.12,87,0.67,False,False,2,125.33,0.01
16,55.12,86,1.51,False,False,2,85.41,0.01
17,55.12,60,1.78,False,False,2,85.54,0.01
18,55.12,96,1.84,False,False,2,20.24,0.01
19,55.12,139,0.64,False,False,2,38.12,0.01
20,55.12,121,0.98,False,False,2,69.38,0.01
21,55.12,62,1.11,False,False,2,134.15,0.01
22,55.12,109,0.54,False,False,2,72.14,0.0
1,55.5,118,0.55,False,False,2,21.29,0.01
2,55.5,115,0.61,False,False,2,141.39,0.01
3,55.5,73,1.05,False,False,2,24.61,0.01
4,55.5,121,1.71,False,False,2,104.81,0.01
5,55.5,62,1.38,False,False,2,103.97,0.01
6,55.5,94,1.62,False,False,2,80.21,0.01
7,55.5,97,1.33,False,False,2,33.65,0.01
8,55.5,68,1.58,False,False,2,44.78,0.01
9,55.5,87,0.59,False,False,2,88.86,0.01
10,55.5,61,1.11,False,False,2,97.01,0.01
11,55.5,91,0.91,False,False,2,73.88,0.01
12,55.5,77,1.31,False,False,2,65.13,0.01
13,55.5,116,1.25,False,False,2,108.55,0.01
14,55.5,82,1.18,False,False,2,34.51,0.01
15,55.5,89,1.68,False,False,2,59.26,0.01
16,55.5,83,1.36,False,False,2,50.1,0.01
17,55.5,63,1.73,False,False,2,83.19,0.01
18,55.5,99,0.52,False,False,2,56.96,0.01
19,55.5,139,0.89,False,False,2,27.86,0.01
20,55.5,118,0.57,False,False,2,80.61,0.01
21,55.5,63,1.75,False,False,2,128.45,0.01
22,55.5,109,0.72,False,False,2,117.68,0.01
1,55.88,116,1.6,False,False,2,42.13,0.01
2,55.88,112,0.72,False,False,2,139.0,0.01
3,55.88,76,0.93,False,False,2,52.09,0.01
4,55.88,119,1.84,False,False,2,76.31,0.01
5,55.88,60,0.8,False,False,2,31.37,0.01
6,55.88,92,0.69,False,False,2,120.68,0.01
7,55.88,95,1.56,False,False,2,77.95,0.01
8,55.88,70,0.96,False,False,2,106.24,0.01
9,55.88,90,1.91,False,False,2,65.8,0.01
10,55.88,60,1.42,False,False,2,64.73,0.0
11,55.88,89,0.64,False,False,2,34.91,0.0
12,55.88,75,1.03,False,False,2,125.56,0.01
13,55.88,114,1.07,False,False,2,137.72,0.01
14,55.88,85,0.88,False,False,2,29.89,0.01
15,55.88,86,1.35,False,False,2,95.09,0.01
16,55.88,81,0.99,False,False,2,66.29,0.01
17,55.88,63,1.09,False,False,2,149.46,0.01
18,55.88,100,1.31,False,False,2,94.27,0.01
19,55.88,137,0.78,False,False,2,96.4,0.01
20,55.88,115,1.17,False,False,2,62.74,0.01
21,55.88,61,1.39,False,False,2,92.15,0.01
22,55.88,108,1.2,False,False,2,143.84,0.01
1,56.25,119,1.1,False,False,2,130.88,0.01
2,56.25,114,1.25,False,False,2,51.15,0.01
3,56.25,74,1.56,False,False,2,76.95,0.01
4,56.25,121,1.57,False,False,2,128.44,0.01
5,56.25,61,1.25,False,False,2,80.0,0.01
6,56.25,94,1.14,False,False,2,132.01,0.01
7,56.25,94,1.04,False,False,2,37.32,0.01
8,56.25,68,0.8,False,False,2,81.24,0.01
9,56.25,87,2.0,False,False,2,104.18,0.01
10,56.25,63,1.79,False,False,2,70.03,0.0
11,56.25,88,1.77,False,False,2,48.75,0.01
12,56.25,77,1.06,False,False,2,75.19,0.01
13,56.25,113,1.11,False,False,2,33.02,0.01
14,56.25,87,1.23,False,False,2,101.66,0.01
15,56.25,89,1.21,False,False,2,116.35,0.01
16,56.25,79,1.59,False,False,2,56.03,0.01
17,56.25,65,1.03,False,False,2,91.31,0.01
18,56.25,102,0.85,False,False,2,145.56,0.01
19,56.25,139,0.92,False,False,2,137.67,0.01
20,56.25,114,1.7,False,False,2,58.94,0.01
21,56.25,64,0.96,False,False,2,71.68,0.01
22,56.25,108,0.73,False,False,2,84.78,0.01
1,56.62,116,0.79,False,False,2,55.28,0.0
2,56.62,115,1.99,False,False,2,120.58,0.0
3,56.62,77,0.89,False,False,2,90.31,0.01
4,56.62,119,1.59,False,False,2,39.86,0.01
5,56.62,63,0.55,False,False,2,85.8,0.0
6,56.62,94,1.54,False,False,2,33.11,0.01
7,56.62,93,1.85,False,False,2,119.09,0.01
8,56.62,70,0.66,False,False,2,27.41,0.01
9,56.62,87,0.53,False,False,2,134.41,0.01
10,56.62,66,0.96,False,False,2,89.73,0.01
11,56.62,90,1.91,False,False,2,53.76,0.01
12,56.62,76,0.75,False,False,2,40.28,0.01
13,56.62,112,1.72,False,False,2,110.04,0.01
14,56.62,86,0.92,False,False,2,37.16,0.01
15,56.62,91,1.6,False,False,2,32.48,0.01
16,56.62,77,0.55,False,False,2,76.07,0.01
17,56.62,66,1.43,False,False,2,28.88,0.01
18,56.62,99,1.99,False,False,2,24.91,0.01
19,56.62,140,0.67,False,False,2,46.03,0.01
20,56.62,115,0.81,False,False,2,25.42,0.01
21,56.62,66,1.26,False,False,2,61.54,0.01
22,56.62,110,1.63,False,False,2,52.02,0.01
1,57.0,119,1.46,False,False,2,84.9,0.0
2,57.0,113,1.52,False,False,2,32.27,0.01
3,57.0,78,1.61,False,False,2,89.06,0.01
4,57.0,118,1.0,False,False,2,55.96,0.01
5,57.0,64,1.42,False,False,2,61.28,0.01
6,57.0,92,1.7,False,False,2,127.21,0.01
7,57.0,93,0.93,False,False,2,126.09,0.01
8,57.0,72,0.82,False,False,2,102.13,0.01
9,57.0,89,0.51,False,False,2,95.23,0.01
10,57.0,68,1.74,False,False,2,79.22,0.01
11,57.0,93,1.9,False,False,2,103.82,0.01
12,57.0,78,1.92,False,False,2,33.81,0.01
13,57.0,115,0.56,False,False,2,32.4,0.01
14,57.0,84,1.23,False,False,2,123.3,0.01
15,57.0,91,1.02,False,False,2,73.91,0.01
16,57.0,75,1.11,False,False,2,137.35,0.01
17,57.0,66,1.8,False,False,2,44.33,0.01
18,57.0,99,1.28,False,False,2,137.2,0.01
19,57.0,142,1.57,False,False,2,96.22,0.01
20,57.0,118,1.62,False,False,2,72.01,0.01
21,57.0,63,1.88,False,False,2,138.73,0.01
22,57.0,107,1.96,False,False,2,68.86,0.01
1,57.38,120,1.77,False,False,2,79.03,0.0
2,57.38,110,0.92,False,False,2,93.53,0.01
3,57.38,81,1.82,False,False,2,41.89,0.01
4,57.38,116,1.48,False,False,2,89.42,0.01
5,57.38,61,0.64,False,False,2,53.95,0.01
6,57.38,91,0.88,False,False,2,47.21,0.01
7,57.38,93,0.59,False,False,2,141.69,0.01
8,57.38,71,1.68,False,False,2,23.58,0.01
9,57.38,89,1.06,False,False,2,109.31,0.01
10,57.38,70,1.87,False,False,2,100.31,0.01
11,57.38,92,0.8,False,False,2,128.44,0.01
12,57.38,78,1.33,False,False,2,68.86,0.01
13,57.38,113,1.59,False,False,2,122.07,0.01
14,57.38,87,2.0,False,False,2,39.03,0.01
15,57.38,94,2.0,False,False,2,69.5,0.0
16,57.38,75,1.32,False,False,2,138.81,0.01
17,57.38,65,1.2,False,False,2,38.73,0.01
18,57.38,96,0.56,False,False,2,143.49,0.01
19,57.38,145,1.26,False,False,2,145.04,0.01
20,57.38,118,1.89,False,False,2,128.45,0.01
21,57.38,63,1.7,False,False,2,146.16,0.01
22,57.38,106,1.14,False,False,2,122.69,0.01
1,57.75,122,0.9,False,False,2,123.22,0.01
2,57.75,109,1.61,False,False,2,68.12,0.01
3,57.75,78,1.62,False,False,2,52.69,0.01
4,57.75,118,1.09,False,False,2,42.32,0.01
5,57.75,62,1.48,False,False,2,42.92,0.01
6,57.75,93,1.92,False,False,2,116.79,0.0
7,57.75,94,1.18,False,False,2,125.31,0.01
8,57.75,71,1.8,False,False,2,95.56,0.01
9,57.75,92,1.25,False,False,2,148.3,0.0
10,57.75,71,1.18,False,False,2,39.18,0.01
11,57.75,93,1.46,False,False,2,107.24,0.01
12,57.75,79,1.13,False,False,2,69.38,0.01
13,57.75,112,1.33,False,False,2,79.96,0.01
14,57.75,86,0.63,False,False,2,139.86,0.01
15,57.75,96,1.47,False,False,2,39.58,0.01
16,57.75,72,1.15,False,False,2,104.99,0.01
17,57.75,68,1.79,False,False,2,107.49,0.01
18,57.75,99,0.56,False,False,2,50.56,0.01
19,57.75,144,0.54,False,False,2,146.45,0.01
20,57.75,121,1.33,False,False,2,123.53,0.01
21,57.75,63,0.51,False,False,2,141.91,0.01
22,57.75,105,1.99,False,False,2,83.74,0.01
1,58.12,119,1.03,False,False,2,31.23,0.01
2,58.12,109,0.82,False,False,2,63.52,0.01
4,58.12,121,1.33,False,False,2,81.3,0.01
5,58.12,64,1.69,False,False,2,122.48,0.01
6,58.12,96,1.17,False,False,2,89.1,0.01
7,58.12,96,1.39,False,False,2,75.89,0.01
8,58.12,72,0.76,False,False,2,114.75,0.01
9,58.12,92,1.77,False,False,2,137.49,0.01
10,58.12,70,0.86,False,False,2,32.78,0.01
11,58.12,92,0.65,False,False,2,103.54,0.01
12,58.12,77,1.91,False,False,2,54.88,0.01
14,58.12,83,0.85,False,False,2,43.93,0.01
15,58.12,93,1.61,False,False,2,53.31,0.01
16,58.12,72,0.64,False,False,2,87.03,0.01
17,58.12,65,1.34,False,False,2,22.11,0.01
18,58.12,98,1.47,False,False,2,148.78,0.01
19,58.12,142,0.88,False,False,2,31.05,0.01
20,58.12,122,1.79,False,False,2,145.46,0.01
21,58.12,62,0.9,False,False,2,45.96,0.01
22,58.12,107,1.97,False,False,2,84.6,0.01
1,58.5,121,1.21,False,False,2,46.69,0.01
2,58.5,112,0.87,False,False,2,39.04,0.01
3,58.5,76,1.34,False,False,2,69.5,0.01
4,58.5,121,1.3,False,False,2,83.26,0.01
5,58.5,65,1.16,False,False,2,55.91,0.01
6,58.5,96,1.47,False,False,2,73.68,0.01
7,58.5,96,1.37,False,False,2,148.24,0.01
8,58.5,70,0.91,False,False,2,109.15,0.01
9,58.5,95,1.98,False,False,2,52.06,0.01
10,58.5,73,1.8,False,False,2,35.62,0.01
11,58.5,95,0.65,False,False,2,100.96,0.01
12,58.5,78,1.06,False,False,2,61.24,0.01
13,58.5,108,0.91,False,False,2,90.41,0.01
14,58.5,80,1.52,False,False,2,68.93,0.01
15,58.5,93,1.74,False,False,2,67.93,0.01
16,58.5,72,0.76,False,False,2,59.87,0.01
17,58.5,64,1.27,False,False,2,49.87,0.01
18,58.5,100,0.94,False,False,2,90.46,0.01
19,58.5,144,0.61,False,False,2,112.36,0.01
20,58.5,123,1.39,False,False,2,20.3,0.01
21,58.5,62,0.68,False,False,2,62.34,0.01
22,58.5,105,0.64,False,False,2,87.5,0.01
1,58.88,124,0.7,False,False,2,148.12,0.01
2,58.88,113,1.8,False,False,2,54.12,0.01
3,58.88,73,1.29,False,False,2,107.61,0.01
4,58.88,123,0.82,False,False,2,94.81,0.01
5,58.88,66,1.46,False,False,2,38.13,0.01
6,58.88,97,1.96,False,False,2,92.89,0.01
7,58.88,97,1.76,False,False,2,33.56,0.01
8,58.88,67,0.73,False,False,2,118.22,0.01
9,58.88,97,1.81,False,False,2,66.26,0.01
10,58.88,70,0.97,False,False,2,92.88,0.01
11,58.88,93,1.0,False,False,2,67.58,0.01
12,58.88,78,1.41,False,False,2,24.85,0.01
13,58.88,111,1.55,False,False,2,68.46,0.01
14,58.88,82,1.17,False,False,2,98.78,0.01
15,58.88,90,1.98,False,False,2,32.86,0.01
16,58.88,70,1.71,False,False,2,51.95,0.01
17,58.88,64,1.64,False,False,2,51.41,0.01
18,58.88,97,0.68,False,False,2,70.35,0.01
19,58.88,143,0.93,False,False,2,65.89,0.01
20,58.88,124,1.56,False,False,2,47.54,0.01
21,58.88,63,0.54,False,False,2,123.45,0.01
22,58.88,108,0.89,False,False,2,78.24,0.01
1,59.25,124,1.09,False,False,2,79.02,0.01
2,59.25,113,0.72,False,False,2,119.47,0.01
3,59.25,71,1.52,False,False,2,51.54,0.01
4,59.25,120,0.9,False,False,2,138.96,0.01
5,59.25,69,1.74,False,False,2,102.1,0.01
6,59.25,97,1.06,False,False,2,32.06,0.01
7,59.25,100,1.69,False,False,2,28.87,0.01
8,59.25,66,1.14,False,False,2,65.83,0.01
9,59.25,100,0.97,False,False,2,115.71,0.0
10,59.25,73,1.53,False,False,2,136.28,0.01
11,59.25,91,0.54,False,False,2,64.02,0.01
12,59.25,79,1.87,False,False,2,145.42,0.01
13,59.25,109,1.97,False,False,2,94.03,0.01
14,59.25,82,1.74,False,False,2,135.44,0.01
15,59.25,87,1.51,False,False,2,29.33,0.01
16,59.25,72,0.67,False,False,2,109.09,0.01
17,59.25,61,1.63,False,False,2,140.88,0.01
18,59.25,96,1.4,False,False,2,96.58,0.01
19,59.25,140,0.56,False,False,2,50.72,0.01
20,59.25,123,0.74,False,False,2,82.45,0.01
21,59.25,62,1.27,False,False,2,76.59,0.01
22,59.25,106,1.68,False,False,2,116.65,0.01
1,59.62,126,1.19,False,False,2,118.39,0.01
2,59.62,110,1.77,False,False,2,146.6,0.01
3,59.62,68,0.85,False,False,2,45.03,0.01
4,59.62,122,1.68,False,False,2,29.4,0.01
5,59.62,72,1.56,False,False,2,76.98,0.01
6,59.62,97,0.87,False,False,2,140.5,0.01
7,59.62,97,1.55,False,False,2,124.4,0.01
8,59.62,69,1.18,False,False,2,64.94,0.01
9,59.62,100,1.27,False,False,2,49.29,0.01
10,59.62,70,1.68,False,False,2,96.58,0.01
11,59.62,90,0.94,False,False,2,135.38,0.01
12,59.62,76,1.8,False,False,2,45.91,0.01
13,59.62,111,1.11,False,False,2,40.92,0.01
15,59.62,87,1.43,False,False,2,131.88,0.01
16,59.62,72,1.89,False,False,2,125.06,0.01
17,59.62,62,1.0,False,False,2,73.82,0.01
18,59.62,98,0.57,False,False,2,117.29,0.01
19,59.62,141,1.76,False,False,2,82.43,0.01
20,59.62,120,1.25,False,False,2,38.97,0.01
21,59.62,65,0.78,False,False,2,110.18,0.01
22,59.62,106,1.7,False,False,2,145.69,0.01
1,60.0,125,0.68,False,False,2,85.83,0.01
2,60.0,113,0.73,False,False,2,86.43,0.01
3,60.0,70,1.18,False,False,2,75.25,0.01
4,60.0,123,1.09,False,False,2,106.61,0.01
5,60.0,70,0.72,False,False,2,49.22,0.01
6,60.0,95,1.99,False,False,2,23.24,0.01
7,60.0,95,1.89,False,False,2,70.47,0.01
8,60.0,70,1.15,False,False,2,79.18,0.01
9,60.0,99,1.05,False,False,2,71.05,0.01
10,60.0,69,0.92,False,False,2,90.64,0.01
11,60.0,88,0.73,False,False,2,140.02,0.01
12,60.0,75,1.15,False,False,2,126.42,0.01
13,60.0,111,1.01,False,False,2,98.01,0.01
14,60.0,81,0.68,False,False,2,64.25,0.01
15,60.0,85,1.53,False,False,2,131.38,0.01
16,60.0,71,0.57,False,False,2,125.51,0.01
17,60.0,64,1.09,False,False,2,96.03,0.01
18,60.0,100,1.63,False,False,2,133.74,0.01
19,60.0,143,1.43,False,False,2,118.17,0.01
20,60.0,120,1.01,False,False,2,117.9,0.01
21,60.0,64,1.99,False,False,2,120.57,0.01
22,60.0,109,0.61,False,False,2,137.22,0.01
1,60.38,122,1.38,False,False,2,57.71,0.01
2,60.38,112,0.79,False,False,2,50.41,0.01
3,60.38,68,1.29,False,False,2,23.06,0.01
4,60.38,122,1.03,False,False,2,84.97,0.01
5,60.38,68,2.0,False,False,2,33.26,0.01
6,60.38,96,1.6,False,False,2,60.2,0.01
7,60.38,96,1.07,False,False,2,70.58,0.01
8,60.38,69,1.59,False,False,2,97.0,0.01
9,60.38,102,1.15,False,False,2,97.42,0.01
10,60.38,69,1.19,False,False,2,131.74,0.01
11,60.38,89,0.78,False,False,2,56.42,0.01
12,60.38,72,0.69,False,False,2,73.76,0.01
13,60.38,109,1.98,False,False,2,142.57,0.01
14,60.38,80,1.71,False,False,2,29.19,0.01
15,60.38,84,1.49,False,False,2,57.78,0.01
16,60.38,72,0.96,False,False,2,117.26,0.01
17,60.38,64,0.89,False,False,2,49.24,0.01
18,60.38,100,1.49,False,False,2,20.3,0.01
19,60.38,144,0.95,False,False,2,89.88,0.01
20,60.38,120,1.94,False,False,2,116.12,0.01
21,60.38,67,1.0,False,False,2,56.98,0.01
22,60.38,108,1.8,False,False,2,40.64,0.01
1,60.75,119,0.54,False,False,2,31.61,0.01
2,60.75,110,1.42,False,False,2,59.68,0.01
3,60.75,66,0.78,False,False,2,41.44,0.01
4,60.75,119,1.09,False,False,2,136.24,0.01
5,60.75,70,1.15,False,False,2,92.85,0.01
6,60.75,94,0.76,False,False,2,122.59,0.01
7,60.75,99,1.54,False,False,2,25.27,0.01
8,60.75,72,0.64,False,False,2,37.55,0.01
9,60.75,101,0.89,False,False,2,108.18,0.01
10,60.75,70,0.53,False,False,2,106.94,0.01
11,60.75,87,1.65,False,False,2,61.56,0.01
12,60.75,71,1.51,False,False,2,47.28,0.01
13,60.75,111,0.7,False,False,2,149.43,0.01
14,60.75,83,0.51,False,False,2,102.63,0.01
15,60.75,87,0.71,False,False,2,64.56,0.01
16,60.75,75,1.6,False,False,2,87.63,0.01
17,60.75,64,1.35,False,False,2,98.05,0.01
18,60.75,97,1.13,False,False,2,76.94,0.01
19,60.75,143,0.72,False,False,2,124.42,0.01
20,60.75,120,1.16,False,False,2,97.17,0.01
21,60.75,68,0.73,False,False,2,120.97,0.0
22,60.75,106,1.38,False,False,2,114.51,0.01
1,61.12,122,1.95,False,False,2,89.29,0.01
2,61.12,107,1.18,False,False,2,20.8,0.01
3,61.12,69,0.53,False,False,2,109.12,0.01
4,61.12,119,0.8,False,False,2,67.01,0.01
5,61.12,73,0.93,False,False,2,125.27,0.01
6,61.12,94,1.87,False,False,2,47.89,0.01
7,61.12,99,0.81,False,False,2,141.52,0.01
8,61.12,72,1.42,False,False,2,122.63,0.01
9,61.12,99,1.27,False,False,2,114.83,0.01
10,61.12,68,1.84,False,False,2,126.0,0.01
11,61.12,87,0.62,False,False,2,111.08,0.01
12,61.12,69,1.41,False,False,2,96.87,0.01
13,61.12,108,1.49,False,False,2,80.74,0.01
14,61.12,81,0.69,False,False,2,116.0,0.01
15,61.12,87,1.48,False,False,2,23.04,0.01
16,61.12,76,1.02,False,False,2,42.57,0.01
17,61.12,63,0.87,False,False,2,39.35,0.01
18,61.12,94,1.01,False,False,2,139.49,0.01
19,61.12,141,1.25,False,False,2,114.04,0.01
20,61.12,121,0.58,False,False,2,128.21,0.01
21,61.12,66,1.56,False,False,2,59.44,0.01
22,61.12,108,0.95,False,False,2,97.11,0.01
1,61.5,122,1.43,False,False,2,84.98,0.01
2,61.5,106,1.71,False,False,2,53.56,0.01
3,61.5,68,1.12,False,False,2,121.44,0.01
4,61.5,120,1.93,False,False,2,119.51,0.01
5,61.5,73,0.57,False,False,2,67.75,0.01
6,61.5,94,1.67,False,False,2,142.07,0.01
7,61.5,98,0.9,False,False,2,53.82,0.02
8,61.5,70,0.93,False,False,2,65.3,0.01
9,61.5,102,1.83,False,False,2,60.8,0.01
10,61.5,65,1.84,False,False,2,117.3,0.01
11,61.5,85,1.3,False,False,2,71.36,0.01
12,61.5,71,0.63,False,False,2,34.11,0.01
13,61.5,110,0.62,False,False,2,133.24,0.01
14,61.5,82,1.63,False,False,2,106.45,0.01
15,61.5,90,1.17,False,False,2,51.34,0.01
16,61.5,73,1.12,False,False,2,37.79,0.01
17,61.5,63,0.6,False,False,2,26.35,0.01
18,61.5,92,1.3,False,False,2,29.71,0.01
19,61.5,139,1.03,False,False,2,74.11,0.01
20,61.5,124,1.32,False,False,2,67.77,0.01
21,61.5,66,1.33,False,False,2,126.29,0.01
22,61.5,109,1.17,False,False,2,131.94,0.01
1,61.88,125,0.74,False,False,2,81.38,0.01
2,61.88,109,1.38,False,False,2,24.07,0.01
3,61.88,66,0.9,False,False,2,75.58,0.01
4,61.88,121,1.04,False,False,2,70.8,0.01
5,61.88,70,0.64,False,False,2,77.35,0.01
6,61.88,91,0.8,False,False,2,116.29,0.01
7,61.88,98,1.29,False,False,2,33.24,0.01
8,61.88,69,0.71,False,False,2,108.91,0.01
10,61.88,63,0.91,False,False,2,98.02,0.01
11,61.88,82,1.65,False,False,2,82.06,0.01
12,61.88,72,1.19,False,False,2,115.09,0.01
13,61.88,113,1.73,False,False,2,127.94,0.01
14,61.88,83,1.65,False,False,2,66.1,0.01
15,61.88,93,1.25,False,False,2,62.07,0.01
16,61.88,73,1.95,False,False,2,115.48,0.01
17,61.88,60,0.93,False,False,2,41.12,0.01
18,61.88,94,0.93,False,False,2,129.04,0.01
19,61.88,136,0.86,False,False,2,125.76,0.01
20,61.88,126,1.94,False,False,2,143.02,0.01
21,61.88,64,1.04,False,False,2,57.79,0.01
22,61.88,110,1.13,False,False,2,57.07,0.01
1,62.25,123,1.8,False,False,2,110.6,0.0
2,62.25,109,1.48,False,False,2,73.18,0.01
3,62.25,69,1.67,False,False,2,110.61,0.01
4,62.25,118,0.67,False,False,2,109.56,0.01
5,62.25,67,0.61,False,False,2,124.53,0.01
6,62.25,89,0.97,False,False,2,44.54,0.01
7,62.25,99,1.27,False,False,2,122.02,0.01
8,62.25,70,0.6,False,False,2,99.7,0.01
9,62.25,105,1.61,False,False,2,142.64,0.01
10,62.25,61,1.75,False,False,2,93.38,0.01
11,62.25,85,1.89,False,False,2,45.85,0.01
12,62.25,74,1.95,False,False,2,86.08,0.01
13,62.25,112,0.57,False,False,2,48.08,0.01
14,62.25,83,1.09,False,False,2,86.42,0.01
15,62.25,90,1.03,False,False,2,54.54,0.01
16,62.25,70,1.12,False,False,2,27.59,0.01
17,62.25,60,1.08,False,False,2,64.56,0.01
18,62.25,93,0.69,False,False,2,47.43,0.01
19,62.25,136,1.14,False,False,2,110.39,0.01
20,62.25,123,0.81,False,False,2,147.51,0.01
21,62.25,67,1.09,False,False,2,42.86,0.01
22,62.25,107,1.85,False,False,2,125.94,0.01
1,62.62,122,1.0,False,False,2,119.37,0.01
2,62.62,107,0.61,False,False,2,121.89,0.01
3,62.62,69,0.56,False,False,2,131.82,0.01
4,62.62,120,0.85,False,False,2,140.46,0.01
5,62.62,65,1.56,False,False,2,141.72,0.01
6,62.62,86,0.82,False,False,2,99.57,0.01
7,62.62,99,1.25,False,False,2,33.47,0.01
8,62.62,71,1.32,False,False,2,129.51,0.01
9,62.62,103,0.69,False,False,2,139.95,0.01
10,62.62,61,0.92,False,False,2,120.56,0.01
11,62.62,88,1.93,False,False,2,28.73,0.01
12,62.62,73,1.48,False,False,2,146.1,0.01
13,62.62,109,0.75,False,False,2,139.33,0.01
14,62.62,85,0.83,False,False,2,116.76,0.01
15,62.62,91,0.6,False,False,2,115.4,0.01
16,62.62,71,1.39,False,False,2,107.5,0.01
17,62.62,60,1.67,False,False,2,64.71,0.01
18,62.62,91,1.67,False,False,2,72.88,0.01
19,62.62,135,1.59,False,False,2,84.85,0.01
20,62.62,125,1.47,False,False,2,46.46,0.01
21,62.62,69,0.51,False,False,2,45.14,0.01
22,62.62,105,0.76,False,False,2,58.74,0.01
1,63.0,125,1.8,False,False,2,139.6,0.01
2,63.0,105,0.68,False,False,2,57.93,0.01
3,63.0,66,1.24,False,False,2,117.51,0.01
4,63.0,122,0.98,False,False,2,51.9,0.01
5,63.0,62,0.56,False,False,2,36.62,0.01
6,63.0,86,1.58,False,False,2,29.53,0.01
7,63.0,99,1.35,False,False,2,66.95,0.01
8,63.0,69,0.85,False,False,2,81.75,0.01
9,63.0,102,0.58,False,False,2,59.01,0.01
10,63.0,64,0.9,False,False,2,38.47,0.01
11,63.0,91,1.52,False,False,2,65.48,0.01
12,63.0,71,0.87,False,False,2,80.15,0.01
13,63.0,111,1.75,False,False,2,91.11,0.01
14,63.0,88,0.56,False,False,2,116.35,0.01
15,63.0,92,1.84,False,False,2,63.21,0.01
16,63.0,70,1.13,False,False,2,78.82,0.01
17,63.0,60,1.13,False,False,2,106.32,0.01
18,63.0,90,0.83,False,False,2,30.74,0.01
19,63.0,137,1.73,False,False,2,46.63,0.01
20,63.0,124,1.64,False,False,2,138.42,0.01
21,63.0,71,1.95,False,False,2,66.96,0.01
22,63.0,102,0.98,False,False,2,137.82,0.01
1,63.38,127,0.64,False,False,2,135.56,0.01
2,63.38,102,1.71,False,False,2,42.45,0.01
3,63.38,68,0.52,False,False,2,81.73,0.01
4,63.38,124,1.31,False,False,2,78.2,0.01
5,63.38,61,1.71,False,False,2,81.97,0.01
6,63.38,85,1.8,False,False,2,90.56,0.01
7,63.38,101,1.27,False,False,2,123.55,0.01
8,63.38,71,0.67,False,False,2,95.87,0.01
9,63.38,103,1.03,False,False,2,36.23,0.01
10,63.38,66,1.65,False,False,2,118.66,0.01
11,63.38,88,0.71,False,False,2,70.69,0.01
12,63.38,70,0.73,False,False,2,110.0,0.01
13,63.38,114,1.8,False,False,2,86.2,0.01
14,63.38,90,1.04,False,False,2,82.06,0.01
15,63.38,94,1.38,False,False,2,69.53,0.01
16,63.38,71,1.14,False,False,2,86.34,0.01
17,63.38,63,0.64,False,False,2,120.93,0.01
18,63.38,87,1.79,False,False,2,134.52,0.01
19,63.38,139,0.51,False,False,2,144.37,0.01
20,63.38,125,0.53,False,False,2,120.54,0.01
21,63.38,70,1.69,False,False,2,54.82,0.01
22,63.38,100,0.84,False,False,2,60.99,0.01
1,63.75,130,1.39,False,False,2,59.98,0.01
2,63.75,101,1.35,False,False,2,51.17,0.01
3,63.75,65,0.94,False,False,2,123.81,0.01
4,63.75,125,1.22,False,False,2,139.15,0.01
5,63.75,62,1.37,False,False,2,127.06,0.01
6,63.75,82,1.32,False,False,2,97.63,0.01
7,63.75,101,1.35,False,False,2,54.04,0.01
8,63.75,68,0.69,False,False,2,86.06,0.01
9,63.75,106,0.85,False,False,2,145.17,0.01
10,63.75,66,1.17,False,False,2,59.66,0.01
11,63.75,86,1.74,False,False,2,34.18,0.01
12,63.75,72,1.67,False,False,2,91.28,0.01
13,63.75,111,0.98,False,False,2,62.79,0.01
14,63.75,89,1.49,False,False,2,61.69,0.01
15,63.75,93,0.51,False,False,2,114.64,0.01
16,63.75,74,0.6,False,False,2,99.79,0.01
17,63.75,65,0.95,False,False,2,81.01,0.01
18,63.75,90,0.55,False,False,2,142.02,0.01
19,63.75,137,1.05,False,False,2,136.86,0.01
20,63.75,124,0.74,False,False,2,58.74,0.01
21,63.75,71,0.71,False,False,2,52.25,0.01
22,63.75,101,1.44,False,False,2,25.1,0.01
1,64.12,127,0.79,False,False,2,148.28,0.01
2,64.12,103,1.31,False,False,2,107.33,0.01
4,64.12,127,1.97,False,False,2,33.12,0.01
5,64.12,61,0.61,False,False,2,141.64,0.01
6,64.12,79,1.15,False,False,2,31.58,0.01
7,64.12,101,2.0,False,False,2,122.26,0.01
8,64.12,70,1.69,False,False,2,67.56,0.01
9,64.12,103,0.73,False,False,2,147.58,0.01
10,64.12,69,1.17,False,False,2,31.29,0.01
11,64.12,83,0.7,False,False,2,124.67,0.01
12,64.12,72,0.74,False,False,2,28.11,0.01
13,64.12,114,0.93,False,False,2,116.75,0.01
14,64.12,90,0.88,False,False,2,29.39,0.01
15,64.12,93,0.74,False,False,2,72.64,0.0
16,64.12,76,1.72,False,False,2,142.9,0.01
17,64.12,68,1.2,False,False,2,53.31,0.01
18,64.12,92,1.58,False,False,2,67.59,0.01
19,64.12,134,1.31,False,False,2,88.77,0.01
20,64.12,125,1.49,False,False,2,135.51,0.01
21,64.12,73,1.27,False,False,2,112.18,0.01
22,64.12,100,1.42,False,False,2,93.77,0.01
1,64.5,124,1.0,False,False,2,109.83,0.01
2,64.5,103,1.1,False,False,2,32.71,0.01
3,64.5,66,0.68,False,False,2,149.56,0.01
4,64.5,129,1.2,False,False,2,92.98,0.01
5,64.5,60,0.59,False,False,2,86.26,0.01
6,64.5,78,0.86,False,False,2,61.54,0.01
7,64.5,103,1.83,False,False,2,41.18,0.01
8,64.5,73,1.57,False,False,2,120.53,0.01
9,64.5,102,0.75,False,False,2,80.99,0.01
10,64.5,71,1.94,False,False,2,129.97,0.01
11,64.5,86,1.47,False,False,2,117.34,0.02
12,64.5,75,1.53,False,False,2,28.88,0.01
13,64.5,112,1.08,False,False,2,141.15,0.01
15,64.5,92,1.02,False,False,2,55.99,0.01
16,64.5,79,1.2,False,False,2,135.5,0.01
17,64.5,68,0.87,False,False,2,36.12,0.01
18,64.5,94,1.43,False,False,2,57.18,0.01
19,64.5,134,0.58,False,False,2,67.29,0.01
20,64.5,127,1.74,False,False,2,55.47,0.01
21,64.5,72,1.0,False,False,2,71.61,0.01
22,64.5,98,2.0,False,False,2,95.24,0.01
1,64.88,125,1.95,False,False,2,29.27,0.01
2,64.88,104,1.46,False,False,2,98.35,0.01
3,64.88,69,1.15,False,False,2,23.59,0.01
4,64.88,132,1.66,False,False,2,136.44,0.01
5,64.88,61,1.49,False,False,2,45.08,0.01
6,64.88,81,1.49,False,False,2,136.79,0.01
7,64.88,105,1.82,False,False,2,42.07,0.01
8,64.88,75,0.95,False,False,2,22.18,0.01
9,64.88,99,1.98,False,False,2,85.79,0.01
10,64.88,68,1.3,False,False,2,25.31,0.01
11,64.88,86,1.6,False,False,2,40.57,0.01
12,64.88,74,0.89,False,False,2,45.7,0.01
13,64.88,111,1.48,False,False,2,107.88,0.01
14,64.88,85,1.35,False,False,2,22.76,0.01
15,64.88,89,1.75,False,False,2,127.53,0.01
16,64.88,80,1.81,False,False,2,46.99,0.01
17,64.88,67,1.19,False,False,2,57.54,0.0
18,64.88,92,0.94,False,False,2,74.14,0.01
19,64.88,135,1.32,False,False,2,88.26,0.01
20,64.88,125,1.8,False,False,2,146.54,0.01
21,64.88,70,1.77,False,False,2,75.31,0.01
22,64.88,100,1.88,False,False,2,46.94,0.01
1,65.25,124,1.5,False,False,2,114.7,0.01
2,65.25,106,1.47,False,False,2,123.77,0.01
3,65.25,70,0.96,False,False,2,61.68,0.01
4,65.25,129,1.9,False,False,2,68.54,0.01
5,65.25,64,1.13,False,False,2,130.27,0.01
6,65.25,81,1.25,False,False,2,138.13,0.01
7,65.25,106,1.6,False,False,2,65.01,0.01
8,65.25,74,1.35,False,False,2,25.5,0.01
9,65.25,100,1.55,False,False,2,69.91,0.01
10,65.25,69,1.53,False,False,2,21.83,0.01
11,65.25,86,0.61,False,False,2,31.19,0.01
12,65.25,74,1.87,False,False,2,36.38,0.01
13,65.25,110,1.98,False,False,2,81.65,0.01
14,65.25,84,1.56,False,False,2,124.65,0.01
15,65.25,87,1.38,False,False,2,27.34,0.01
16,65.25,79,1.85,False,False,2,62.13,0.01
17,65.25,66,1.01,False,False,2,32.08,0.01
18,65.25,95,1.19,False,False,2,67.01,0.01
19,65.25,137,1.98,False,False,2,82.64,0.01
20,65.25,122,0.81,False,False,2,48.17,0.01
21,65.25,71,0.8,False,False,2,101.95,0.01
22,65.25,101,0.95,False,False,2,28.5,0.01
1,65.62,124,1.83,False,False,2,103.69,0.01
2,65.62,108,1.64,False,False,2,73.59,0.01
3,65.62,68,0.96,False,False,2,94.69,0.01
4,65.62,131,1.44,False,False,2,67.75,0.01
5,65.62,63,0.61,False,False,2,127.72,0.01
6,65.62,84,1.66,False,False,2,51.84,0.01
7,65.62,104,1.64,False,False,2,98.92,0.01
9,65.62,98,0.76,False,False,2,81.91,0.01
10,65.62,68,0.8,False,False,2,97.31,0.01
11,65.62,88,0.59,False,False,2,29.58,0.01
12,65.62,71,1.3,False,False,2,98.27,0.01
13,65.62,112,1.09,False,False,2,22.06,0.01
14,65.62,83,1.64,False,False,2,103.45,0.01
15,65.62,89,0.79,False,False,2,24.98,0.01
16,65.62,76,0.73,False,False,2,64.28,0.01
17,65.62,65,1.16,False,False,2,70.07,0.01
18,65.62,98,1.46,False,False,2,91.55,0.01
19,65.62,140,1.4,False,False,2,96.69,0.01
20,65.62,120,0.5,False,False,2,24.43,0.01
21,65.62,69,1.5,False,False,2,96.41,0.01
22,65.62,98,0.72,False,False,2,60.46,0.01
1,66.0,127,1.31,False,False,2,85.83,0.01
2,66.0,110,1.19,False,False,2,130.22,0.01
3,66.0,71,1.36,False,False,2,67.54,0.01
4,66.0,134,1.44,False,False,2,141.22,0.01
5,66.0,63,0.8,False,False,2,29.39,0.01
6,66.0,86,1.35,False,False,2,93.8,0.01
7,66.0,107,0.65,False,False,2,106.62,0.01
8,66.0,74,1.1,False,False,2,88.21,0.01
9,66.0,96,1.8,False,False,2,39.16,0.01
10,66.0,71,1.18,False,False,2,80.45,0.01
11,66.0,87,1.1,False,False,2,48.48,0.01
12,66.0,72,1.78,False,False,2,54.23,0.01
13,66.0,109,1.87,False,False,2,42.17,0.01
14,66.0,84,1.29,False,False,2,104.34,0.01
15,66.0,92,1.08,False,False,2,135.55,0.01
16,66.0,74,1.41,False,False,2,55.92,0.02
17,66.0,64,0.96,False,False,2,86.37,0.01
18,66.0,99,1.9,False,False,2,57.47,0.01
19,66.0,143,1.99,False,False,2,57.39,0.01
20,66.0,120,1.39,False,False,2,80.26,0.01
21,66.0,68,1.4,False,False,2,145.94,0.01
22,66.0,98,0.71,False,False,2,79.13,0.01
1,66.38,128,1.86,False,False,2,28.86,0.01
2,66.38,112,0.74,False,False,2,140.84,0.01
3,66.38,72,1.33,False,False,2,51.13,0.01
4,66.38,131,0.67,False,False,2,103.44,0.01
5,66.38,66,0.76,False,False,2,38.34,0.01
6,66.38,83,1.21,False,False,2,106.52,0.01
7,66.38,110,0.55,False,False,2,97.91,0.01
8,66.38,72,0.57,False,False,2,108.96,0.01
9,66.38,99,1.0,False,False,2,146.31,0.01
10,66.38,68,0.55,False,False,2,49.34,0.01
11,66.38,86,0.76,False,False,2,133.62,0.01
12,66.38,73,1.53,False,False,2,26.08,0.01
13,66.38,112,1.04,False,False,2,109.54,0.01
14,66.38,82,0.78,False,False,2,90.83,0.01
15,66.38,93,0.96,False,False,2,146.95,0.01
16,66.38,73,0.96,False,False,2,116.13,0.01
17,66.38,65,0.99,False,False,2,104.88,0.01
18,66.38,97,1.68,False,False,2,74.32,0.0
19,66.38,145,1.19,False,False,2,83.95,0.01
20,66.38,121,1.87,False,False,2,126.83,0.01
21,66.38,68,0.91,False,False,2,72.41,0.01
22,66.38,95,1.41,False,False,2,91.28,0.01
1,66.75,130,0.76,False,False,2,69.2,0.01
2,66.75,111,0.65,False,False,2,29.65,0.01
3,66.75,70,1.31,False,False,2,122.15,0.01
4,66.75,129,1.55,False,False,2,84.47,0.01
5,66.75,67,0.76,False,False,2,71.78,0.01
6,66.75,80,1.33,False,False,2,59.42,0.01
7,66.75,108,1.88,False,False,2,80.81,0.01
8,66.75,73,1.12,False,False,2,74.7,0.01
9,66.75,96,1.48,False,False,2,86.26,0.01
10,66.75,66,0.71,False,False,2,114.92,0.01
11,66.75,83,1.06,False,False,2,72.49,0.01
12,66.75,71,1.21,False,False,2,28.51,0.01
13,66.75,113,1.07,False,False,2,28.09,0.0
14,66.75,81,1.18,False,False,2,95.11,0.01
15,66.75,96,1.74,False,False,2,43.26,0.01
16,66.75,76,0.69,False,False,2,147.2,0.01
17,66.75,68,1.03,False,False,2,85.3,0.01
18,66.75,96,1.66,False,False,2,43.77,0.01
19,66.75,146,0.99,False,False,2,100.06,0.01
20,66.75,121,0.79,False,False,2,47.78,0.01
21,66.75,65,1.61,False,False,2,21.59,0.01
22,66.75,93,1.11,False,False,2,134.74,0.01
1,67.12,132,1.27,False,False,2,122.67,0.01
2,67.12,113,0.52,False,False,2,84.11,0.01
3,67.12,67,1.2,False,False,2,62.94,0.02
4,67.12,127,1.58,False,False,2,49.55,0.01
5,67.12,69,0.77,False,False,2,102.56,0.01
6,67.12,80,1.81,False,False,2,28.47,0.01
7,67.12,107,1.52,False,False,2,34.0,0.01
8,67.12,73,0.91,False,False,2,98.37,0.01
9,67.12,99,0.77,False,False,2,147.32,0.01
10,67.12,64,1.26,False,False,2,102.75,0.01
11,67.12,84,1.84,False,False,2,123.51,0.01
12,67.12,72,0.65,False,False,2,43.03,0.01
13,67.12,114,0.98,False,False,2,111.46,0.01
14,67.12,78,0.82,False,False,2,77.76,0.01
15,67.12,98,0.95,False,False,2,23.01,0.01
16,67.12,73,1.96,False,False,2,30.09,0.01
17,67.12,66,1.43,False,False,2,125.83,0.01
18,67.12,95,0.84,False,False,2,26.73,0.01
20,67.12,122,1.24,False,False,2,133.49,0.01
21,67.12,68,0.97,False,False,2,133.02,0.01
22,67.12,91,1.79,False,False,2,137.71,0.01
1,67.5,130,0.54,False,False,2,139.34,0.01
2,67.5,111,1.81,False,False,2,49.06,0.01
3,67.5,70,0.59,False,False,2,114.17,0.01
4,67.5,126,1.62,False,False,2,149.21,0.01
5,67.5,71,0.59,False,False,2,98.08,0.01
6,67.5,80,1.05,False,False,2,82.23,0.01
7,67.5,108,0.66,False,False,2,44.26,0.01
8,67.5,76,0.87,False,False,2,102.19,0.01
9,67.5,98,0.81,False,False,2,116.78,0.01
10,67.5,64,1.35,False,False,2,53.26,0.01
11,67.5,86,1.86,False,False,2,31.97,0.01
12,67.5,72,1.97,False,False,2,127.22,0.01
13,67.5,112,1.33,False,False,2,33.15,0.01
14,67.5,75,0.9,False,False,2,146.09,0.01
15,67.5,101,1.1,False,False,2,88.3,0.01
16,67.5,75,1.49,False,False,2,70.18,0.01
17,67.5,64,0.96,False,False,2,87.63,0.01
18,67.5,96,1.59,False,False,2,64.01,0.01
19,67.5,142,1.81,False,False,2,74.58,0.01
20,67.5,125,1.41,False,False,2,83.61,0.01
21,67.5,70,0.51,False,False,2,102.43,0.01
22,67.5,92,1.44,False,False,2,87.82,0.01
1,67.88,132,1.05,False,False,2,121.43,0.01
2,67.88,109,1.68,False,False,2,97.67,0.01
3,67.88,73,1.3,False,False,2,128.69,0.01
4,67.88,127,0.97,False,False,2,127.19,0.01
5,67.88,73,1.59,False,False,2,35.88,0.01
6,67.88,83,0.75,False,False,2,52.35,0.01
7,67.88,107,1.09,False,False,2,123.37,0.01
8,67.88,76,1.78,False,False,2,105.43,0.01
9,67.88,100,0.78,False,False,2,108.29,0.01
10,67.88,65,1.87,False,False,2,63.91,0.01
11,67.88,84,1.81,False,False,2,82.57,0.01
12,67.88,71,1.18,False,False,2,40.18,0.01
13,67.88,109,1.72,False,False,2,40.4,0.01
14,67.88,77,1.2,False,False,2,126.43,0.01
15,67.88,98,1.42,False,False,2,76.51,0.01
17,67.88,67,0.56,False,False,2,137.18,0.01
18,67.88,98,0.82,False,False,2,128.59,0.01
19,67.88,143,1.85,False,False,2,25.68,0.0
20,67.88,122,1.62,False,False,2,110.02,0.01
21,67.88,72,1.03,False,False,2,92.0,0.0
22,67.88,92,0.53,False,False,2,74.86,0.01
1,68.25,131,1.7,False,False,2,51.72,0.01
2,68.25,108,1.05,False,False,2,31.89,0.01
4,68.25,124,1.81,False,False,2,90.82,0.01
5,68.25,75,0.95,False,False,2,72.63,0.01
6,68.25,81,1.61,False,False,2,65.84,0.01
7,68.25,108,1.21,False,False,2,77.28,0.01
8,68.25,76,1.74,False,False,2,59.83,0.01
9,68.25,99,1.35,False,False,2,54.75,0.01
10,68.25,66,1.81,False,False,2,81.84,0.01
11,68.25,87,1.75,False,False,2,100.68,0.01
12,68.25,74,0.76,False,False,2,33.52,0.01
13,68.25,110,1.64,False,False,2,67.94,0.01
14,68.25,76,0.63,False,False,2,27.64,0.01
15,68.25,96,0.88,False,False,2,79.11,0.01
16,68.25,75,0.76,False,False,2,103.32,0.01
18,68.25,101,1.99,False,False,2,92.74,0.01
19,68.25,140,1.73,False,False,2,137.63,0.01
20,68.25,122,0.96,False,False,2,35.46,0.01
21,68.25,74,0.63,False,False,2,36.08,0.01
22,68.25,94,1.74,False,False,2,23.1,0.01
1,68.62,133,1.73,False,False,2,121.39,0.01
2,68.62,107,1.28,False,False,2,104.79,0.01
3,68.62,75,1.39,False,False,2,137.24,0.01
4,68.62,121,0.72,False,False,2,65.71,0.01
5,68.62,75,1.53,False,False,2,34.2,0.01
6,68.62,82,1.79,False,False,2,30.63,0.01
7,68.62,108,1.54,False,False,2,109.46,0.01
8,68.62,79,1.93,False,False,2,136.98,0.01
9,68.62,96,0.74,False,False,2,115.4,0.01
10,68.62,68,1.76,False,False,2,114.26,0.01
11,68.62,88,1.22,False,False,2,148.03,0.01
12,68.62,76,0.85,False,False,2,75.13,0.01
13,68.62,107,0.62,False,False,2,72.6,0.01
14,68.62,78,1.24,False,False,2,22.1,0.01
15,68.62,97,1.97,False,False,2,107.89,0.01
16,68.62,74,0.53,False,False,2,62.51,0.01
17,68.62,69,0.76,False,False,2,129.96,0.01
18,68.62,100,1.01,False,False,2,69.85,0.01
19,68.62,140,1.46,False,False,2,116.07,0.01
20,68.62,125,1.1,False,False,2,119.68,0.01
21,68.62,76,0.62,False,False,2,84.03,0.01
22,68.62,94,1.83,False,False,2,104.77,0.01
1,69.0,136,0.63,False,False,2,63.01,0.01
2,69.0,110,1.6,False,False,2,90.92,0.01
3,69.0,75,1.81,False,False,2,83.74,0.01
4,69.0,124,1.93,False,False,2,66.78,0.01
5,69.0,77,1.82,False,False,2,146.86,0.01
6,69.0,82,0.76,False,False,2,100.24,0.01
7,69.0,108,0.93,False,False,2,86.28,0.01
8,69.0,80,0.55,False,False,2,145.21,0.01
10,69.0,71,1.97,False,False,2,121.51,0.01
11,69.0,91,1.18,False,False,2,87.32,0.01
12,69.0,79,1.2,False,False,2,85.05,0.01
13,69.0,109,0.56,False,False,2,142.18,0.01
14,69.0,78,1.88,False,False,2,117.0,0.01
15,69.0,99,1.33,False,False,2,26.35,0.01
16,69.0,71,1.31,False,False,2,80.34,0.01
17,69.0,72,1.03,False,False,2,110.09,0.01
18,69.0,100,1.51,False,False,2,100.37,0.01
19,69.0,140,0.99,False,False,2,116.5,0.01
20,69.0,122,1.16,False,False,2,24.87,0.01
21,69.0,74,0.88,False,False,2,38.57,0.01
22,69.0,95,0.79,False,False,2,105.26,0.01
1,69.38,133,1.75,False,False,2,128.63,0.01
2,69.38,111,1.68,False,False,2,23.73,0.01
3,69.38,75,1.8,False,False,2,110.63,0.01
4,69.38,125,0.85,False,False,2,80.05,0.01
5,69.38,79,1.36,False,False,2,127.45,0.01
6,69.38,83,1.13,False,False,2,76.68,0.01
7,69.38,110,1.04,False,False,2,84.49,0.01
8,69.38,81,1.67,False,False,2,31.44,0.01
9,69.38,98,1.33,False,False,2,131.74,0.01
10,69.38,68,1.96,False,False,2,149.04,0.01
11,69.38,93,0.68,False,False,2,65.8,0.01
12,69.38,82,1.19,False,False,2,46.65,0.01
13,69.38,112,0.58,False,False,2,79.27,0.01
14,69.38,76,0.66,False,False,2,87.48,0.01
15,69.38,100,1.93,False,False,2,79.14,0.01
16,69.38,74,1.4,False,False,2,120.95,0.0
17,69.38,73,1.0,False,False,2,74.14,0.01
18,69.38,103,0.95,False,False,2,111.04,0.01
19,69.38,140,0.74,False,False,2,131.38,0.01
20,69.38,122,1.36,False,False,2,131.61,0.01
21,69.38,74,1.73,False,False,2,30.96,0.01
22,69.38,94,1.5,False,False,2,70.97,0.01
1,69.75,136,1.89,False,False,2,62.52,0.01
2,69.75,108,1.88,False,False,2,128.52,0.0
3,69.75,75,1.52,False,False,2,142.74,0.01
4,69.75,128,0.63,False,False,2,31.72,0.01
5,69.75,80,0.92,False,False,2,31.93,0.01
6,69.75,85,1.07,False,False,2,77.97,0.01
7,69.75,111,1.24,False,False,2,134.67,0.01
8,69.75,78,1.17,False,False,2,134.85,0.01
9,69.75,95,1.87,False,False,2,76.08,0.01
10,69.75,66,1.08,False,False,2,100.26,0.01
11,69.75,92,0.97,False,False,2,132.27,0.01
12,69.75,79,1.53,False,False,2,76.81,0.01
13,69.75,109,0.67,False,False,2,115.56,0.01
14,69.75,76,1.99,False,False,2,102.71,0.01
15,69.75,98,1.18,False,False,2,61.41,0.01
16,69.75,71,1.87,False,False,2,130.34,0.01
17,69.75,73,1.39,False,False,2,66.0,0.01
18,69.75,100,1.95,False,False,2,72.5,0.01
19,69.75,138,0.63,False,False,2,51.02,0.01
20,69.75,122,0.9,False,False,2,142.55,0.01
21,69.75,74,0.61,False,False,2,32.01,0.01
22,69.75,96,1.36,False,False,2,94.93,0.01
1,70.12,139,1.54,False,False,2,90.38,0.01
2,70.12,105,1.27,False,False,2,20.83,0.01
3,70.12,77,0.95,False,False,2,73.81,0.01
4,70.12,127,1.08,False,False,2,64.81,0.01
5,70.12,77,1.08,False,False,2,114.73,0.01
6,70.12,83,1.29,False,False,2,71.79,0.01
7,70.12,110,1.37,False,False,2,139.65,0.01
8,70.12,80,1.37,False,False,2,97.69,0.01
9,70.12,94,0.94,False,False,2,58.09,0.01
10,70.12,64,1.95,False,False,2,117.07,0.01
11,70.12,91,0.91,False,False,2,30.85,0.01
12,70.12,82,1.81,False,False,2,122.24,0.01
13,70.12,107,1.91,False,False,2,65.47,0.01
14,70.12,77,0.86,False,False,2,98.49,0.01
15,70.12,97,0.69,False,False,2,127.46,0.01
16,70.12,70,1.35,False,False,2,145.74,0.01
17,70.12,74,1.03,False,False,2,109.95,0.01
18,70.12,101,1.76,False,False,2,22.37,0.01
19,70.12,141,1.47,False,False,2,148.34,0.01
20,70.12,124,1.69,False,False,2,69.77,0.01
21,70.12,71,1.82,False,False,2,95.88,0.01
22,70.12,93,1.93,False,False,2,77.14,0.01
1,70.5,140,1.38,False,False,2,21.64,0.01
2,70.5,103,2.0,False,False,2,80.85,0.0
3,70.5,76,1.93,False,False,2,87.92,0.01
4,70.5,129,1.48,False,False,2,38.58,0.01
6,70.5,83,0.88,False,False,2,74.87,0.01
7,70.5,109,0.84,False,False,2,100.96,0.01
8,70.5,80,1.63,False,False,2,107.18,0.01
9,70.5,93,1.37,False,False,2,22.96,0.01
10,70.5,66,1.15,False,False,2,62.84,0.01
11,70.5,93,0.99,False,False,2,138.93,0.01
12,70.5,79,1.53,False,False,2,57.02,0.01
13,70.5,105,0.58,False,False,2,64.96,0.01
14,70.5,78,1.39,False,False,2,49.7,0.01
15,70.5,97,0.65,False,False,2,24.45,0.01
16,70.5,69,0.55,False,False,2,137.77,0.01
17,70.5,71,1.69,False,False,2,63.41,0.01
18,70.5,103,1.72,False,False,2,139.26,0.01
19,70.5,142,1.45,False,False,2,107.05,0.01
20,70.5,123,1.64,False,False,2,99.44,0.01
21,70.5,74,1.12,False,False,2,66.55,0.01
22,70.5,94,0.91,False,False,2,80.57,0.01
1,70.88,140,0.53,False,False,2,114.87,0.01
2,70.88,105,1.74,False,False,2,90.65,0.01
3,70.88,78,0.99,False,False,2,80.53,0.01
4,70.88,128,1.32,False,False,2,39.74,0.01
5,70.88,80,1.14,False,False,2,79.33,0.0
7,70.88,109,0.76,False,False,2,98.86,0.0
8,70.88,79,1.7,False,False,2,31.49,0.01
9,70.88,96,0.86,False,False,2,56.75,0.01
10,70.88,63,0.68,False,False,2,97.4,0.01
11,70.88,96,1.02,False,False,2,130.9,0.01
12,70.88,79,1.94,False,False,2,134.47,0.01
13,70.88,105,1.71,False,False,2,138.33,0.01
14,70.88,81,0.59,False,False,2,78.43,0.01
15,70.88,100,0.76,False,False,2,21.02,0.01
16,70.88,72,1.99,False,False,2,149.03,0.01
17,70.88,69,1.89,False,False,2,77.89,0.01
18,70.88,103,1.78,False,False,2,120.78,0.01
19,70.88,141,1.88,False,False,2,33.83,0.01
20,70.88,121,1.75,False,False,2,51.96,0.01
21,70.88,76,1.88,False,False,2,38.08,0.01
22,70.88,91,1.65,False,False,2,113.19,0.01
1,71.25,140,0.84,False,False,2,76.34,0.01
2,71.25,102,1.72,False,False,2,135.31,0.01
3,71.25,81,1.53,False,False,2,78.41,0.01
4,71.25,131,1.65,False,False,2,103.0,0.01
5,71.25,81,1.01,False,False,2,105.59,0.01
6,71.25,87,1.2,False,False,2,65.93,0.01
7,71.25,109,1.64,False,False,2,62.37,0.01
8,71.25,77,1.57,False,False,2,33.73,0.01
9,71.25,97,1.1,False,False,2,93.25,0.01
10,71.25,62,1.09,False,False,2,48.83,0.0
11,71.25,93,0.75,False,False,2,59.28,0.01
12,71.25,76,1.54,False,False,2,98.78,0.01
13,71.25,104,1.44,False,False,2,91.6,0.01
14,71.25,84,1.43,False,False,2,118.23,0.01
15,71.25,102,1.64,False,False,2,88.14,0.01
16,71.25,71,0.73,False,False,2,74.94,0.01
17,71.25,71,0.93,False,False,2,94.76,0.01
18,71.25,101,1.93,False,False,2,77.54,0.01
19,71.25,138,0.76,False,False,2,27.64,0.01
20,71.25,123,1.8,False,False,2,85.55,0.01
21,71.25,75,0.69,False,False,2,88.02,0.01
22,71.25,91,0.94,False,False,2,28.35,0.01
1,71.62,140,1.31,False,False,2,104.32,0.01
2,71.62,101,1.13,False,False,2,109.9,0.01
3,71.62,83,1.44,False,False,2,56.54,0.01
4,71.62,131,0.58,False,False,2,58.73,0.01
5,71.62,80,0.84,False,False,2,63.7,0.01
6,71.62,86,1.46,False,False,2,132.81,0.01
7,71.62,111,1.83,False,False,2,113.8,0.01
8,71.62,79,1.36,False,False,2,33.06,0.01
9,71.62,98,1.27,False,False,2,76.27,0.01
10,71.62,61,0.7,False,False,2,139.36,0.01
11,71.62,94,0.59,False,False,2,51.84,0.01
12,71.62,78,1.69,False,False,2,24.74,0.01
13,71.62,101,0.67,False,False,2,34.0,0.01
14,71.62,87,1.67,False,False,2,75.49,0.01
15,71.62,99,0.82,False,False,2,119.03,0.01
16,71.62,71,1.59,False,False,2,78.51,0.01
17,71.62,74,0.78,False,False,2,70.38,0.01
18,71.62,103,1.94,False,False,2,86.02,0.01
19,71.62,139,1.51,False,False,2,46.29,0.01
20,71.62,120,1.75,False,False,2,25.85,0.01
21,71.62,78,1.79,False,False,2,80.39,0.01
22,71.62,94,1.68,False,False,2,50.42,0.01
1,72.0,139,0.74,False,False,2,92.44,0.01
2,72.0,103,0.79,False,False,2,36.44,0.01
3,72.0,83,0.78,False,False,2,82.48,0.01
4,72.0,131,1.53,False,False,2,134.3,0.01
5,72.0,78,0.57,False,False,2,144.51,0.01
6,72.0,83,1.28,False,False,2,32.27,0.01
7,72.0,111,1.92,False,False,2,41.67,0.01
8,72.0,79,1.2,False,False,2,127.7,0.01
9,72.0,98,1.31,False,False,2,143.54,0.01
10,72.0,60,0.78,False,False,2,124.48,0.01
11,72.0,94,1.78,False,False,2,45.97,0.01
12,72.0,77,0.55,False,False,2,114.77,0.01
13,72.0,98,1.34,False,False,2,36.91,0.01
14,72.0,84,1.83,False,False,2,101.89,0.01
15,72.0,101,0.91,False,False,2,141.36,0.01
16,72.0,74,1.98,False,False,2,73.59,0.01
17,72.0,71,0.78,False,False,2,85.92,0.01
18,72.0,104,1.15,False,False,2,72.5,0.01
19,72.0,138,1.47,False,False,2,85.65,0.01
20,72.0,119,0.99,False,False,2,103.44,0.01
21,72.0,78,0.53,False,False,2,35.04,0.01
22,72.0,96,1.6,False,False,2,24.65,0.01
1,72.38,141,1.11,False,False,2,133.32,0.01
2,72.38,106,1.46,False,False,2,54.35,0.01
3,72.38,83,1.78,False,False,2,47.97,0.01
4,72.38,131,1.31,False,False,2,35.87,0.01
5,72.38,79,1.7,False,False,2,58.28,0.01
6,72.38,82,1.2,False,False,2,89.98,0.01
7,72.38,113,0.77,False,False,2,131.58,0.01
8,72.38,80,0.59,False,False,2,48.77,0.01
9,72.38,99,1.98,False,False,2,130.6,0.01
10,72.38,60,0.81,False,False,2,78.97,0.01
11,72.38,95,1.72,False,False,2,141.95,0.01
12,72.38,76,0.7,False,False,2,27.74,0.01
13,72.38,100,1.09,False,False,2,130.09,0.01
14,72.38,85,1.51,False,False,2,52.11,0.01
15,72.38,104,1.15,False,False,2,68.0,0.01
16,72.38,72,1.93,False,False,2,86.79,0.01
17,72.38,69,0.78,False,False,2,77.98,0.01
18,72.38,102,1.57,False,False,2,26.89,0.01
19,72.38,141,1.76,False,False,2,91.67,0.01
20,72.38,116,0.74,False,False,2,64.24,0.01
21,72.38,75,1.1,False,False,2,131.31,0.01
22,72.38,99,1.3,False,False,2,44.2,0.01
1,72.75,143,1.73,False,False,2,28.96,0.01
2,72.75,103,1.69,False,False,2,31.47,0.01
3,72.75,82,1.78,False,False,2,78.94,0.01
4,72.75,132,1.25,False,False,2,34.74,0.01
5,72.75,78,1.13,False,False,2,60.3,0.01
6,72.75,82,1.0,False,False,2,72.55,0.01
7,72.75,115,1.17,False,False,2,130.26,0.01
8,72.75,78,1.92,False,False,2,87.26,0.01
9,72.75,102,1.13,False,False,2,110.85,0.01
10,72.75,62,1.75,False,False,2,88.21,0.01
11,72.75,96,1.83,False,False,2,27.44,0.01
12,72.75,76,1.76,False,False,2,105.08,0.01
13,72.75,97,1.18,False,False,2,128.55,0.01
14,72.75,85,1.41,False,False,2,43.56,0.01
15,72.75,106,0.9,False,False,2,128.86,0.01
16,72.75,73,1.02,False,False,2,72.72,0.01
17,72.75,69,0.93,False,False,2,76.26,0.01
18,72.75,103,0.85,False,False,2,81.46,0.01
19,72.75,138,1.79,False,False,2,119.62,0.01
20,72.75,119,1.79,False,False,2,88.75,0.01
21,72.75,76,1.69,False,False,2,103.15,0.01
22,72.75,96,0.56,False,False,2,138.56,0.01
1,73.12,143,0.86,False,False,2,95.36,0.01
2,73.12,104,1.4,False,False,2,113.66,0.01
3,73.12,83,1.94,False,False,2,139.9,0.01
5,73.12,80,1.35,False,False,2,30.63,0.01
6,73.12,81,0.53,False,False,2,42.6,0.01
7,73.12,114,1.39,False,False,2,75.02,0.01
8,73.12,79,1.84,False,False,2,28.62,0.01
9,73.12,101,1.91,False,False,2,32.21,0.01
10,73.12,61,0.83,False,False,2,106.55,0.01
11,73.12,98,0.67,False,False,2,121.04,0.01
12,73.12,74,1.0,False,False,2,31.69,0.01
13,73.12,97,0.76,False,False,2,21.06,0.01
14,73.12,84,0.84,False,False,2,56.02,0.01
15,73.12,105,1.23,False,False,2,31.68,0.01
16,73.12,76,1.48,False,False,2,99.86,0.01
17,73.12,71,1.91,False,False,2,62.49,0.01
18,73.12,104,1.67,False,False,2,97.23,0.01
19,73.12,135,1.36,False,False,2,94.12,0.01
20,73.12,119,0.75,False,False,2,52.51,0.01
21,73.12,79,1.11,False,False,2,49.24,0.01
22,73.12,97,1.79,False,False,2,39.08,0.01
1,73.5,140,1.22,False,False,2,72.81,0.01
2,73.5,107,1.0,False,False,2,30.6,0.01
3,73.5,83,0.88,False,False,2,51.91,0.01
4,73.5,133,0.9,False,False,2,37.37,0.01
5,73.5,81,1.21,False,False,2,50.93,0.01
6,73.5,84,1.27,False,False,2,66.6,0.01
7,73.5,111,1.57,False,False,2,56.68,0.01
8,73.5,79,0.7,False,False,2,74.02,0.01
9,73.5,99,1.35,False,False,2,91.08,0.01
10,73.5,60,1.03,False,False,2,99.01,0.01
11,73.5,100,1.79,False,False,2,115.12,0.01
12,73.5,74,0.73,False,False,2,30.95,0.01
13,73.5,98,1.14,False,False,2,87.8,0.01
14,73.5,82,0.79,False,False,2,54.83,0.01
15,73.5,103,1.76,False,False,2,121.99,0.01
16,73.5,77,0.94,False,False,2,98.94,0.01
17,73.5,74,1.56,False,False,2,106.24,0.01
18,73.5,101,1.24,False,False,2,107.73,0.01
19,73.5,136,1.79,False,False,2,129.66,0.01
20,73.5,120,0.86,False,False,2,132.47,0.01
21,73.5,80,0.56,False,False,2,135.16,0.01
22,73.5,97,1.52,False,False,2,31.39,0.01
1,73.88,138,0.71,False,False,2,141.04,0.01
2,73.88,106,1.7,False,False,2,35.32,0.01
3,73.88,80,1.61,False,False,2,78.17,0.01
4,73.88,133,1.57,False,False,2,108.83,0.01
5,73.88,80,0.83,False,False,2,138.82,0.01
6,73.88,82,1.76,False,False,2,66.92,0.01
7,73.88,112,1.97,False,False,2,105.95,0.01
8,73.88,76,0.96,False,False,2,133.66,0.01
9,73.88,98,1.73,False,False,2,120.41,0.01
10,73.88,63,0.83,False,False,2,137.55,0.01
11,73.88,97,1.36,False,False,2,78.08,0.01
12,73.88,75,1.18,False,False,2,95.28,0.01
13,73.88,96,0.71,False,False,2,81.16,0.01
14,73.88,83,1.13,False,False,2,147.13,0.01
15,73.88,104,1.53,False,False,2,128.35,0.01
16,73.88,76,0.78,False,False,2,141.22,0.01
17,73.88,76,1.37,False,False,2,149.42,0.01
18,73.88,98,0.65,False,False,2,97.11,0.01
19,73.88,138,0.5,False,False,2,27.83,0.01
20,73.88,121,0.55,False,False,2,58.01,0.01
21,73.88,82,0.73,False,False,2,20.07,0.01
22,73.88,98,1.3,False,False,2,66.48,0.01
1,74.25,140,0.92,False,False,2,24.79,0.01
2,74.25,103,0.96,False,False,2,126.29,0.01
3,74.25,82,1.63,False,False,2,69.3,0.01
4,74.25,132,1.69,False,False,2,58.53,0.01
5,74.25,77,1.74,False,False,2,35.18,0.01
6,74.25,85,1.97,False,False,2,47.77,0.01
7,74.25,111,1.31,False,False,2,58.91,0.01
8,74.25,79,0.71,False,False,2,38.29,0.01
9,74.25,101,0.75,False,False,2,53.54,0.01
10,74.25,64,1.89,False,False,2,82.29,0.01
11,74.25,99,1.1,False,False,2,84.3,0.01
12,74.25,75,1.39,False,False,2,79.1,0.01
13,74.25,94,1.11,False,False,2,39.3,0.01
14,74.25,82,1.88,False,False,2,63.98,0.01
15,74.25,105,1.72,False,False,2,62.86,0.01
16,74.25,78,0.65,False,False,2,46.44,0.01
17,74.25,73,1.87,False,False,2,98.0,0.01
18,74.25,99,0.79,False,False,2,56.45,0.01
19,74.25,136,1.44,False,False,2,95.36,0.01
20,74.25,121,0.66,False,False,2,143.74,0.01
21,74.25,84,1.35,False,False,2,39.49,0.01
22,74.25,98,1.92,False,False,2,135.56,0.01
1,74.62,141,1.48,False,False,2,51.04,0.01
2,74.62,100,1.29,False,False,2,71.49,0.01
3,74.62,81,1.11,False,False,2,131.84,0.01
4,74.62,135,1.53,False,False,2,107.79,0.01
5,74.62,77,0.6,False,False,2,131.65,0.01
6,74.62,88,1.26,False,False,2,37.54,0.01
7,74.62,108,1.91,False,False,2,136.76,0.01
8,74.62,77,1.22,False,False,2,61.85,0.01
9,74.62,101,0.9,False,False,2,128.74,0.01
10,74.62,64,1.33,False,False,2,39.15,0.01
11,74.62,98,1.34,False,False,2,47.23,0.01
12,74.62,72,1.68,False,False,2,23.22,0.01
13,74.62,96,0.72,False,False,2,136.55,0.01
14,74.62,82,1.14,False,False,2,45.19,0.01
15,74.62,106,0.81,False,False,2,129.59,0.01
16,74.62,79,0.55,False,False,2,37.95,0.01
17,74.62,72,1.01,False,False,2,84.81,0.01
18,74.62,97,1.72,False,False,2,62.15,0.01
19,74.62,139,1.93,False,False,2,68.27,0.01
20,74.62,123,1.2,False,False,2,116.64,0.01
21,74.62,86,2.0,False,False,2,22.71,0.01
22,74.62,95,0.76,False,False,2,127.44,0.01
1,75.0,138,1.25,False,False,2,48.69,0.01
2,75.0,100,1.91,False,False,2,87.06,0.01
3,75.0,78,0.78,False,False,2,125.69,0.01
4,75.0,137,0.51,False,False,2,125.09,0.01
5,75.0,79,1.21,False,False,2,127.46,0.01
6,75.0,90,1.67,False,False,2,97.2,0.01
7,75.0,108,0.83,False,False,2,58.03,0.01
8,75.0,77,1.25,False,False,2,40.7,0.01
9,75.0,98,1.62,False,False,2,107.27,0.01
10,75.0,67,1.52,False,False,2,69.37,0.01
11,75.0,100,0.99,False,False,2,72.82,0.01
12,75.0,74,0.93,False,False,2,134.08,0.01
13,75.0,95,1.98,False,False,2,44.55,0.01
14,75.0,82,1.0,False,False,2,95.49,0.01
15,75.0,106,1.47,False,False,2,144.38,0.01
16,75.0,80,0.99,False,False,2,58.3,0.01
17,75.0,72,1.26,False,False,2,135.34,0.01
18,75.0,99,1.89,False,False,2,65.16,0.01
19,75.0,141,1.45,False,False,2,22.4,0.01
20,75.0,124,1.82,False,False,2,88.55,0.01
21,75.0,84,1.75,False,False,2,140.07,0.01
22,75.0,92,1.27,False,False,2,116.19,0.01
1,75.38,141,1.7,False,False,2,139.34,0.01
2,75.38,99,0.77,False,False,2,47.44,0.01
3,75.38,76,1.4,False,False,2,66.97,0.01
4,75.38,139,0.87,False,False,2,126.44,0.01
5,75.38,81,0.98,False,False,2,62.35,0.01
6,75.38,87,1.76,False,False,2,26.66,0.01
7,75.38,106,1.33,False,False,2,72.92,0.01
8,75.38,77,1.14,False,False,2,69.39,0.01
9,75.38,98,0.75,False,False,2,112.63,0.01
10,75.38,67,0.93,False,False,2,108.86,0.01
11,75.38,98,1.38,False,False,2,126.52,0.01
12,75.38,77,1.08,False,False,2,54.79,0.01
13,75.38,95,1.12,False,False,2,87.72,0.01
14,75.38,82,1.73,False,False,2,110.12,0.01
15,75.38,109,1.44,False,False,2,110.51,0.01
16,75.38,77,0.61,False,False,2,113.4,0.01
17,75.38,73,1.96,False,False,2,46.44,0.01
18,75.38,102,0.91,False,False,2,38.27,0.01
19,75.38,142,11.28,True,False,1,37.08,0.01
20,75.38,123,0.71,False,False,2,57.02,0.01
21,75.38,86,0.69,False,False,2,70.47,0.01
22,75.38,92,1.35,False,False,2,119.83,0.01
1,75.75,141,0.78,False,False,2,20.07,0.01
2,75.75,102,0.84,False,False,2,134.25,0.01
3,75.75,75,1.03,False,False,2,43.9,0.01
4,75.75,139,1.76,False,False,2,139.45,0.01
5,75.75,80,1.06,False,False,2,125.47,0.01
6,75.75,84,1.18,False,False,2,147.93,0.01
7,75.75,108,1.06,False,False,2,68.59,0.0
8,75.75,77,1.12,False,False,2,54.97,0.01
9,75.75,96,1.49,False,False,2,46.16,0.01
10,75.75,69,0.77,False,False,2,29.93,0.01
11,75.75,100,1.58,False,False,2,100.67,0.01
13,75.75,97,1.16,False,False,2,26.6,0.01
14,75.75,81,1.17,False,False,2,126.7,0.01
15,75.75,108,0.78,False,False,2,65.61,0.01
16,75.75,79,1.22,False,False,2,88.82,0.01
17,75.75,70,1.57,False,False,2,65.77,0.01
18,75.75,99,0.98,False,False,2,94.79,0.01
19,75.75,140,0.77,False,False,2,143.11,0.01
20,75.75,120,0.84,False,False,2,68.13,0.01
21,75.75,89,1.82,False,False,2,23.02,0.0
22,75.75,89,1.53,False,False,2,80.83,0.01
1,76.12,138,1.6,False,False,2,105.65,0.01
2,76.12,100,1.83,False,False,2,121.56,0.01
3,76.12,78,1.12,False,False,2,105.79,0.01
4,76.12,141,0.57,False,False,2,104.5,0.01
5,76.12,83,1.13,False,False,2,116.11,0.01
6,76.12,84,1.85,False,False,2,26.39,0.0
7,76.12,110,1.18,False,False,2,85.2,0.01
8,76.12,75,1.05,False,False,2,112.25,0.01
9,76.12,99,1.68,False,False,2,117.82,0.0
10,76.12,69,1.56,False,False,2,60.19,0.01
11,76.12,101,0.62,False,False,2,40.99,0.01
12,76.12,75,1.98,False,False,2,83.89,0.01
13,76.12,97,1.08,False,False,2,139.42,0.01
14,76.12,83,1.64,False,False,2,25.98,0.01
15,76.12,107,1.97,False,False,2,63.93,0.01
16,76.12,82,1.68,False,False,2,56.15,0.01
17,76.12,73,1.04,False,False,2,35.12,0.03
18,76.12,97,1.97,False,False,2,127.35,0.01
19,76.12,138,0.87,False,False,2,41.51,0.01
20,76.12,121,1.61,False,False,2,103.56,0.01
21,76.12,91,0.85,False,False,2,132.62,0.01
22,76.12,89,1.15,False,False,2,61.59,0.01
1,76.5,141,1.62,False,False,2,116.94,0.01
2,76.5,97,0.55,False,False,2,64.02,0.01
3,76.5,80,0.82,False,False,2,146.95,0.01
4,76.5,138,1.65,False,False,2,126.66,0.01
5,76.5,86,1.65,False,False,2,121.42,0.01
6,76.5,83,0.54,False,False,2,26.42,0.01
7,76.5,113,0.7,False,False,2,46.18,0.01
8,76.5,77,0.9,False,False,2,29.96,0.01
9,76.5,102,0.57,False,False,2,68.94,0.01
10,76.5,72,0.53,False,False,2,71.46,0.01
11,76.5,103,1.61,False,False,2,99.97,0.01
12,76.5,76,0.69,False,False,2,58.27,0.01
13,76.5,95,1.99,False,False,2,38.0,0.01
14,76.5,83,1.18,False,False,2,129.24,0.01
15,76.5,105,1.73,False,False,2,110.45,0.01
16,76.5,80,1.25,False,False,2,147.09,0.0
17,76.5,74,1.66,False,False,2,107.32,0.01
18,76.5,97,1.96,False,False,2,134.36,0.01
19,76.5,135,1.61,False,False,2,123.28,0.01
20,76.5,119,1.55,False,False,2,125.17,0.01
21,76.5,93,1.75,False,False,2,126.57,0.01
22,76.5,91,0.87,False,False,2,132.25,0.01
1,76.88,143,1.44,False,False,2,148.93,0.01
2,76.88,96,0.75,False,False,2,94.0,0.01
3,76.88,81,1.07,False,False,2,128.24,0.01
4,76.88,140,1.25,False,False,2,36.45,0.01
5,76.88,86,0.55,False,False,2,126.98,0.03
6,76.88,85,1.14,False,False,2,50.27,0.01
7,76.88,114,1.51,False,False,2,143.85,0.01
8,76.88,79,1.38,False,False,2,142.83,0.01
9,76.88,104,1.72,False,False,2,50.29,0.01
10,76.88,74,0.72,False,False,2,59.89,0.01
11,76.88,104,1.39,False,False,2,31.33,0.01
12,76.88,77,0.55,False,False,2,23.9,0.01
13,76.88,97,1.59,False,False,2,127.48,0.01
14,76.88,83,0.75,False,False,2,25.04,0.01
15,76.88,105,0.73,False,False,2,127.17,0.01
16,76.88,77,1.92,False,False,2,114.54,0.01
17,76.88,73,1.85,False,False,2,63.58,0.01
18,76.88,95,1.1,False,False,2,91.96,0.01
19,76.88,138,0.53,False,False,2,126.72,0.01
20,76.88,118,0.79,False,False,2,76.05,0.01
21,76.88,93,1.03,False,False,2,117.45,0.01
22,76.88,90,1.31,False,False,2,115.47,0.01
1,77.25,142,0.97,False,False,2,21.44,0.01
2,77.25,97,0.99,False,False,2,100.23,0.01
3,77.25,84,1.47,False,False,2,80.8,0.01
4,77.25,143,1.92,False,False,2,123.19,0.01
5,77.25,87,0.71,False,False,2,103.53,0.01
6,77.25,85,1.59,False,False,2,82.43,0.01
7,77.25,115,0.51,False,False,2,87.41,0.01
8,77.25,82,1.52,False,False,2,146.86,0.01
9,77.25,104,1.82,False,False,2,147.5,0.01
10,77.25,74,1.24,False,False,2,106.41,0.01
11,77.25,107,0.69,False,False,2,80.46,0.01
12,77.25,76,0.93,False,False,2,130.91,0.01
13,77.25,99,1.6,False,False,2,59.55,0.01
14,77.25,85,1.94,False,False,2,110.95,0.01
15,77.25,108,1.58,False,False,2,27.9,0.01
16,77.25,76,1.65,False,False,2,121.54,0.01
17,77.25,76,1.4,False,False,2,43.35,0.01
18,77.25,96,1.48,False,False,2,28.2,0.01
19,77.25,136,1.41,False,False,2,69.67,0.01
21,77.25,90,1.12,False,False,2,45.09,0.01
22,77.25,93,1.05,False,False,2,44.4,0.01
1,77.62,142,1.49,False,False,2,96.09,0.01
2,77.62,95,0.99,False,False,2,142.52,0.01
3,77.62,84,0.83,False,False,2,53.84,0.01
4,77.62,146,0.69,False,False,2,20.94,0.01
5,77.62,87,0.96,False,False,2,85.8,0.01
6,77.62,87,0.82,False,False,2,104.32,0.01
7,77.62,115,1.4,False,False,2,65.58,0.01
8,77.62,79,1.28,False,False,2,21.55,0.01
9,77.62,105,0.91,False,False,2,30.79,0.01
10,77.62,77,0.71,False,False,2,32.39,0.01
11,77.62,108,1.0,False,False,2,112.69,0.01
12,77.62,79,0.76,False,False,2,138.39,0.01
13,77.62,97,1.34,False,False,2,74.75,0.01
14,77.62,87,1.64,False,False,2,117.58,0.01
15,77.62,111,1.45,False,False,2,44.99,0.01
16,77.62,75,1.01,False,False,2,52.23,0.01
17,77.62,73,0.57,False,False,2,131.64,0.01
18,77.62,96,0.55,False,False,2,139.47,0.01
19,77.62,139,1.64,False,False,2,55.29,0.01
20,77.62,118,1.0,False,False,2,143.57,0.01
21,77.62,87,1.4,False,False,2,41.12,0.01
22,77.62,90,0.52,False,False,2,49.49,0.01
1,78.0,143,1.3,False,False,2,30.5,0.01
2,78.0,92,1.82,False,False,2,106.42,0.01
3,78.0,82,0.62,False,False,2,32.0,0.0
4,78.0,145,0.68,False,False,2,99.95,0.01
5,78.0,90,0.53,False,False,2,109.13,0.01
6,78.0,85,1.16,False,False,2,110.04,0.01
7,78.0,114,0.91,False,False,2,85.47,0.01
8,78.0,81,1.84,False,False,2,121.75,0.01
9,78.0,107,1.64,False,False,2,121.3,0.01
10,78.0,80,1.27,False,False,2,43.34,0.01
11,78.0,111,1.57,False,False,2,25.29,0.01
12,78.0,81,0.58,False,False,2,44.74,0.01
13,78.0,95,0.94,False,False,2,147.55,0.01
14,78.0,88,0.51,False,False,2,138.34,0.01
15,78.0,108,1.13,False,False,2,49.04,0.01
16,78.0,73,1.92,False,False,2,147.78,0.01
17,78.0,76,0.83,False,False,2,50.83,0.01
18,78.0,99,0.66,False,False,2,114.27,0.01
19,78.0,142,1.27,False,False,2,88.46,0.01
20,78.0,115,1.26,False,False,2,148.14,0.01
21,78.0,84,1.87,False,False,2,62.4,0.01
22,78.0,93,1.94,False,False,2,127.51,0.01
1,78.38,141,1.19,False,False,2,143.94,0.01
2,78.38,91,1.12,False,False,2,96.38,0.01
3,78.38,85,1.29,False,False,2,93.77,0.01
4,78.38,145,1.44,False,False,2,122.66,0.01
5,78.38,90,1.19,False,False,2,84.9,0.01
6,78.38,84,1.35,False,False,2,107.13,0.01
7,78.38,117,0.69,False,False,2,132.81,0.01
8,78.38,81,1.53,False,False,2,106.47,0.01
11,78.38,112,1.15,False,False,2,142.82,0.01
12,78.38,81,1.58,False,False,2,45.61,0.01
13,78.38,92,1.17,False,False,2,49.94,0.01
14,78.38,89,1.69,False,False,2,124.88,0.01
15,78.38,111,0.82,False,False,2,77.24,0.01
16,78.38,76,0.97,False,False,2,96.79,0.01
17,78.38,79,1.46,False,False,2,124.03,0.01
18,78.38,99,1.26,False,False,2,64.67,0.01
19,78.38,145,0.98,False,False,2,108.05,0.0
20,78.38,113,1.5,False,False,2,37.89,0.01
21,78.38,84,1.16,False,False,2,98.31,0.01
22,78.38,94,1.93,False,False,2,79.08,0.0
1,78.75,143,0.99,False,False,2,70.29,0.01
2,78.75,93,1.54,False,False,2,30.21,0.01
3,78.75,82,1.08,False,False,2,110.6,0.01
4,78.75,144,1.11,False,False,2,121.96,0.01
6,78.75,85,1.23,False,False,2,100.95,0.01
7,78.75,118,1.94,False,False,2,92.83,0.01
8,78.75,84,1.95,False,False,2,32.62,0.01
9,78.75,106,0.86,False,False,2,28.87,0.01
10,78.75,79,1.37,False,False,2,132.13,0.01
11,78.75,111,1.24,False,False,2,85.52,0.01
12,78.75,83,0.73,False,False,2,97.27,0.01
13,78.75,95,1.1,False,False,2,26.93,0.01
14,78.75,90,1.48,False,False,2,130.05,0.01
15,78.75,110,1.7,False,False,2,61.61,0.01
16,78.75,73,1.26,False,False,2,55.89,0.01
17,78.75,82,1.44,False,False,2,76.95,0.01
18,78.75,99,1.46,False,False,2,129.06,0.01
19,78.75,145,1.15,False,False,2,65.51,0.01
20,78.75,111,1.42,False,False,2,149.28,0.01
21,78.75,82,1.73,False,False,2,141.29,0.01
22,78.75,92,1.04,False,False,2,39.7,0.01
1,79.12,145,1.59,False,False,2,114.26,0.01
2,79.12,95,0.7,False,False,2,115.24,0.01
3,79.12,81,0.77,False,False,2,120.92,0.01
4,79.12,142,1.13,False,False,2,74.03,0.01
5,79.12,95,1.01,False,False,2,56.41,0.01
6,79.12,82,0.72,False,False,2,61.06,0.01
7,79.12,117,0.59,False,False,2,78.6,0.01
8,79.12,81,1.02,False,False,2,57.65,0.01
9,79.12,109,1.22,False,False,2,128.78,0.01
10,79.12,76,0.79,False,False,2,25.14,0.01
11,79.12,111,1.18,False,False,2,53.18,0.01
12,79.12,80,1.89,False,False,2,25.06,0.01
13,79.12,94,0.67,False,False,2,61.45,0.01
14,79.12,93,1.48,False,False,2,35.25,0.01
15,79.12,111,1.08,False,False,2,90.56,0.01
16,79.12,74,1.13,False,False,2,79.75,0.01
17,79.12,82,0.73,False,False,2,37.6,0.01
18,79.12,100,1.34,False,False,2,126.46,0.01
19,79.12,145,1.8,False,False,2,119.77,0.01
20,79.12,110,0.79,False,False,2,115.91,0.01
21,79.12,82,1.5,False,False,2,31.74,0.01
22,79.12,95,0.54,False,False,2,62.1,0.01
1,79.5,145,1.19,False,False,2,113.74,0.01
2,79.5,98,0.55,False,False,2,124.87,0.01
3,79.5,81,0.6,False,False,2,44.31,0.01
4,79.5,140,1.83,False,False,2,89.53,0.01
5,79.5,94,0.51,False,False,2,133.05,0.01
6,79.5,82,1.04,False,False,2,91.96,0.01
7,79.5,117,1.01,False,False,2,24.79,0.01
8,79.5,84,0.95,False,False,2,130.34,0.01
9,79.5,107,0.75,False,False,2,134.52,0.01
10,79.5,77,0.77,False,False,2,42.84,0.01
11,79.5,111,1.2,False,False,2,125.65,0.01
12,79.5,81,1.56,False,False,2,68.48,0.01
13,79.5,93,0.83,False,False,2,137.45,0.01
14,79.5,91,0.63,False,False,2,107.6,0.01
15,79.5,109,1.27,False,False,2,111.49,0.01
16,79.5,71,1.47,False,False,2,79.6,0.01
17,79.5,85,1.55,False,False,2,46.63,0.01
18,79.5,101,0.77,False,False,2,98.98,0.01
19,79.5,145,1.36,False,False,2,107.8,0.01
20,79.5,113,0.62,False,False,2,132.66,0.01
21,79.5,84,1.14,False,False,2,51.95,0.01
22,79.5,95,0.8,False,False,2,42.28,0.01
1,79.88,145,0.58,False,False,2,65.24,0.01
2,79.88,101,1.77,False,False,2,133.92,0.01
3,79.88,80,1.62,False,False,2,85.54,0.0
4,79.88,138,1.47,False,False,2,96.4,0.01
5,79.88,92,1.55,False,False,2,25.52,0.01
6,79.88,84,1.34,False,False,2,77.0,0.01
7,79.88,119,1.52,False,False,2,141.06,0.01
8,79.88,82,1.91,False,False,2,66.83,0.01
9,79.88,104,0.79,False,False,2,111.67,0.01
10,79.88,80,1.88,False,False,2,49.07,0.01
11,79.88,110,1.83,False,False,2,103.44,0.0
12,79.88,78,0.74,False,False,2,138.31,0.0
13,79.88,94,1.42,False,False,2,140.26,0.01
14,79.88,92,1.07,False,False,2,108.6,0.01
16,79.88,68,0.58,False,False,2,145.69,0.01
17,79.88,86,1.82,False,False,2,26.42,0.01
18,79.88,104,0.86,False,False,2,25.41,0.01
19,79.88,148,1.57,False,False,2,109.92,0.01
20,79.88,116,1.94,False,False,2,22.08,0.01
21,79.88,86,1.32,False,False,2,89.55,0.01
22,79.88,92,1.3,False,False,2,33.36,0.01
1,80.25,144,1.3,False,False,2,56.19,0.01
2,80.25,101,1.95,False,False,2,57.22,0.01
3,80.25,78,0.85,False,False,2,94.35,0.01
4,80.25,140,1.72,False,False,2,30.23,0.01
5,80.25,90,1.24,False,False,2,54.9,0.01
6,80.25,83,0.86,False,False,2,111.51,0.01
7,80.25,117,0.52,False,False,2,77.02,0.01
8,80.25,80,0.71,False,False,2,30.57,0.01
9,80.25,104,1.42,False,False,2,59.79,0.01
10,80.25,78,1.15,False,False,2,35.1,0.01
11,80.25,113,1.06,False,False,2,55.53,0.01
12,80.25,75,0.83,False,False,2,49.33,0.01
13,80.25,92,0.65,False,False,2,133.98,0.01
14,80.25,89,1.95,False,False,2,53.34,0.01
15,80.25,113,0.67,False,False,2,20.07,0.01
16,80.25,71,1.55,False,False,2,60.04,0.01
17,80.25,83,1.72,False,False,2,103.72,0.01
18,80.25,105,1.84,False,False,2,103.78,0.01
19,80.25,148,1.14,False,False,2,71.76,0.01
20,80.25,113,1.79,False,False,2,113.16,0.01
21,80.25,88,1.4,False,False,2,50.51,0.01
22,80.25,92,1.69,False,False,2,67.94,0.01
1,80.62,142,0.51,False,False,2,139.26,0.01
2,80.62,100,1.05,False,False,2,75.94,0.01
3,80.62,79,1.64,False,False,2,130.45,0.01
4,80.62,143,0.98,False,False,2,31.4,0.01
5,80.62,87,0.77,False,False,2,148.4,0.01
6,80.62,84,1.45,False,False,2,143.87,0.01
7,80.62,118,0.85,False,False,2,112.77,0.01
8,80.62,77,0.71,False,False,2,142.13,0.01
9,80.62,104,1.97,False,False,2,149.43,0.01
10,80.62,80,0.99,False,False,2,20.54,0.01
11,80.62,110,0.8,False,False,2,113.6,0.01
12,80.62,72,1.23,False,False,2,23.92,0.01
13,80.62,95,0.92,False,False,2,135.84,0.01
14,80.62,88,1.18,False,False,2,141.53,0.01
15,80.62,115,1.63,False,False,2,138.96,0.01
16,80.62,72,1.35,False,False,2,97.17,0.01
17,80.62,84,0.97,False,False,2,40.46,0.01
18,80.62,103,0.72,False,False,2,91.99,0.01
19,80.62,149,0.88,False,False,2,34.63,0.01
20,80.62,110,1.06,False,False,2,37.45,0.01
21,80.62,87,0.91,False,False,2,147.91,0.01
22,80.62,94,0.95,False,False,2,52.11,0.01
1,81.0,143,1.59,False,False,2,113.21,0.01
2,81.0,101,0.68,False,False,2,64.63,0.01
3,81.0,80,1.0,False,False,2,131.04,0.01
4,81.0,140,1.89,False,False,2,128.56,0.01
5,81.0,87,0.5,False,False,2,28.48,0.01
6,81.0,87,1.45,False,False,2,106.03,0.01
7,81.0,115,2.0,False,False,2,58.15,0.01
8,81.0,74,1.73,False,False,2,106.2,0.01
9,81.0,101,1.19,False,False,2,23.83,0.01
10,81.0,78,0.66,False,False,2,129.3,0.01
11,81.0,113,1.83,False,False,2,56.0,0.01
12,81.0,69,1.35,False,False,2,145.22,0.01
13,81.0,92,0.56,False,False,2,67.27,0.01
14,81.0,90,1.64,False,False,2,143.12,0.01
15,81.0,118,1.41,False,False,2,44.24,0.01
16,81.0,72,1.46,False,False,2,47.77,0.01
17,81.0,85,0.65,False,False,2,130.89,0.01
18,81.0,106,1.12,False,False,2,25.73,0.01
19,81.0,147,0.94,False,False,2,83.18,0.01
20,81.0,112,1.15,False,False,2,45.19,0.01
21,81.0,88,0.91,False,False,2,23.11,0.01
22,81.0,96,1.12,False,False,2,27.51,0.01
1,81.38,140,1.25,False,False,2,33.29,0.01
2,81.38,99,1.23,False,False,2,85.3,0.01
3,81.38,78,1.74,False,False,2,63.89,0.01
4,81.38,141,1.36,False,False,2,98.06,0.01
5,81.38,84,0.9,False,False,2,61.11,0.01
6,81.38,90,0.73,False,False,2,92.43,0.01
7,81.38,113,0.62,False,False,2,131.41,0.01
8,81.38,71,1.96,False,False,2,117.95,0.01
9,81.38,102,0.88,False,False,2,86.2,0.01
10,81.38,75,0.84,False,False,2,86.62,0.0
11,81.38,112,1.7,False,False,2,122.33,0.01
12,81.38,69,1.6,False,False,2,73.57,0.01
13,81.38,95,1.75,False,False,2,83.98,0.01
14,81.38,91,1.76,False,False,2,131.46,0.01
15,81.38,116,1.38,False,False,2,33.43,0.01
16,81.38,72,1.14,False,False,2,104.06,0.01
17,81.38,86,1.32,False,False,2,113.22,0.01
18,81.38,103,1.79,False,False,2,58.57,0.01
19,81.38,149,1.53,False,False,2,133.93,0.01
20,81.38,111,0.53,False,False,2,98.99,0.01
21,81.38,91,1.19,False,False,2,56.48,0.01
22,81.38,96,0.78,False,False,2,101.11,0.01
1,81.75,138,1.53,False,False,2,71.76,0.01
2,81.75,102,1.68,False,False,2,95.92,0.01
3,81.75,79,1.13,False,False,2,44.11,0.01
4,81.75,142,0.66,False,False,2,81.96,0.01
5,81.75,86,0.81,False,False,2,37.9,0.01
6,81.75,93,1.22,False,False,2,74.59,0.01
7,81.75,115,1.14,False,False,2,129.84,0.01
8,81.75,69,1.61,False,False,2,75.72,0.01
9,81.75,102,0.71,False,False,2,136.17,0.01
10,81.75,72,1.88,False,False,2,35.22,0.01
11,81.75,113,1.27,False,False,2,70.64,0.01
12,81.75,67,1.24,False,False,2,26.99,0.01
13,81.75,94,0.95,False,False,2,56.09,0.01
14,81.75,94,0.63,False,False,2,101.47,0.01
15,81.75,113,1.66,False,False,2,48.88,0.01
16,81.75,72,0.68,False,False,2,131.58,0.01
17,81.75,84,0.94,False,False,2,136.93,0.03
18,81.75,105,1.64,False,False,2,69.97,0.01
20,81.75,110,1.01,False,False,2,139.3,0.01
21,81.75,90,1.27,False,False,2,117.96,0.01
22,81.75,95,0.96,False,False,2,71.31,0.01
1,82.12,140,1.12,False,False,2,50.13,0.01
2,82.12,100,0.58,False,False,2,56.92,0.01
3,82.12,78,0.61,False,False,2,25.92,0.01
4,82.12,144,0.5,False,False,2,93.3,0.01
5,82.12,83,0.55,False,False,2,29.04,0.01
6,82.12,96,1.41,False,False,2,25.14,0.01
7,82.12,115,1.56,False,False,2,84.0,0.01
8,82.12,70,0.66,False,False,2,91.32,0.01
9,82.12,102,1.77,False,False,2,56.9,0.01
10,82.12,73,1.87,False,False,2,65.13,0.01
11,82.12,114,0.81,False,False,2,74.52,0.01
12,82.12,69,1.82,False,False,2,97.02,0.01
13,82.12,95,0.8,False,False,2,62.5,0.01
14,82.12,95,1.12,False,False,2,85.93,0.01
15,82.12,115,0.99,False,False,2,50.83,0.01
16,82.12,71,2.0,False,False,2,27.59,0.0
17,82.12,87,1.7,False,False,2,142.53,0.01
18,82.12,105,1.0,False,False,2,118.78,0.01
19,82.12,147,1.33,False,False,2,45.22,0.01
20,82.12,113,0.82,False,False,2,136.97,0.01
21,82.12,89,1.0,False,False,2,55.35,0.01
22,82.12,92,1.21,False,False,2,36.45,0.01
1,82.5,138,0.83,False,False,2,53.97,0.01
2,82.5,102,0.92,False,False,2,21.15,0.01
3,82.5,77,1.89,False,False,2,56.16,0.01
4,82.5,144,0.91,False,False,2,61.75,0.01
5,82.5,80,0.66,False,False,2,53.3,0.01
6,82.5,93,1.69,False,False,2,107.65,0.01
7,82.5,115,0.55,False,False,2,112.49,0.01
8,82.5,70,1.59,False,False,2,133.64,0.01
9,82.5,104,0.93,False,False,2,34.53,0.01
10,82.5,76,0.92,False,False,2,20.38,0.01
11,82.5,111,1.64,False,False,2,113.33,0.01
12,82.5,71,1.88,False,False,2,47.79,0.01
13,82.5,93,0.56,False,False,2,97.54,0.01
14,82.5,97,1.97,False,False,2,77.02,0.01
15,82.5,112,1.66,False,False,2,102.38,0.0
16,82.5,71,0.65,False,False,2,101.01,0.01
17,82.5,85,1.79,False,False,2,104.54,0.01
18,82.5,102,0.65,False,False,2,85.31,0.01
19,82.5,145,1.08,False,False,2,59.62,0.01
20,82.5,114,0.83,False,False,2,71.64,0.01
21,82.5,91,0.74,False,False,2,68.14,0.01
22,82.5,89,1.05,False,False,2,102.07,0.04
1,82.88,141,1.26,False,False,2,32.29,0.01
2,82.88,105,0.79,False,False,2,41.44,0.01
3,82.88,78,1.32,False,False,2,37.56,0.01
4,82.88,143,1.5,False,False,2,108.77,0.01
5,82.88,78,0.77,False,False,2,82.79,0.01
6,82.88,93,1.54,False,False,2,49.69,0.01
7,82.88,113,0.91,False,False,2,29.04,0.0
8,82.88,71,1.37,False,False,2,142.07,0.01
9,82.88,105,0.96,False,False,2,86.8,0.01
10,82.88,74,0.73,False,False,2,73.98,0.01
11,82.88,111,1.57,False,False,2,36.12,0.0
12,82.88,70,1.82,False,False,2,125.72,0.01
13,82.88,95,1.97,False,False,2,59.78,0.01
14,82.88,96,1.52,False,False,2,48.41,0.01
15,82.88,110,1.34,False,False,2,23.09,0.01
16,82.88,72,0.65,False,False,2,141.61,0.01
17,82.88,83,1.98,False,False,2,124.12,0.01
18,82.88,105,1.54,False,False,2,63.25,0.01
19,82.88,147,1.04,False,False,2,57.24,0.01
20,82.88,112,1.85,False,False,2,29.09,0.01
21,82.88,94,0.98,False,False,2,62.48,0.01
22,82.88,91,11.74,True,False,1,88.18,0.01
1,83.25,140,1.93,False,False,2,28.52,0.01
3,83.25,79,0.8,False,False,2,81.75,0.01
4,83.25,143,0.59,False,False,2,22.92,0.01
5,83.25,78,1.3,False,False,2,106.87,0.01
6,83.25,92,0.55,False,False,2,142.71,0.01
7,83.25,112,0.55,False,False,2,77.65,0.01
8,83.25,69,1.14,False,False,2,103.49,0.01
9,83.25,105,0.83,False,False,2,91.81,0.01
10,83.25,75,1.98,False,False,2,118.37,0.01
11,83.25,111,1.35,False,False,2,51.69,0.01
12,83.25,67,0.62,False,False,2,99.79,0.01
13,83.25,97,1.65,False,False,2,52.14,0.01
14,83.25,97,0.62,False,False,2,128.11,0.01
15,83.25,112,1.4,False,False,2,99.43,0.01
16,83.25,71,0.69,False,False,2,48.99,0.01
17,83.25,81,1.14,False,False,2,122.14,0.01
18,83.25,102,1.86,False,False,2,87.45,0.01
19,83.25,147,0.72,False,False,2,95.22,0.01
20,83.25,110,1.63,False,False,2,78.96,0.01
21,83.25,92,1.85,False,False,2,116.1,0.01
22,83.25,92,1.82,False,False,2,53.2,0.01
1,83.62,142,1.23,False,False,2,36.22,0.01
2,83.62,109,1.8,False,False,2,136.32,0.01
3,83.62,79,1.93,False,False,2,99.73,0.01
4,83.62,146,1.39,False,False,2,45.46,0.01
5,83.62,81,1.9,False,False,2,137.08,0.01
6,83.62,95,1.97,False,False,2,99.4,0.01
7,83.62,112,1.38,False,False,2,75.7,0.01
8,83.62,69,1.61,False,False,2,93.81,0.01
9,83.62,103,1.11,False,False,2,54.66,0.0
10,83.62,77,1.53,False,False,2,103.74,0.01
11,83.62,113,1.05,False,False,2,92.35,0.01
12,83.62,65,0.95,False,False,2,106.67,0.01
13,83.62,96,0.99,False,False,2,36.23,0.01
14,83.62,100,0.79,False,False,2,112.56,0.01
15,83.62,112,1.57,False,False,2,29.58,0.01
16,83.62,69,1.04,False,False,2,85.99,0.01
17,83.62,83,1.74,False,False,2,109.6,0.01
18,83.62,102,1.27,False,False,2,135.07,0.01
19,83.62,146,1.09,False,False,2,31.03,0.01
20,83.62,109,1.92,False,False,2,80.56,0.01
21,83.62,90,1.68,False,False,2,92.27,0.01
22,83.62,89,1.07,False,False,2,133.17,0.01
1,84.0,141,1.4,False,False,2,97.46,0.01
2,84.0,106,0.6,False,False,2,76.75,0.02
3,84.0,80,1.51,False,False,2,70.91,0.01
4,84.0,148,1.52,False,False,2,81.28,0.01
5,84.0,79,1.72,False,False,2,142.75,0.01
6,84.0,98,1.87,False,False,2,87.98,0.01
7,84.0,110,1.46,False,False,2,94.49,0.01
8,84.0,70,1.45,False,False,2,118.24,0.01
9,84.0,100,1.26,False,False,2,25.47,0.01
10,84.0,76,1.27,False,False,2,69.19,0.01
11,84.0,111,1.86,False,False,2,57.15,0.01
12,84.0,68,1.09,False,False,2,52.26,0.01
13,84.0,97,1.84,False,False,2,43.47,0.01
14,84.0,98,1.19,False,False,2,79.47,0.01
15,84.0,110,1.3,False,False,2,94.01,0.01
16,84.0,67,1.05,False,False,2,92.19,0.01
17,84.0,84,1.74,False,False,2,92.6,0.01
18,84.0,103,1.11,False,False,2,111.14,0.01
19,84.0,146,1.69,False,False,2,48.43,0.01
20,84.0,110,1.02,False,False,2,97.69,0.01
21,84.0,93,1.3,False,False,2,88.58,0.01
22,84.0,86,1.98,False,False,2,139.21,0.01
1,84.38,141,1.05,False,False,2,38.21,0.01
2,84.38,103,1.77,False,False,2,99.56,0.01
3,84.38,78,0.94,False,False,2,35.68,0.01
4,84.38,151,1.02,False,False,2,81.64,0.01
5,84.38,78,0.87,False,False,2,111.24,0.01
6,84.38,101,0.84,False,False,2,32.1,0.01
7,84.38,109,1.21,False,False,2,79.6,0.01
8,84.38,73,1.61,False,False,2,44.67,0.01
9,84.38,103,0.59,False,False,2,105.2,0.01
10,84.38,77,1.08,False,False,2,71.01,0.01
11,84.38,109,0.53,False,False,2,67.68,0.01
12,84.38,71,1.48,False,False,2,118.43,0.0
13,84.38,94,1.49,False,False,2,144.7,0.01
14,84.38,95,1.37,False,False,2,122.98,0.01
15,84.38,110,0.85,False,False,2,141.59,0.01
16,84.38,69,1.27,False,False,2,22.47,0.01
17,84.38,84,1.59,False,False,2,96.09,0.01
18,84.38,106,1.17,False,False,2,103.05,0.02
19,84.38,148,1.63,False,False,2,32.25,0.01
20,84.38,110,1.91,False,False,2,128.64,0.01
21,84.38,92,1.39,False,False,2,61.64,0.01
22,84.38,88,1.67,False,False,2,68.05,0.01
1,84.75,141,1.13,False,False,2,114.33,0.01
2,84.75,102,1.11,False,False,2,124.81,0.01
3,84.75,75,0.53,False,False,2,21.25,0.01
4,84.75,148,1.5,False,False,2,137.1,0.01
5,84.75,81,0.76,False,False,2,83.83,0.01
6,84.75,101,0.79,False,False,2,115.85,0.01
7,84.75,110,0.78,False,False,2,111.83,0.01
8,84.75,73,1.71,False,False,2,23.81,0.01
9,84.75,106,0.67,False,False,2,123.79,0.01
10,84.75,79,0.98,False,False,2,100.54,0.01
11,84.75,112,0.75,False,False,2,46.67,0.01
12,84.75,73,1.1,False,False,2,63.5,0.01
13,84.75,94,1.3,False,False,2,67.17,0.0
14,84.75,93,1.82,False,False,2,142.52,0.01
15,84.75,107,1.47,False,False,2,58.22,0.01
16,84.75,68,1.15,False,False,2,112.52,0.01
17,84.75,86,1.22,False,False,2,44.32,0.01
18,84.75,105,1.94,False,False,2,47.64,0.01
19,84.75,147,1.47,False,False,2,126.48,0.01
20,84.75,113,1.06,False,False,2,64.27,0.01
21,84.75,90,1.57,False,False,2,59.53,0.01
22,84.75,87,0.75,False,False,2,83.7,0.01
1,85.12,143,1.35,False,False,2,37.38,0.01
2,85.12,103,0.6,False,False,2,32.3,0.01
3,85.12,77,1.02,False,False,2,49.46,0.01
4,85.12,149,1.64,False,False,2,43.38,0.01
5,85.12,83,0.82,False,False,2,127.2,0.01
6,85.12,98,1.66,False,False,2,99.43,0.01
7,85.12,108,1.17,False,False,2,43.35,0.01
8,85.12,70,1.07,False,False,2,20.13,0.01
9,85.12,108,0.99,False,False,2,108.71,0.01
10,85.12,82,0.76,False,False,2,38.7,0.01
11,85.12,115,1.26,False,False,2,94.94,0.01
12,85.12,73,0.98,False,False,2,125.6,0.01
13,85.12,92,0.98,False,False,2,46.75,0.01
14,85.12,92,0.81,False,False,2,82.24,0.01
15,85.12,110,0.79,False,False,2,108.19,0.01
16,85.12,65,0.63,False,False,2,115.04,0.01
17,85.12,85,1.51,False,False,2,123.86,0.01
18,85.12,106,0.91,False,False,2,25.14,0.01
19,85.12,147,1.1,False,False,2,97.2,0.01
20,85.12,111,1.67,False,False,2,126.2,0.01
21,85.12,93,0.9,False,False,2,70.68,0.01
22,85.12,89,1.14,False,False,2,52.55,0.01
1,85.5,144,1.83,False,False,2,29.65,0.01
2,85.5,103,1.89,False,False,2,132.52,0.01
3,85.5,78,0.85,False,False,2,114.68,0.01
4,85.5,151,0.64,False,False,2,70.15,0.01
5,85.5,83,1.53,False,False,2,125.53,0.01
6,85.5,95,1.85,False,False,2,140.71,0.01
7,85.5,106,1.02,False,False,2,122.07,0.01
8,85.5,71,1.08,False,False,2,69.08,0.01
9,85.5,110,1.04,False,False,2,69.27,0.01
10,85.5,80,0.78,False,False,2,61.34,0.01
11,85.5,113,0.94,False,False,2,71.41,0.01
12,85.5,76,0.99,False,False,2,48.04,0.01
13,85.5,89,1.26,False,False,2,109.53,0.01
14,85.5,95,1.41,False,False,2,32.15,0.01
15,85.5,113,0.85,False,False,2,82.22,0.01
16,85.5,62,1.46,False,False,2,135.7,0.01
17,85.5,87,1.11,False,False,2,85.82,0.01
18,85.5,104,1.6,False,False,2,83.68,0.01
19,85.5,150,1.14,False,False,2,51.22,0.01
20,85.5,109,1.86,False,False,2,65.22,0.01
21,85.5,92,1.37,False,False,2,93.5,0.01
22,85.5,91,1.9,False,False,2,55.27,0.01
1,85.88,144,1.5,False,False,2,130.14,0.0
2,85.88,103,0.77,False,False,2,135.39,0.01
3,85.88,81,0.54,False,False,2,77.36,0.01
4,85.88,154,1.5,False,False,2,94.45,0.01
5,85.88,80,0.97,False,False,2,138.95,0.01
7,85.88,107,1.05,False,False,2,83.23,0.01
8,85.88,74,1.14,False,False,2,132.78,0.0
9,85.88,110,0.59,False,False,2,57.66,0.01
10,85.88,78,1.79,False,False,2,106.5,0.0
11,85.88,116,1.94,False,False,2,126.8,0.01
12,85.88,75,1.66,False,False,2,21.46,0.01
13,85.88,90,1.25,False,False,2,145.34,0.01
14,85.88,97,1.99,False,False,2,101.13,0.01
15,85.88,111,1.48,False,False,2,90.85,0.01
16,85.88,63,0.53,False,False,2,143.68,0.01
17,85.88,88,1.16,False,False,2,40.91,0.01
18,85.88,103,1.35,False,False,2,123.0,0.01
19,85.88,150,1.89,False,False,2,45.37,0.01
20,85.88,112,1.85,False,False,2,136.18,0.01
21,85.88,94,1.73,False,False,2,127.02,0.01
22,85.88,93,0.58,False,False,2,110.25,0.01
1,86.25,142,1.11,False,False,2,28.17,0.01
2,86.25,104,1.39,False,False,2,57.13,0.01
3,86.25,78,0.96,False,False,2,123.77,0.01
4,86.25,157,1.73,False,False,2,52.19,0.01
5,86.25,79,0.61,False,False,2,119.15,0.01
6,86.25,92,1.03,False,False,2,73.19,0.01
7,86.25,108,0.58,False,False,2,69.13,0.01
8,86.25,74,1.98,False,False,2,89.02,0.01
9,86.25,107,1.16,False,False,2,100.65,0.01
10,86.25,79,1.1,False,False,2,75.49,0.01
11,86.25,119,1.09,False,False,2,74.11,0.01
12,86.25,76,0.69,False,False,2,93.6,0.01
13,86.25,92,0.95,False,False,2,133.79,0.01
14,86.25,97,1.65,False,False,2,129.71,0.01
15,86.25,111,0.97,False,False,2,119.52,0.01
16,86.25,64,1.11,False,False,2,43.86,0.01
17,86.25,89,1.15,False,False,2,28.73,0.01
18,86.25,101,1.46,False,False,2,32.68,0.01
19,86.25,153,1.0,False,False,2,59.21,0.01
20,86.25,112,1.19,False,False,2,107.47,0.01
21,86.25,91,1.93,False,False,2,34.94,0.01
22,86.25,92,1.82,False,False,2,114.87,0.01
1,86.62,141,0.55,False,False,2,142.52,0.01
2,86.62,103,1.17,False,False,2,71.89,0.01
3,86.62,79,1.59,False,False,2,101.55,0.01
4,86.62,159,1.24,False,False,2,69.05,0.01
5,86.62,77,1.84,False,False,2,140.03,0.01
6,86.62,89,0.94,False,False,2,30.11,0.01
7,86.62,105,1.39,False,False,2,106.17,0.01
8,86.62,72,1.7,False,False,2,139.68,0.01
9,86.62,106,0.74,False,False,2,27.91,0.0
10,86.62,82,1.68,False,False,2,75.59,0.01
11,86.62,120,1.97,False,False,2,39.69,0.01
12,86.62,79,1.61,False,False,2,21.1,0.01
13,86.62,95,1.63,False,False,2,122.02,0.01
14,86.62,95,1.0,False,False,2,131.31,0.01
15,86.62,113,0.81,False,False,2,56.3,0.01
16,86.62,63,0.86,False,False,2,125.88,0.01
17,86.62,87,1.85,False,False,2,140.3,0.01
18,86.62,102,0.5,False,False,2,34.48,0.01
19,86.62,152,1.87,False,False,2,125.36,0.01
20,86.62,109,0.9,False,False,2,53.51,0.01
21,86.62,91,0.64,False,False,2,149.95,0.01
22,86.62,92,1.53,False,False,2,119.22,0.01
1,87.0,138,1.45,False,False,2,69.63,0.01
2,87.0,100,1.95,False,False,2,117.2,0.01
3,87.0,81,1.09,False,False,2,146.07,0.01
4,87.0,161,1.82,False,False,2,67.34,0.01
5,87.0,80,0.62,False,False,2,69.74,0.01
6,87.0,86,1.93,False,False,2,59.18,0.01
7,87.0,108,1.69,False,False,2,145.22,0.01
8,87.0,75,1.45,False,False,2,91.41,0.01
9,87.0,108,0.68,False,False,2,22.31,0.01
10,87.0,80,1.63,False,False,2,64.97,0.01
11,87.0,121,1.23,False,False,2,92.11,0.01
12,87.0,76,1.7,False,False,2,105.88,0.01
13,87.0,92,1.76,False,False,2,91.92,0.0
14,87.0,95,1.55,False,False,2,115.1,0.01
15,87.0,114,0.62,False,False,2,47.59,0.01
16,87.0,62,0.78,False,False,2,116.89,0.01
17,87.0,84,1.55,False,False,2,76.45,0.01
18,87.0,99,0.71,False,False,2,49.91,0.01
19,87.0,152,1.02,False,False,2,134.93,0.01
20,87.0,107,1.41,False,False,2,146.05,0.01
21,87.0,92,1.97,False,False,2,82.46,0.01
22,87.0,90,0.56,False,False,2,65.12,0.01
1,87.38,141,1.2,False,False,2,41.96,0.01
2,87.38,103,1.52,False,False,2,94.92,0.01
3,87.38,83,0.94,False,False,2,111.56,0.02
4,87.38,159,0.61,False,False,2,58.0,0.01
5,87.38,80,1.07,False,False,2,39.4,0.01
6,87.38,86,0.57,False,False,2,141.22,0.01
7,87.38,108,0.51,False,False,2,123.9,0.01
8,87.38,72,0.85,False,False,2,80.68,0.01
9,87.38,105,1.95,False,False,2,54.9,0.01
10,87.38,77,1.77,False,False,2,99.78,0.01
11,87.38,120,0.61,False,False,2,117.54,0.01
12,87.38,75,1.58,False,False,2,109.49,0.01
13,87.38,95,1.36,False,False,2,30.21,0.01
14,87.38,97,0.73,False,False,2,48.12,0.01
16,87.38,64,1.04,False,False,2,40.87,0.01
17,87.38,81,0.69,False,False,2,66.02,0.01
18,87.38,100,0.66,False,False,2,144.1,0.01
19,87.38,155,1.43,False,False,2,105.11,0.01
20,87.38,110,0.9,False,False,2,68.27,0.01
21,87.38,91,1.25,False,False,2,44.62,0.01
22,87.38,93,0.61,False,False,2,70.01,0.01
1,87.75,143,1.18,False,False,2,68.97,0.01
2,87.75,103,1.26,False,False,2,27.82,0.01
3,87.75,86,1.98,False,False,2,33.32,0.01
4,87.75,162,1.94,False,False,2,96.34,0.01
5,87.75,77,0.85,False,False,2,57.58,0.01
6,87.75,85,0.93,False,False,2,76.62,0.01
7,87.75,111,0.69,False,False,2,71.87,0.01
8,87.75,70,1.68,False,False,2,130.89,0.01
9,87.75,104,1.29,False,False,2,102.09,0.01
10,87.75,75,1.85,False,False,2,149.79,0.01
11,87.75,117,1.72,False,False,2,33.13,0.01
12,87.75,72,1.47,False,False,2,99.86,0.01
13,87.75,98,1.06,False,False,2,47.3,0.01
14,87.75,99,1.06,False,False,2,111.43,0.01
15,87.75,112,1.9,False,False,2,144.95,0.01
16,87.75,62,0.99,False,False,2,59.92,0.01
17,87.75,80,1.8,False,False,2,120.35,0.01
18,87.75,100,1.55,False,False,2,39.8,0.01
19,87.75,157,1.34,False,False,2,66.02,0.01
20,87.75,112,1.7,False,False,2,126.08,0.01
21,87.75,90,0.51,False,False,2,140.14,0.01
22,87.75,91,1.04,False,False,2,61.96,0.01
1,88.12,140,0.83,False,False,2,22.46,0.01
2,88.12,101,1.86,False,False,2,90.26,0.01
3,88.12,88,1.7,False,False,2,67.31,0.01
4,88.12,159,1.74,False,False,2,139.39,0.01
5,88.12,74,1.51,False,False,2,49.12,0.01
6,88.12,86,1.85,False,False,2,96.34,0.01
7,88.12,111,1.87,False,False,2,33.91,0.01
8,88.12,70,1.28,False,False,2,58.85,0.01
9,88.12,104,1.08,False,False,2,89.52,0.01
10,88.12,72,1.03,False,False,2,141.99,0.01
11,88.12,119,1.18,False,False,2,20.09,0.01
12,88.12,75,1.68,False,False,2,23.85,0.01
13,88.12,100,0.94,False,False,2,118.44,0.01
14,88.12,99,0.62,False,False,2,24.22,0.01
15,88.12,111,1.23,False,False,2,69.91,0.01
16,88.12,60,0.78,False,False,2,135.52,0.01
17,88.12,78,1.07,False,False,2,140.68,0.01
18,88.12,103,0.93,False,False,2,38.19,0.01
19,88.12,156,1.45,False,False,2,37.3,0.01
20,88.12,115,1.14,False,False,2,30.18,0.01
21,88.12,93,1.51,False,False,2,63.1,0.01
22,88.12,93,0.5,False,False,2,140.33,0.01
1,88.5,138,1.4,False,False,2,22.7,0.01
2,88.5,99,1.95,False,False,2,124.89,0.01
3,88.5,90,1.37,False,False,2,23.89,0.01
4,88.5,158,1.08,False,False,2,55.34,0.01
5,88.5,72,1.21,False,False,2,93.66,0.01
6,88.5,89,1.41,False,False,2,102.99,0.01
7,88.5,114,1.05,False,False,2,46.15,0.01
8,88.5,72,0.89,False,False,2,90.2,0.01
9,88.5,101,0.83,False,False,2,139.96,0.01
10,88.5,72,1.96,False,False,2,121.69,0.01
11,88.5,120,1.79,False,False,2,25.41,0.01
12,88.5,75,0.91,False,False,2,43.0,0.01
13,88.5,102,1.96,False,False,2,118.44,0.01
15,88.5,111,0.94,False,False,2,61.1,0.01
16,88.5,60,1.16,False,False,2,27.57,0.01
17,88.5,79,0.58,False,False,2,60.79,0.01
18,88.5,103,1.39,False,False,2,81.15,0.01
19,88.5,157,1.91,False,False,2,63.52,0.01
20,88.5,115,1.98,False,False,2,106.01,0.01
21,88.5,94,1.73,False,False,2,122.45,0.01
22,88.5,93,1.59,False,False,2,144.32,0.01
1,88.88,139,1.14,False,False,2,44.81,0.01
2,88.88,99,1.28,False,False,2,123.63,0.01
3,88.88,90,1.6,False,False,2,133.81,0.01
4,88.88,160,0.81,False,False,2,45.2,0.01
5,88.88,70,1.07,False,False,2,44.49,0.01
6,88.88,86,1.3,False,False,2,114.22,0.01
7,88.88,115,0.97,False,False,2,28.51,0.01
8,88.88,75,1.59,False,False,2,127.33,0.01
9,88.88,102,1.43,False,False,2,142.66,0.01
10,88.88,72,1.94,False,False,2,27.16,0.01
11,88.88,119,0.62,False,False,2,21.42,0.01
12,88.88,78,1.99,False,False,2,107.65,0.01
13,88.88,101,1.8,False,False,2,123.13,0.01
14,88.88,96,1.65,False,False,2,108.7,0.01
15,88.88,114,1.0,False,False,2,130.62,0.01
16,88.88,60,0.51,False,False,2,143.51,0.01
17,88.88,76,1.59,False,False,2,109.74,0.01
18,88.88,106,1.94,False,False,2,101.73,0.01
19,88.88,156,1.7,False,False,2,63.58,0.01
20,88.88,117,1.19,False,False,2,27.15,0.01
21,88.88,95,0.57,False,False,2,73.05,0.01
22,88.88,91,0.88,False,False,2,117.22,0.01
1,89.25,136,1.17,False,False,2,40.83,0.01
2,89.25,97,0.78,False,False,2,143.13,0.01
3,89.25,93,0.53,False,False,2,51.69,0.01
4,89.25,163,1.45,False,False,2,139.98,0.01
5,89.25,68,1.23,False,False,2,134.82,0.01
6,89.25,86,0.56,False,False,2,102.59,0.01
7,89.25,112,1.77,False,False,2,99.59,0.01
8,89.25,73,1.29,False,False,2,98.67,0.01
9,89.25,103,0.73,False,False,2,149.73,0.01
10,89.25,69,1.24,False,False,2,101.58,0.01
11,89.25,121,0.81,False,False,2,136.2,0.01
12,89.25,76,0.82,False,False,2,63.71,0.01
13,89.25,102,0.9,False,False,2,41.44,0.01
14,89.25,99,0.62,False,False,2,73.35,0.01
15,89.25,113,0.72,False,False,2,138.99,0.01
16,89.25,60,1.63,False,False,2,79.92,0.01
17,89.25,77,0.61,False,False,2,146.42,0.01
18,89.25,107,1.5,False,False,2,30.35,0.01
19,89.25,158,1.11,False,False,2,100.55,0.01
20,89.25,116,0.9,False,False,2,113.2,0.01
21,89.25,94,1.27,False,False,2,74.37,0.01
22,89.25,92,0.68,False,False,2,67.38,0.01
1,89.62,137,1.43,False,False,2,41.13,0.01
2,89.62,96,1.03,False,False,2,42.47,0.01
3,89.62,92,1.33,False,False,2,36.66,0.01
4,89.62,163,0.84,False,False,2,118.56,0.01
5,89.62,65,0.78,False,False,2,93.93,0.01
6,89.62,87,0.86,False,False,2,94.16,0.01
7,89.62,112,1.17,False,False,2,78.7,0.01
8,89.62,74,1.08,False,False,2,144.28,0.01
9,89.62,103,0.76,False,False,2,148.21,0.01
10,89.62,67,0.93,False,False,2,62.44,0.01
11,89.62,124,1.36,False,False,2,74.67,0.01
12,89.62,73,1.39,False,False,2,49.96,0.01
13,89.62,100,1.16,False,False,2,75.68,0.01
14,89.62,96,1.57,False,False,2,26.13,0.01
15,89.62,114,1.24,False,False,2,39.8,0.01
16,89.62,62,1.15,False,False,2,23.65,0.01
17,89.62,74,1.93,False,False,2,34.69,0.01
18,89.62,107,1.06,False,False,2,45.64,0.01
19,89.62,157,1.25,False,False,2,79.93,0.01
20,89.62,116,1.3,False,False,2,134.38,0.01
21,89.62,94,1.11,False,False,2,78.65,0.01
22,89.62,92,0.69,False,False,2,139.86,0.01
