player_id,sim_time_min,heart_rate,accel_value,impact_event,major_event,tier,network_delay_ms,edge_latency_ms
1,0,88,1.91,False,False,2,124.28,1988.23
2,0,91,1.51,False,False,2,146.1,1841.12
3,0,78,1.47,False,False,2,37.6,1802.63
4,0,67,1.23,False,False,2,120.75,1680.98
5,0,78,1.74,False,False,2,100.21,1579.05
6,0,70,1.13,False,False,2,103.01,1475.0
7,0,68,1.83,False,False,2,33.48,1440.48
8,0,88,1.13,False,False,2,111.53,1326.85
9,0,77,1.89,False,False,2,87.01,1238.87
10,0,81,1.06,False,False,2,110.74,1127.18
11,0,74,1.06,False,False,2,97.45,1027.84
12,0,85,1.55,False,False,2,128.63,898.46
13,0,74,1.84,False,False,2,142.41,755.24
14,0,69,0.96,False,False,2,127.73,626.19
15,0,92,0.94,False,False,2,60.32,565.18
17,0,87,1.24,False,False,2,127.64,432.6
18,0,77,1.38,False,False,2,90.79,340.83
19,0,79,0.77,False,False,2,137.02,202.93
20,0,74,1.2,False,False,2,43.51,158.3
21,0,83,1.9,False,False,2,23.6,133.92
22,0,75,0.72,False,False,2,133.4,0.02
1,0.38,86,1.24,False,False,2,22.48,992.29
2,0.38,94,0.72,False,False,2,75.86,915.69
3,0.38,78,0.68,False,False,2,106.95,807.7
4,0.38,70,0.77,False,False,2,124.45,682.05
5,0.38,81,1.24,False,False,2,27.01,654.41
6,0.38,72,1.9,False,False,2,75.69,576.99
7,0.38,67,0.99,False,False,2,102.26,474.01
8,0.38,87,0.7,False,False,2,93.84,377.03
9,0.38,78,1.36,False,False,2,63.46,312.18
10,0.38,80,1.48,False,False,2,132.44,178.99
11,0.38,76,0.77,False,False,2,36.79,140.7
12,0.38,84,0.98,False,False,2,54.63,85.06
13,0.38,75,0.52,False,False,2,83.21,0.02
14,0.38,72,0.84,False,False,2,141.72,1925.68
15,0.38,91,0.83,False,False,2,122.18,1802.31
16,0.38,84,1.66,False,False,2,63.67,1737.57
17,0.38,85,1.25,False,False,2,123.27,1613.25
18,0.38,74,1.87,False,False,2,29.74,1582.62
20,0.38,76,0.87,False,False,2,99.25,1482.08
21,0.38,80,0.93,False,False,2,59.7,1421.03
22,0.38,72,1.18,False,False,2,147.36,1272.4
1,0.75,88,1.88,False,False,2,110.63,160.12
2,0.75,97,1.75,False,False,2,25.99,133.21
3,0.75,80,0.93,False,False,2,132.28,0.01
4,0.75,67,1.58,False,False,2,26.4,2592.86
5,0.75,78,0.55,False,False,2,85.23,2506.5
6,0.75,72,1.96,False,False,2,81.94,2424.07
7,0.75,68,1.61,False,False,2,103.83,2319.46
8,0.75,85,1.24,False,False,2,30.99,2287.14
9,0.75,78,0.53,False,False,2,47.21,2238.52
10,0.75,80,0.53,False,False,2,86.32,2150.88
11,0.75,77,1.65,False,False,2,135.82,2014.27
12,0.75,85,1.22,False,False,2,79.47,1933.76
13,0.75,72,1.2,False,False,2,42.93,1889.18
14,0.75,74,1.05,False,False,2,34.94,1851.1
15,0.75,89,1.77,False,False,2,84.12,1765.5
16,0.75,87,1.23,False,False,2,44.21,1720.49
17,0.75,85,1.1,False,False,2,102.79,1617.13
18,0.75,76,1.63,False,False,2,47.17,1567.56
19,0.75,83,1.13,False,False,2,101.64,1464.13
20,0.75,75,1.69,False,False,2,141.75,1321.55
21,0.75,83,1.54,False,False,2,89.66,1229.96
22,0.75,74,0.88,False,False,2,99.17,1130.09
1,1.12,85,0.95,False,False,2,127.8,0.01
2,1.12,100,1.28,False,False,2,38.2,2392.32
3,1.12,78,1.21,False,False,2,29.53,2361.65
4,1.12,70,1.75,False,False,2,129.07,2231.83
5,1.12,76,1.41,False,False,2,28.83,2200.52
7,1.12,68,1.2,False,False,2,54.95,2144.02
8,1.12,86,0.66,False,False,2,44.24,2099.0
9,1.12,81,0.94,False,False,2,67.82,2030.6
10,1.12,81,1.41,False,False,2,44.48,1985.55
11,1.12,75,1.08,False,False,2,34.75,1950.21
12,1.12,85,1.85,False,False,2,45.77,1903.39
13,1.12,72,1.66,False,False,2,37.03,1864.88
14,1.12,73,1.44,False,False,2,39.13,1823.33
15,1.12,92,1.12,False,False,2,119.54,1702.94
16,1.12,85,0.89,False,False,2,145.19,1556.95
17,1.12,84,1.86,False,False,2,85.92,1470.26
18,1.12,76,0.85,False,False,2,88.54,1381.07
19,1.12,83,1.49,False,False,2,20.24,1359.78
20,1.12,77,0.83,False,False,2,33.5,1325.48
21,1.12,82,1.73,False,False,2,45.11,1279.58
22,1.12,73,0.99,False,False,2,133.75,1145.16
1,1.5,87,1.1,False,False,2,142.84,0.01
2,1.5,103,1.7,False,False,2,33.5,2765.43
3,1.5,76,1.76,False,False,2,90.64,2673.95
4,1.5,70,0.86,False,False,2,64.81,2608.27
5,1.5,78,1.96,False,False,2,99.17,2507.32
6,1.5,72,0.87,False,False,2,62.67,2441.99
7,1.5,67,1.55,False,False,2,24.47,2416.53
8,1.5,85,1.31,False,False,2,114.0,2301.45
9,1.5,82,1.79,False,False,2,53.91,2246.69
10,1.5,83,0.62,False,False,2,134.96,2111.06
11,1.5,72,1.09,False,False,2,25.67,2083.48
12,1.5,88,1.63,False,False,2,116.98,1965.9
13,1.5,72,1.43,False,False,2,27.15,1937.86
14,1.5,76,1.18,False,False,2,149.28,1787.95
15,1.5,91,0.76,False,False,2,63.2,1723.66
16,1.5,82,1.32,False,False,2,52.64,1670.13
17,1.5,81,1.5,False,False,2,37.73,1631.66
18,1.5,79,0.6,False,False,2,89.01,1541.69
19,1.5,84,0.64,False,False,2,140.43,1400.33
20,1.5,74,0.58,False,False,2,93.47,1305.88
21,1.5,84,1.37,False,False,2,130.42,1174.71
22,1.5,75,0.77,False,False,2,95.06,1078.03
1,1.88,89,0.92,False,False,2,76.38,0.01
2,1.88,101,0.75,False,False,2,52.68,2002.61
3,1.88,79,1.59,False,False,2,94.6,1907.1
4,1.88,70,0.72,False,False,2,65.23,1840.19
5,1.88,75,1.11,False,False,2,149.59,1689.94
6,1.88,69,0.52,False,False,2,109.15,1579.88
7,1.88,70,0.74,False,False,2,59.84,1519.05
8,1.88,86,1.59,False,False,2,114.62,1403.44
9,1.88,84,0.77,False,False,2,111.67,1290.8
10,1.88,80,1.77,False,False,2,121.31,1168.42
11,1.88,71,1.7,False,False,2,92.62,1075.06
12,1.88,89,0.99,False,False,2,100.27,973.71
13,1.88,74,1.07,False,False,2,147.5,825.04
14,1.88,78,1.12,False,False,2,41.46,781.24
15,1.88,90,0.63,False,False,2,100.49,679.74
16,1.88,82,1.33,False,False,2,108.77,570.15
17,1.88,84,1.81,False,False,2,34.24,533.33
18,1.88,80,0.56,False,False,2,126.05,403.11
20,1.88,71,1.81,False,False,2,113.44,284.9
21,1.88,83,1.79,False,False,2,133.8,150.26
22,1.88,78,1.31,False,False,2,149.38,0.01
1,2.25,87,1.61,False,False,2,99.53,929.1
2,2.25,99,1.35,False,False,2,132.88,794.73
3,2.25,80,1.56,False,False,2,124.48,669.2
4,2.25,70,1.37,False,False,2,84.35,583.47
5,2.25,75,1.96,False,False,2,28.76,553.76
6,2.25,66,1.71,False,False,2,22.22,530.94
7,2.25,71,1.04,False,False,2,129.54,400.82
8,2.25,84,1.57,False,False,2,36.86,362.98
9,2.25,86,0.92,False,False,2,64.74,297.58
10,2.25,80,1.36,False,False,2,28.83,267.93
11,2.25,70,0.84,False,False,2,84.52,182.92
12,2.25,89,0.68,False,False,2,49.82,132.32
13,2.25,75,1.83,False,False,2,52.13,79.28
14,2.25,75,0.72,False,False,2,78.35,0.01
15,2.25,87,1.14,False,False,2,67.93,1986.86
16,2.25,81,1.76,False,False,2,138.07,1847.98
17,2.25,83,1.03,False,False,2,91.49,1755.89
18,2.25,81,1.56,False,False,2,55.4,1699.62
19,2.25,82,1.81,False,False,2,108.42,1589.22
20,2.25,71,0.77,False,False,2,82.33,1505.78
21,2.25,80,1.97,False,False,2,136.84,1366.84
22,2.25,78,1.68,False,False,2,103.06,1263.21
1,2.62,87,1.57,False,False,2,127.52,133.8
2,2.62,101,0.71,False,False,2,132.81,0.02
3,2.62,77,1.24,False,False,2,88.44,2627.63
4,2.62,70,0.84,False,False,2,146.81,2479.47
5,2.62,76,0.58,False,False,2,42.41,2436.42
6,2.62,68,0.54,False,False,2,52.28,2383.11
7,2.62,73,1.0,False,False,2,33.01,2349.21
8,2.62,82,1.9,False,False,2,51.3,2296.93
9,2.62,86,1.19,False,False,2,148.28,2147.53
10,2.62,81,0.97,False,False,2,45.91,2099.73
11,2.62,70,1.31,False,False,2,20.49,2077.93
12,2.62,87,1.76,False,False,2,132.54,1944.6
13,2.62,75,1.26,False,False,2,70.02,1872.79
14,2.62,73,0.54,False,False,2,116.7,1754.35
15,2.62,90,0.64,False,False,2,100.39,1653.08
16,2.62,79,1.75,False,False,2,53.76,1598.77
17,2.62,81,0.74,False,False,2,132.65,1465.26
18,2.62,80,0.97,False,False,2,80.58,1384.01
19,2.62,84,1.17,False,False,2,51.83,1331.23
20,2.62,68,1.56,False,False,2,100.57,1230.11
21,2.62,80,0.79,False,False,2,21.79,1207.4
22,2.62,79,1.37,False,False,2,96.47,1108.37
1,3.0,90,0.99,False,False,2,105.99,0.02
2,3.0,99,1.15,False,False,2,58.93,2685.06
3,3.0,78,1.76,False,False,2,73.51,2608.61
4,3.0,67,1.42,False,False,2,56.09,2551.41
5,3.0,77,0.85,False,False,2,121.57,2428.77
7,3.0,73,1.39,False,False,2,23.88,2403.27
8,3.0,84,1.93,False,False,2,85.58,2316.58
9,3.0,89,1.93,False,False,2,115.0,2200.5
10,3.0,83,0.83,False,False,2,89.49,2109.27
11,3.0,70,1.93,False,False,2,77.62,2029.99
12,3.0,90,0.98,False,False,2,72.51,1956.3
13,3.0,75,1.49,False,False,2,79.07,1876.45
14,3.0,75,1.34,False,False,2,71.09,1804.59
15,3.0,91,1.17,False,False,2,22.48,1780.55
16,3.0,82,1.81,False,False,2,134.17,1646.03
17,3.0,81,1.96,False,False,2,29.76,1615.51
18,3.0,79,1.07,False,False,2,85.96,1528.23
19,3.0,85,0.82,False,False,2,78.83,1448.6
20,3.0,65,1.99,False,False,2,78.97,1367.91
21,3.0,81,1.52,False,False,2,124.47,1241.62
22,3.0,82,1.64,False,False,2,97.01,1143.45
1,3.38,90,0.73,False,False,2,141.1,0.02
2,3.38,101,1.29,False,False,2,64.22,2751.54
3,3.38,76,1.95,False,False,2,80.86,2669.81
4,3.38,69,1.43,False,False,2,129.56,2539.58
5,3.38,78,1.08,False,False,2,138.91,2399.74
6,3.38,65,0.64,False,False,2,76.47,2320.64
7,3.38,71,1.01,False,False,2,105.29,2214.28
8,3.38,86,0.93,False,False,2,115.9,2095.57
9,3.38,91,1.29,False,False,2,85.25,2009.26
10,3.38,86,1.59,False,False,2,31.34,1976.21
11,3.38,67,1.05,False,False,2,87.05,1887.04
12,3.38,93,1.07,False,False,2,57.37,1828.36
13,3.38,78,0.91,False,False,2,100.29,1727.13
14,3.38,78,0.52,False,False,2,69.17,1657.2
15,3.38,91,1.9,False,False,2,91.82,1564.34
16,3.38,80,1.82,False,False,2,114.17,1449.03
17,3.38,83,1.02,False,False,2,85.4,1361.32
18,3.38,77,1.93,False,False,2,21.67,1338.79
19,3.38,82,1.77,False,False,2,118.0,1219.78
20,3.38,66,1.64,False,False,2,23.25,1195.89
21,3.38,84,0.97,False,False,2,25.44,1169.7
22,3.38,79,0.66,False,False,2,24.59,1144.58
1,3.75,90,0.53,False,False,2,142.28,0.01
2,3.75,98,1.57,False,False,2,114.72,1887.3
3,3.75,73,0.66,False,False,2,91.91,1794.43
4,3.75,68,1.0,False,False,2,31.36,1762.24
5,3.75,76,0.72,False,False,2,111.42,1649.73
6,3.75,66,1.6,False,False,2,71.41,1577.58
7,3.75,70,0.72,False,False,2,89.36,1487.21
8,3.75,83,0.61,False,False,2,90.8,1395.8
9,3.75,88,1.25,False,False,2,77.52,1317.34
10,3.75,83,1.89,False,False,2,97.96,1217.27
11,3.75,69,0.78,False,False,2,36.87,1179.62
12,3.75,96,0.75,False,False,2,133.52,1045.01
13,3.75,77,1.93,False,False,2,91.23,953.04
14,3.75,81,1.32,False,False,2,80.24,871.87
15,3.75,92,0.97,False,False,2,103.25,767.8
16,3.75,83,1.7,False,False,2,140.01,626.78
17,3.75,85,1.71,False,False,2,112.66,513.0
18,3.75,80,0.93,False,False,2,119.28,391.59
19,3.75,79,1.32,False,False,2,148.0,242.97
20,3.75,65,1.5,False,False,2,44.16,197.41
21,3.75,81,1.1,False,False,2,116.46,80.44
22,3.75,78,0.51,False,False,2,79.52,0.01
1,4.12,88,0.72,False,False,2,29.25,994.25
2,4.12,100,1.14,False,False,2,42.64,951.17
3,4.12,70,1.26,False,False,2,29.17,921.04
4,4.12,67,0.92,False,False,2,136.15,784.28
5,4.12,76,1.74,False,False,2,51.16,732.45
6,4.12,68,1.2,False,False,2,95.91,635.82
7,4.12,67,0.51,False,False,2,84.83,550.32
8,4.12,84,1.8,False,False,2,35.7,513.74
9,4.12,88,1.78,False,False,2,92.69,420.34
10,4.12,80,1.75,False,False,2,146.14,273.3
11,4.12,67,1.07,False,False,2,105.67,167.18
12,4.12,97,1.65,False,False,2,97.83,67.46
13,4.12,78,0.99,False,False,2,66.84,0.01
14,4.12,82,1.05,False,False,2,105.01,1918.07
15,4.12,95,0.92,False,False,2,112.72,1804.64
16,4.12,85,1.51,False,False,2,32.21,1771.61
17,4.12,84,1.0,False,False,2,106.48,1664.42
18,4.12,83,0.58,False,False,2,137.18,1526.61
19,4.12,79,0.61,False,False,2,51.61,1474.18
20,4.12,66,1.49,False,False,2,139.02,1334.38
21,4.12,83,1.26,False,False,2,65.72,1268.04
22,4.12,78,0.76,False,False,2,67.63,1199.4
1,4.5,89,1.08,False,False,2,21.95,175.91
2,4.5,100,1.54,False,False,2,32.85,142.18
3,4.5,70,0.6,False,False,2,99.07,42.12
4,4.5,65,0.93,False,False,2,41.4,0.01
5,4.5,77,1.85,False,False,2,86.75,2643.24
6,4.5,70,1.59,False,False,2,64.32,2578.17
7,4.5,64,0.81,False,False,2,107.46,2467.99
8,4.5,83,1.14,False,False,2,123.86,2342.2
9,4.5,87,1.77,False,False,2,65.46,2274.79
10,4.5,80,1.59,False,False,2,92.44,2180.89
11,4.5,69,0.57,False,False,2,125.14,2055.01
12,4.5,97,1.6,False,False,2,148.63,1904.9
13,4.5,76,1.75,False,False,2,131.8,1772.24
14,4.5,83,1.05,False,False,2,31.04,1739.15
15,4.5,94,1.56,False,False,2,67.24,1671.2
16,4.5,88,0.79,False,False,2,122.9,1547.58
17,4.5,84,1.14,False,False,2,73.38,1473.76
18,4.5,84,0.9,False,False,2,65.31,1407.69
19,4.5,78,0.95,False,False,2,93.73,1311.39
20,4.5,65,1.98,False,False,2,34.47,1275.57
21,4.5,85,1.69,False,False,2,33.26,1240.39
22,4.5,75,1.92,False,False,2,106.4,1132.07
1,4.88,86,1.1,False,False,2,130.71,0.02
2,4.88,102,1.73,False,False,2,91.78,1908.16
3,4.88,73,1.25,False,False,2,23.06,1884.49
4,4.88,68,0.81,False,False,2,124.57,1759.29
5,4.88,79,1.46,False,False,2,145.7,1612.05
6,4.88,72,1.2,False,False,2,135.94,1475.25
7,4.88,61,1.91,False,False,2,93.91,1380.35
8,4.88,80,1.37,False,False,2,141.73,1235.87
9,4.88,89,1.54,False,False,2,100.45,1134.91
10,4.88,81,0.65,False,False,2,37.52,1096.85
11,4.88,70,1.08,False,False,2,27.58,1068.73
12,4.88,99,0.78,False,False,2,131.57,936.31
13,4.88,75,0.64,False,False,2,21.33,913.91
14,4.88,84,1.45,False,False,2,46.15,866.38
15,4.88,92,1.53,False,False,2,53.08,812.32
16,4.88,87,1.34,False,False,2,139.67,672.07
17,4.88,81,0.79,False,False,2,27.55,643.75
18,4.88,83,1.74,False,False,2,127.95,514.79
19,4.88,76,1.86,False,False,2,124.3,386.39
20,4.88,62,0.64,False,False,2,147.56,238.2
21,4.88,85,1.73,False,False,2,91.64,145.74
22,4.88,73,1.88,False,False,2,143.13,0.02
1,5.25,88,0.52,False,False,2,133.14,901.94
2,5.25,100,1.1,False,False,2,59.51,841.61
3,5.25,74,0.74,False,False,2,20.91,819.65
4,5.25,71,1.38,False,False,2,25.79,793.31
5,5.25,77,1.35,False,False,2,68.91,723.77
6,5.25,69,1.82,False,False,2,43.31,679.59
7,5.25,60,1.29,False,False,2,103.77,574.9
8,5.25,79,1.62,False,False,2,120.24,453.76
9,5.25,87,0.76,False,False,2,80.03,372.6
10,5.25,78,1.95,False,False,2,73.14,298.47
11,5.25,70,1.54,False,False,2,77.25,220.36
12,5.25,98,1.08,False,False,2,47.31,171.43
13,5.25,72,1.54,False,False,2,77.01,93.93
14,5.25,87,0.74,False,False,2,92.94,0.02
15,5.25,93,1.85,False,False,2,46.91,1975.11
16,5.25,84,0.53,False,False,2,52.2,1922.18
17,5.25,84,0.98,False,False,2,146.09,1774.96
18,5.25,83,1.77,False,False,2,34.27,1738.15
19,5.25,74,1.1,False,False,2,142.66,1594.73
20,5.25,62,1.24,False,False,2,45.53,1548.32
21,5.25,84,1.75,False,False,2,34.04,1513.35
22,5.25,73,1.27,False,False,2,102.26,1410.15
1,5.62,90,1.7,False,False,2,77.5,331.44
2,5.62,101,1.58,False,False,2,144.51,185.94
3,5.62,76,0.54,False,False,2,80.03,104.48
4,5.62,72,1.63,False,False,2,30.66,72.77
5,5.62,79,1.9,False,False,2,71.94,0.02
6,5.62,68,0.6,False,False,2,79.42,2637.5
7,5.62,60,1.39,False,False,2,149.39,2487.47
8,5.62,80,1.8,False,False,2,99.11,2385.9
9,5.62,87,1.31,False,False,2,97.08,2287.85
10,5.62,78,1.41,False,False,2,47.21,2240.01
11,5.62,72,1.65,False,False,2,123.47,2115.9
12,5.62,96,0.58,False,False,2,58.42,2056.66
13,5.62,73,1.83,False,False,2,61.15,1993.19
14,5.62,84,0.58,False,False,2,55.55,1935.04
15,5.62,96,0.85,False,False,2,106.4,1828.05
16,5.62,83,1.92,False,False,2,98.42,1728.81
17,5.62,85,0.67,False,False,2,109.92,1617.91
18,5.62,83,0.87,False,False,2,120.91,1496.08
19,5.62,71,0.84,False,False,2,91.38,1403.8
20,5.62,64,0.83,False,False,2,70.87,1332.3
21,5.62,84,1.44,False,False,2,141.49,1189.69
22,5.62,73,0.59,False,False,2,95.07,1094.0
1,6.0,90,1.61,False,False,2,92.83,0.02
2,6.0,101,1.15,False,False,2,106.29,2821.91
3,6.0,75,1.4,False,False,2,111.19,2709.74
4,6.0,73,1.52,False,False,2,146.28,2562.3
5,6.0,81,0.59,False,False,2,106.9,2454.73
6,6.0,70,0.77,False,False,2,90.63,2362.94
7,6.0,60,1.36,False,False,2,47.5,2314.41
8,6.0,80,1.8,False,False,2,125.29,2188.38
9,6.0,88,1.84,False,False,2,42.62,2144.82
10,6.0,77,0.92,False,False,2,135.58,2008.58
11,6.0,69,1.23,False,False,2,56.63,1950.42
12,6.0,93,1.45,False,False,2,38.1,1911.62
13,6.0,71,1.93,False,False,2,91.66,1818.77
14,6.0,81,0.61,False,False,2,123.39,1694.61
15,6.0,94,0.54,False,False,2,54.27,1637.95
16,6.0,84,0.68,False,False,2,78.02,1558.93
17,6.0,87,1.49,False,False,2,125.29,1432.86
18,6.0,84,0.73,False,False,2,149.11,1282.78
19,6.0,74,1.03,False,False,2,64.3,1217.33
20,6.0,63,1.39,False,False,2,30.88,1185.5
21,6.0,86,1.81,False,False,2,41.04,1141.86
22,6.0,74,0.85,False,False,2,39.07,1102.07
1,6.38,88,0.65,False,False,2,100.64,0.01
2,6.38,103,1.59,False,False,2,37.02,3025.79
3,6.38,76,0.58,False,False,2,118.69,2906.07
4,6.38,75,0.82,False,False,2,109.12,2796.24
5,6.38,81,1.64,False,False,2,84.33,2711.07
6,6.38,73,1.32,False,False,2,78.21,2632.01
7,6.38,61,0.93,False,False,2,127.1,2504.33
8,6.38,77,1.22,False,False,2,24.66,2478.85
9,6.38,87,0.91,False,False,2,46.7,2431.26
10,6.38,80,0.94,False,False,2,42.18,2387.45
11,6.38,70,0.63,False,False,2,107.84,2278.96
12,6.38,90,0.91,False,False,2,141.26,2135.67
13,6.38,72,1.47,False,False,2,116.81,2017.79
14,6.38,84,1.69,False,False,2,132.34,1884.87
15,6.38,91,0.87,False,False,2,73.71,1810.19
16,6.38,85,1.41,False,False,2,50.94,1758.44
17,6.38,84,1.02,False,False,2,101.09,1656.34
18,6.38,81,0.89,False,False,2,82.88,1572.97
19,6.38,76,1.07,False,False,2,96.79,1475.47
20,6.38,65,1.01,False,False,2,129.16,1345.96
21,6.38,86,0.88,False,False,2,137.33,1207.9
22,6.38,72,1.41,False,False,2,124.22,1082.54
1,6.75,90,0.95,False,False,2,79.25,0.01
2,6.75,102,0.68,False,False,2,70.97,1980.74
3,6.75,75,0.88,False,False,2,96.31,1883.63
4,6.75,73,1.72,False,False,2,41.42,1841.26
5,6.75,83,0.74,False,False,2,118.9,1721.74
6,6.75,76,0.94,False,False,2,139.03,1581.63
7,6.75,61,0.83,False,False,2,78.79,1501.86
8,6.75,77,0.89,False,False,2,142.06,1358.9
9,6.75,84,1.73,False,False,2,54.13,1303.97
10,6.75,83,0.56,False,False,2,133.34,1168.52
11,6.75,70,1.97,False,False,2,149.73,1017.66
12,6.75,89,1.74,False,False,2,61.25,955.68
13,6.75,69,1.1,False,False,2,123.68,830.99
14,6.75,84,0.95,False,False,2,24.26,805.76
15,6.75,90,1.7,False,False,2,97.65,707.27
16,6.75,87,1.67,False,False,2,105.48,601.03
17,6.75,86,1.51,False,False,2,95.13,504.86
18,6.75,79,0.81,False,False,2,28.85,474.4
19,6.75,76,1.95,False,False,2,86.19,387.46
20,6.75,62,1.54,False,False,2,110.09,276.69
21,6.75,87,0.56,False,False,2,123.4,150.67
22,6.75,71,0.56,False,False,2,149.72,0.01
1,7.12,91,1.63,False,False,2,101.35,995.61
2,7.12,103,1.4,False,False,2,69.3,925.43
3,7.12,78,1.49,False,False,2,25.86,897.79
4,7.12,74,0.9,False,False,2,22.29,874.72
5,7.12,85,1.4,False,False,2,66.94,806.2
6,7.12,75,1.68,False,False,2,133.21,672.12
7,7.12,60,0.94,False,False,2,83.49,588.03
8,7.12,79,1.87,False,False,2,40.37,546.83
9,7.12,82,0.58,False,False,2,125.91,419.69
10,7.12,86,0.88,False,False,2,117.49,301.25
11,7.12,72,1.8,False,False,2,112.36,187.26
12,7.12,86,0.55,False,False,2,23.58,161.3
13,7.12,72,1.16,False,False,2,49.36,110.53
15,7.12,91,1.25,False,False,2,109.12,0.01
16,7.12,84,0.96,False,False,2,147.99,1937.09
17,7.12,84,1.86,False,False,2,115.64,1820.85
18,7.12,77,1.25,False,False,2,124.76,1695.31
19,7.12,76,1.58,False,False,2,91.64,1602.38
20,7.12,60,1.89,False,False,2,81.29,1520.28
21,7.12,87,0.78,False,False,2,109.27,1410.3
22,7.12,70,1.98,False,False,2,140.92,1268.43
1,7.5,93,1.4,False,False,2,78.71,188.73
2,7.5,100,1.64,False,False,2,39.59,148.28
3,7.5,81,0.68,False,False,2,147.19,0.02
4,7.5,73,1.85,False,False,2,115.57,2681.4
5,7.5,83,0.73,False,False,2,94.33,2584.41
6,7.5,74,1.97,False,False,2,67.81,2515.65
7,7.5,61,0.56,False,False,2,128.09,2386.57
8,7.5,76,0.92,False,False,2,110.03,2275.14
9,7.5,80,1.67,False,False,2,51.37,2222.53
10,7.5,85,1.59,False,False,2,76.64,2144.31
11,7.5,71,1.38,False,False,2,92.1,2051.23
12,7.5,87,1.26,False,False,2,82.91,1965.75
13,7.5,70,1.49,False,False,2,147.77,1817.26
14,7.5,87,1.6,False,False,2,144.81,1669.83
15,7.5,93,1.04,False,False,2,45.49,1623.31
16,7.5,84,1.81,False,False,2,54.75,1567.58
17,7.5,81,0.9,False,False,2,104.0,1462.2
18,7.5,76,1.89,False,False,2,39.55,1421.6
19,7.5,77,0.89,False,False,2,132.2,1288.66
20,7.5,60,1.3,False,False,2,147.08,1140.58
21,7.5,85,1.01,False,False,2,26.86,1111.67
22,7.5,71,1.83,False,False,2,23.83,1086.96
1,7.88,92,0.8,False,False,2,85.51,0.01
2,7.88,99,0.66,False,False,2,48.08,2894.46
3,7.88,79,0.6,False,False,2,76.58,2817.29
4,7.88,73,1.45,False,False,2,93.56,2722.88
5,7.88,86,1.68,False,False,2,101.72,2620.3
6,7.88,73,1.44,False,False,2,81.03,2538.46
7,7.88,60,1.92,False,False,2,59.03,2477.68
8,7.88,79,0.94,False,False,2,130.75,2345.27
9,7.88,78,1.84,False,False,2,107.31,2237.28
10,7.88,82,1.9,False,False,2,86.18,2150.32
11,7.88,73,1.91,False,False,2,63.39,2086.14
12,7.88,84,1.03,False,False,2,110.73,1974.33
13,7.88,68,1.07,False,False,2,86.14,1887.57
14,7.88,88,1.97,False,False,2,33.02,1852.46
15,7.88,94,0.75,False,False,2,115.61,1735.88
16,7.88,87,1.58,False,False,2,59.38,1674.9
17,7.88,82,0.99,False,False,2,44.82,1628.56
18,7.88,74,0.58,False,False,2,91.8,1533.94
19,7.88,79,0.92,False,False,2,132.95,1400.12
20,7.88,60,1.0,False,False,2,77.3,1321.84
21,7.88,82,0.52,False,False,2,144.47,1176.59
22,7.88,69,1.21,False,False,2,116.6,1058.59
1,8.25,95,1.34,False,False,2,57.01,0.01
2,8.25,97,1.21,False,False,2,87.99,1942.72
3,8.25,80,0.54,False,False,2,51.32,1890.69
4,8.25,74,1.28,False,False,2,87.76,1802.16
5,8.25,89,0.88,False,False,2,149.56,1651.4
6,8.25,76,1.79,False,False,2,95.25,1555.22
7,8.25,61,0.71,False,False,2,30.53,1524.14
8,8.25,76,0.66,False,False,2,128.15,1395.27
9,8.25,79,0.57,False,False,2,144.22,1250.14
10,8.25,82,1.32,False,False,2,147.53,1101.77
11,8.25,74,0.86,False,False,2,119.2,980.88
12,8.25,83,1.06,False,False,2,148.16,831.6
13,8.25,69,0.97,False,False,2,33.95,796.68
14,8.25,89,1.26,False,False,2,128.34,667.44
15,8.25,96,0.85,False,False,2,128.72,536.76
16,8.25,86,1.73,False,False,2,145.16,390.74
17,8.25,79,1.25,False,False,2,70.01,319.87
18,8.25,74,1.54,False,False,2,118.47,200.7
19,8.25,78,0.85,False,False,2,129.0,69.48
20,8.25,60,1.94,False,False,2,68.43,0.01
21,8.25,80,1.52,False,False,2,117.36,1946.13
22,8.25,72,0.99,False,False,2,83.68,1860.97
1,8.62,98,0.96,False,False,2,96.96,762.18
2,8.62,99,1.1,False,False,2,68.59,690.97
3,8.62,83,1.38,False,False,2,95.92,594.36
4,8.62,75,0.55,False,False,2,54.87,538.18
5,8.62,87,1.92,False,False,2,68.02,468.48
6,8.62,76,0.7,False,False,2,122.15,345.59
7,8.62,61,0.68,False,False,2,76.63,266.97
8,8.62,78,0.83,False,False,2,88.87,177.23
9,8.62,79,1.19,False,False,2,48.66,127.84
10,8.62,82,1.54,False,False,2,23.27,103.93
11,8.62,72,1.05,False,False,2,25.14,76.54
12,8.62,81,1.29,False,False,2,75.45,0.01
13,8.62,66,0.56,False,False,2,134.4,1869.44
14,8.62,92,1.37,False,False,2,62.02,1806.49
15,8.62,98,1.81,False,False,2,39.62,1766.39
16,8.62,85,1.5,False,False,2,131.68,1633.89
17,8.62,81,0.6,False,False,2,66.22,1566.62
18,8.62,75,1.78,False,False,2,126.87,1438.29
19,8.62,77,0.79,False,False,2,32.16,1405.54
20,8.62,61,1.26,False,False,2,109.85,1294.85
21,8.62,82,1.5,False,False,2,121.68,1172.31
22,8.62,71,1.27,False,False,2,27.12,1143.82
1,9.0,97,0.87,False,False,2,87.03,55.2
2,9.0,100,0.55,False,False,2,54.39,0.02
3,9.0,80,1.68,False,False,2,79.01,2810.93
4,9.0,76,0.75,False,False,2,83.47,2725.8
5,9.0,90,1.87,False,False,2,92.3,2632.94
6,9.0,73,1.69,False,False,2,108.22,2524.16
7,9.0,63,1.33,False,False,2,93.25,2430.09
8,9.0,76,0.55,False,False,2,121.69,2307.36
9,9.0,76,1.66,False,False,2,134.23,2172.39
10,9.0,84,1.06,False,False,2,126.59,2045.2
11,9.0,69,1.17,False,False,2,113.01,1931.72
12,9.0,84,0.67,False,False,2,135.88,1794.37
13,9.0,69,0.68,False,False,2,109.01,1683.5
14,9.0,89,0.86,False,False,2,31.92,1649.76
15,9.0,96,1.25,False,False,2,146.14,1502.99
16,9.0,84,1.05,False,False,2,47.14,1454.78
17,9.0,80,0.54,False,False,2,54.15,1399.12
18,9.0,78,1.18,False,False,2,94.0,1304.26
19,9.0,77,1.88,False,False,2,39.85,1262.78
20,9.0,60,1.44,False,False,2,39.36,1222.29
21,9.0,82,1.82,False,False,2,122.74,1098.68
22,9.0,71,1.72,False,False,2,39.09,1058.98
1,9.38,96,0.97,False,False,2,56.53,0.02
2,9.38,102,1.53,False,False,2,65.54,2732.96
3,9.38,79,1.72,False,False,2,78.86,2653.2
4,9.38,78,1.24,False,False,2,79.71,2572.65
5,9.38,91,1.16,False,False,2,47.96,2524.1
6,9.38,72,1.56,False,False,2,25.83,2497.36
7,9.38,64,1.65,False,False,2,115.47,2379.34
8,9.38,77,1.15,False,False,2,68.27,2310.08
9,9.38,75,0.54,False,False,2,121.48,2187.43
10,9.38,87,1.23,False,False,2,37.74,2148.87
11,9.38,70,0.92,False,False,2,20.92,2127.11
12,9.38,81,1.64,False,False,2,94.87,2031.52
13,9.38,66,0.71,False,False,2,90.67,1939.97
14,9.38,91,0.84,False,False,2,89.08,1848.94
15,9.38,93,1.67,False,False,2,57.75,1787.11
16,9.38,87,0.8,False,False,2,145.08,1639.96
17,9.38,83,1.38,False,False,2,32.77,1606.46
18,9.38,75,1.79,False,False,2,35.37,1570.37
19,9.38,77,0.86,False,False,2,139.15,1429.76
20,9.38,60,0.72,False,False,2,119.33,1309.68
21,9.38,85,0.85,False,False,2,149.38,1159.0
22,9.38,69,1.91,False,False,2,125.97,1030.9
1,9.75,95,0.76,False,False,2,29.25,0.01
2,9.75,105,1.02,False,False,2,117.55,2489.14
3,9.75,79,0.53,False,False,2,31.76,2456.34
4,9.75,77,0.73,False,False,2,148.28,2307.12
5,9.75,89,0.96,False,False,2,21.57,2284.57
6,9.75,74,1.7,False,False,2,93.02,2188.16
7,9.75,65,1.59,False,False,2,76.59,2110.56
8,9.75,78,1.97,False,False,2,127.15,1981.31
10,9.75,84,0.64,False,False,2,58.9,1921.27
11,9.75,69,1.44,False,False,2,90.78,1829.97
12,9.75,80,1.55,False,False,2,29.35,1799.98
13,9.75,67,1.04,False,False,2,101.52,1697.59
14,9.75,94,0.82,False,False,2,105.12,1590.33
15,9.75,95,1.03,False,False,2,104.74,1484.61
16,9.75,89,1.87,False,False,2,80.82,1402.17
17,9.75,81,1.0,False,False,2,71.53,1328.51
18,9.75,77,0.53,False,False,2,72.85,1252.13
19,9.75,76,1.17,False,False,2,71.78,1179.52
21,9.75,82,1.17,False,False,2,24.76,1152.98
22,9.75,69,1.21,False,False,2,94.06,1057.95
1,10.12,93,1.83,False,False,2,56.49,0.01
2,10.12,107,1.19,False,False,2,110.86,2551.36
3,10.12,78,1.16,False,False,2,83.84,2466.54
4,10.12,75,0.65,False,False,2,21.8,2443.74
5,10.12,92,1.7,False,False,2,54.76,2388.23
6,10.12,73,1.84,False,False,2,76.67,2310.74
7,10.12,64,1.73,False,False,2,85.61,2223.45
8,10.12,79,1.87,False,False,2,32.05,2190.45
9,10.12,74,1.61,False,False,2,43.42,2146.27
10,10.12,82,0.63,False,False,2,79.05,2066.04
11,10.12,66,1.84,False,False,2,100.23,1965.28
12,10.12,78,1.73,False,False,2,81.92,1882.62
13,10.12,65,1.06,False,False,2,78.41,1803.54
14,10.12,95,1.68,False,False,2,63.69,1739.02
15,10.12,96,0.91,False,False,2,73.74,1664.16
16,10.12,89,0.74,False,False,2,23.73,1639.56
17,10.12,80,1.64,False,False,2,127.5,1511.05
18,10.12,78,1.78,False,False,2,102.16,1408.35
19,10.12,78,1.56,False,False,2,130.68,1276.62
20,10.12,60,0.88,False,False,2,119.11,1155.82
21,10.12,79,1.25,False,False,2,68.63,1085.26
22,10.12,72,1.39,False,False,2,27.85,1056.26
1,10.5,93,0.58,False,False,2,54.27,0.01
2,10.5,105,1.78,False,False,2,51.38,2860.41
3,10.5,77,1.84,False,False,2,63.86,2795.87
4,10.5,74,0.57,False,False,2,53.61,2741.36
5,10.5,95,0.71,False,False,2,73.2,2667.4
6,10.5,70,1.93,False,False,2,77.21,2589.2
7,10.5,65,0.63,False,False,2,130.73,2457.51
8,10.5,81,1.11,False,False,2,123.56,2333.27
9,10.5,72,0.58,False,False,2,34.32,2298.01
10,10.5,84,0.65,False,False,2,128.17,2168.79
11,10.5,64,1.96,False,False,2,110.66,2057.3
12,10.5,81,1.09,False,False,2,145.47,1910.79
13,10.5,67,0.93,False,False,2,101.36,1807.87
14,10.5,94,1.83,False,False,2,64.17,1742.45
15,10.5,98,0.55,False,False,2,114.97,1626.6
16,10.5,89,1.24,False,False,2,37.15,1588.8
17,10.5,82,1.76,False,False,2,143.06,1443.85
18,10.5,78,1.43,False,False,2,77.46,1365.43
19,10.5,79,1.97,False,False,2,98.14,1266.52
20,10.5,60,1.98,False,False,2,47.54,1217.82
21,10.5,82,1.17,False,False,2,107.7,1109.39
22,10.5,74,1.87,False,False,2,85.92,1022.34
1,10.88,90,1.54,False,False,2,20.62,0.01
2,10.88,108,0.56,False,False,2,144.27,2758.45
3,10.88,74,1.04,False,False,2,146.54,2609.71
4,10.88,77,1.54,False,False,2,130.18,2478.9
5,10.88,95,1.9,False,False,2,24.57,2453.28
6,10.88,72,1.46,False,False,2,149.2,2303.23
7,10.88,62,0.53,False,False,2,69.08,2233.19
8,10.88,81,1.85,False,False,2,100.98,2131.24
9,10.88,71,1.72,False,False,2,110.76,2018.82
10,10.88,82,1.54,False,False,2,22.18,1995.55
11,10.88,64,0.66,False,False,2,78.31,1916.32
12,10.88,84,1.87,False,False,2,91.09,1824.19
13,10.88,64,0.89,False,False,2,61.45,1761.53
14,10.88,96,1.36,False,False,2,63.16,1697.72
15,10.88,95,1.4,False,False,2,101.07,1595.8
16,10.88,91,1.01,False,False,2,28.12,1566.97
17,10.88,82,1.82,False,False,2,26.45,1539.56
18,10.88,78,1.73,False,False,2,137.12,1401.42
19,10.88,78,1.05,False,False,2,109.11,1291.65
20,10.88,62,0.58,False,False,2,97.44,1193.41
21,10.88,80,0.92,False,False,2,121.45,1071.4
22,10.88,76,0.92,False,False,2,25.88,1044.5
1,11.25,92,1.21,False,False,2,43.13,0.01
2,11.25,108,1.28,False,False,2,87.3,2430.1
3,11.25,74,0.68,False,False,2,73.18,2355.47
4,11.25,74,1.61,False,False,2,93.05,2261.24
5,11.25,96,1.58,False,False,2,70.36,2189.97
6,11.25,69,1.16,False,False,2,53.41,2135.71
8,11.25,84,0.55,False,False,2,23.3,2111.04
9,11.25,70,1.93,False,False,2,59.04,2050.82
10,11.25,84,1.31,False,False,2,92.4,1956.4
11,11.25,62,0.9,False,False,2,79.53,1876.03
12,11.25,83,0.75,False,False,2,107.24,1768.05
13,11.25,62,1.12,False,False,2,45.61,1721.45
14,11.25,95,1.13,False,False,2,43.41,1676.98
15,11.25,93,0.78,False,False,2,24.59,1651.66
16,11.25,94,1.13,False,False,2,47.8,1603.3
17,11.25,83,0.52,False,False,2,99.05,1503.31
18,11.25,78,1.21,False,False,2,45.7,1456.75
19,11.25,75,1.29,False,False,2,115.94,1339.87
20,11.25,63,1.37,False,False,2,24.37,1314.78
21,11.25,78,1.97,False,False,2,62.97,1251.03
22,11.25,79,1.47,False,False,2,117.42,1132.91
1,11.62,91,1.15,False,False,2,131.9,0.02
2,11.62,109,1.82,False,False,2,135.99,2957.85
3,11.62,74,0.81,False,False,2,55.91,2900.99
4,11.62,72,1.02,False,False,2,132.02,2767.3
5,11.62,94,1.42,False,False,2,92.25,2674.34
6,11.62,71,1.2,False,False,2,134.13,2539.09
7,11.62,64,1.03,False,False,2,81.3,2457.0
8,11.62,81,1.82,False,False,2,88.28,2367.54
9,11.62,69,1.03,False,False,2,120.27,2246.35
10,11.62,82,1.84,False,False,2,107.4,2138.21
11,11.62,61,1.45,False,False,2,109.18,2028.37
12,11.62,83,1.3,False,False,2,107.82,1919.18
13,11.62,65,1.4,False,False,2,50.85,1867.83
14,11.62,95,1.2,False,False,2,46.92,1819.81
15,11.62,90,1.98,False,False,2,148.56,1670.61
16,11.62,95,0.86,False,False,2,145.33,1523.56
17,11.62,82,0.52,False,False,2,86.13,1436.3
18,11.62,79,1.04,False,False,2,56.85,1378.42
19,11.62,72,0.82,False,False,2,93.05,1283.81
20,11.62,60,1.43,False,False,2,89.03,1192.21
21,11.62,79,1.6,False,False,2,54.56,1136.01
22,11.62,79,0.81,False,False,2,28.8,1105.62
1,12.0,94,0.93,False,False,2,104.32,0.01
2,12.0,110,1.17,False,False,2,124.86,1919.26
3,12.0,77,0.59,False,False,2,147.93,1770.76
4,12.0,70,1.86,False,False,2,106.57,1663.38
5,12.0,97,0.66,False,False,2,66.05,1595.55
6,12.0,74,1.91,False,False,2,126.41,1467.39
7,12.0,67,1.13,False,False,2,83.67,1381.75
8,12.0,79,0.7,False,False,2,61.45,1319.13
9,12.0,68,1.85,False,False,2,118.72,1199.47
10,12.0,81,0.69,False,False,2,128.02,1070.8
11,12.0,64,1.24,False,False,2,87.46,982.65
12,12.0,80,1.1,False,False,2,145.93,834.75
13,12.0,67,1.48,False,False,2,148.62,683.71
14,12.0,92,0.71,False,False,2,108.56,574.27
15,12.0,90,2.0,False,False,2,24.9,548.68
16,12.0,93,1.98,False,False,2,74.44,473.32
17,12.0,82,1.19,False,False,2,117.26,355.16
18,12.0,82,0.64,False,False,2,147.71,206.67
19,12.0,71,0.69,False,False,2,123.29,82.4
20,12.0,60,1.33,False,False,2,81.28,0.02
21,12.0,79,0.52,False,False,2,96.97,1949.85
22,12.0,78,1.25,False,False,2,28.97,1920.05
1,12.38,94,1.04,False,False,2,99.26,819.53
2,12.38,111,1.39,False,False,2,73.94,744.27
3,12.38,77,0.83,False,False,2,35.05,707.78
4,12.38,68,0.64,False,False,2,133.02,574.06
5,12.38,98,1.3,False,False,2,96.9,476.6
6,12.38,74,0.67,False,False,2,96.67,379.21
7,12.38,67,1.61,False,False,2,60.02,318.13
8,12.38,79,1.53,False,False,2,97.97,218.52
9,12.38,66,0.75,False,False,2,74.95,142.52
10,12.38,81,1.6,False,False,2,64.6,77.04
11,12.38,67,1.26,False,False,2,76.32,0.01
12,12.38,82,0.56,False,False,2,109.18,1907.94
13,12.38,67,0.94,False,False,2,79.32,1827.86
14,12.38,92,1.6,False,False,2,83.81,1742.31
15,12.38,87,1.29,False,False,2,87.89,1653.91
16,12.38,96,0.77,False,False,2,124.75,1527.97
17,12.38,84,1.05,False,False,2,49.27,1477.57
18,12.38,81,0.6,False,False,2,25.79,1450.98
19,12.38,73,1.31,False,False,2,72.11,1377.91
20,12.38,61,1.89,False,False,2,102.93,1272.09
21,12.38,81,0.85,False,False,2,57.0,1213.94
22,12.38,76,1.45,False,False,2,55.61,1157.04
1,12.75,96,1.89,False,False,2,134.37,22.02
2,12.75,114,1.54,False,False,2,21.4,0.01
3,12.75,75,0.75,False,False,2,128.13,1926.8
4,12.75,65,1.84,False,False,2,50.49,1875.79
5,12.75,101,1.95,False,False,2,126.42,1747.86
6,12.75,73,0.77,False,False,2,89.63,1657.82
7,12.75,67,1.46,False,False,2,94.99,1561.47
8,12.75,79,0.77,False,False,2,24.33,1534.62
9,12.75,67,0.52,False,False,2,89.78,1444.17
10,12.75,81,0.77,False,False,2,131.42,1310.14
11,12.75,69,1.67,False,False,2,101.52,1207.03
12,12.75,84,1.61,False,False,2,85.06,1121.34
13,12.75,66,0.81,False,False,2,112.77,1007.52
14,12.75,94,1.11,False,False,2,101.58,905.33
15,12.75,90,0.91,False,False,2,40.79,863.74
16,12.75,95,1.53,False,False,2,120.24,742.53
17,12.75,83,0.67,False,False,2,124.84,615.79
18,12.75,82,1.56,False,False,2,149.14,464.58
19,12.75,72,1.25,False,False,2,116.08,347.42
20,12.75,64,1.09,False,False,2,105.32,240.94
21,12.75,78,1.97,False,False,2,100.37,139.96
22,12.75,77,1.7,False,False,2,139.2,0.01
1,13.12,98,1.04,False,False,2,142.84,872.97
2,13.12,111,1.5,False,False,2,50.65,821.07
3,13.12,78,1.93,False,False,2,129.69,689.19
4,13.12,63,1.35,False,False,2,78.68,609.35
5,13.12,99,0.67,False,False,2,56.89,551.15
6,13.12,75,1.38,False,False,2,119.97,430.05
7,13.12,64,0.59,False,False,2,103.85,325.4
8,13.12,77,15.95890411821989,True,True,1,50.65,272.42
9,13.12,64,1.79,False,False,2,64.2,207.45
10,13.12,80,1.46,False,False,2,32.87,173.63
11,13.12,69,1.27,False,False,2,21.5,151.1
12,13.12,85,1.82,False,False,2,34.46,115.47
13,13.12,66,0.93,False,False,2,114.66,0.01
14,13.12,93,1.7,False,False,2,35.88,1973.33
15,13.12,89,0.8,False,False,2,56.6,1915.93
16,13.12,94,1.89,False,False,2,73.49,1840.65
18,13.12,85,2.0,False,False,2,65.9,1773.53
20,13.12,65,1.31,False,False,2,120.73,1651.37
21,13.12,78,1.44,False,False,2,133.19,1517.33
22,13.12,74,1.27,False,False,2,117.55,1398.06
1,13.5,100,1.06,False,False,2,59.11,337.53
2,13.5,109,0.88,False,False,2,30.62,304.77
3,13.5,78,1.41,False,False,2,70.04,233.5
4,13.5,65,1.17,False,False,2,69.78,161.44
5,13.5,97,1.45,False,False,2,95.24,65.18
6,13.5,78,0.7,False,False,2,63.69,0.01
7,13.5,65,0.69,False,False,2,110.29,2347.19
8,13.5,74,1.49,False,False,2,124.29,2222.22
9,13.5,62,1.61,False,False,2,93.91,2126.9
10,13.5,83,1.37,False,False,2,81.2,2045.02
11,13.5,70,1.0,False,False,2,99.11,1944.97
12,13.5,88,1.62,False,False,2,31.98,1911.7
13,13.5,63,0.8,False,False,2,147.03,1763.78
14,13.5,94,0.82,False,False,2,46.82,1716.25
15,13.5,92,1.65,False,False,2,73.73,1641.74
16,13.5,92,0.67,False,False,2,85.51,1554.95
17,13.5,83,1.33,False,False,2,125.15,1428.62
18,13.5,85,1.79,False,False,2,108.56,1319.02
19,13.5,76,1.22,False,False,2,61.57,1256.78
20,13.5,66,1.43,False,False,2,49.39,1206.67
21,13.5,79,0.9,False,False,2,99.12,1106.7
22,13.5,71,1.7,False,False,2,28.93,1076.88
1,13.88,101,0.66,False,False,2,75.83,0.01
2,13.88,109,1.8,False,False,2,48.61,2760.19
3,13.88,80,1.61,False,False,2,38.67,2719.11
4,13.88,68,1.75,False,False,2,143.11,2575.1
5,13.88,94,1.79,False,False,2,137.11,2435.53
6,13.88,78,0.88,False,False,2,70.62,2364.4
7,13.88,65,0.74,False,False,2,72.46,2290.82
8,13.88,75,1.3,False,False,2,113.25,2176.3
9,13.88,61,0.73,False,False,2,139.95,2035.42
10,13.88,86,1.85,False,False,2,34.36,2000.34
11,13.88,70,0.77,False,False,2,48.91,1947.9
12,13.88,90,1.34,False,False,2,121.69,1825.33
13,13.88,61,0.9,False,False,2,43.84,1778.94
14,13.88,92,1.85,False,False,2,58.5,1719.62
15,13.88,89,0.83,False,False,2,148.17,1570.49
16,13.88,94,1.8,False,False,2,48.8,1520.56
17,13.88,83,1.84,False,False,2,109.89,1409.82
18,13.88,88,1.29,False,False,2,140.69,1267.55
19,13.88,78,0.51,False,False,2,60.03,1206.84
20,13.88,66,1.92,False,False,2,25.03,1181.02
21,13.88,81,1.64,False,False,2,41.07,1139.14
22,13.88,71,1.64,False,False,2,46.36,1091.88
1,14.25,101,1.28,False,False,2,90.26,0.01
2,14.25,107,0.64,False,False,2,99.41,2847.08
3,14.25,81,0.81,False,False,2,43.48,2800.99
4,14.25,69,1.81,False,False,2,145.37,2654.68
5,14.25,95,0.55,False,False,2,113.24,2540.05
6,14.25,76,1.33,False,False,2,64.34,2474.82
7,14.25,63,1.33,False,False,2,98.84,2373.43
8,14.25,76,0.62,False,False,2,77.76,2295.36
9,14.25,60,0.82,False,False,2,119.0,2175.68
10,14.25,87,1.46,False,False,2,74.06,2100.98
11,14.25,71,1.8,False,False,2,46.37,2053.37
12,14.25,87,0.69,False,False,2,54.99,1997.57
13,14.25,64,1.43,False,False,2,34.44,1960.5
14,14.25,90,0.92,False,False,2,149.97,1809.52
15,14.25,86,1.09,False,False,2,124.53,1684.32
16,14.25,92,1.68,False,False,2,23.49,1660.02
17,14.25,83,0.55,False,False,2,124.47,1534.96
18,14.25,91,1.55,False,False,2,46.46,1487.89
19,14.25,80,1.5,False,False,2,76.6,1410.14
20,14.25,68,0.76,False,False,2,131.65,1277.86
21,14.25,83,1.64,False,False,2,117.69,1158.85
22,14.25,72,0.91,False,False,2,72.18,1085.76
1,14.62,98,1.55,False,False,2,84.75,0.01
2,14.62,108,0.75,False,False,2,50.84,2947.27
3,14.62,82,1.39,False,False,2,110.38,2835.84
4,14.62,68,1.18,False,False,2,97.9,2737.46
5,14.62,97,1.61,False,False,2,130.01,2606.47
6,14.62,78,1.51,False,False,2,133.91,2471.48
7,14.62,66,1.32,False,False,2,149.71,2320.41
8,14.62,73,1.25,False,False,2,109.1,2209.21
9,14.62,63,1.7,False,False,2,25.03,2181.77
10,14.62,90,1.26,False,False,2,35.95,2145.05
11,14.62,72,0.5,False,False,2,61.2,2082.71
13,14.62,67,1.23,False,False,2,69.04,2008.81
14,14.62,88,1.58,False,False,2,75.62,1932.28
15,14.62,88,1.4,False,False,2,84.21,1847.05
16,14.62,94,1.36,False,False,2,135.37,1711.08
17,14.62,81,0.68,False,False,2,102.73,1607.51
18,14.62,94,0.61,False,False,2,28.14,1578.45
19,14.62,83,1.47,False,False,2,79.77,1497.27
20,14.62,70,1.82,False,False,2,144.16,1352.52
21,14.62,85,1.7,False,False,2,149.97,1201.44
22,14.62,75,0.8,False,False,2,136.22,1063.14
1,15.0,99,0.69,False,False,2,60.49,0.02
2,15.0,107,0.81,False,False,2,144.46,2483.09
3,15.0,82,1.56,False,False,2,60.32,2420.3
4,15.0,69,1.58,False,False,2,22.65,2396.92
5,15.0,95,1.73,False,False,2,67.49,2328.36
6,15.0,78,1.59,False,False,2,49.22,2278.53
7,15.0,65,1.01,False,False,2,78.42,2199.38
8,15.0,73,1.96,False,False,2,50.19,2147.99
9,15.0,66,1.3,False,False,2,38.91,2108.57
10,15.0,88,1.16,False,False,2,89.92,2017.7
11,15.0,69,1.84,False,False,2,21.81,1995.21
12,15.0,91,0.95,False,False,2,55.51,1938.83
13,15.0,68,1.41,False,False,2,108.49,1829.24
14,15.0,90,1.92,False,False,2,66.7,1761.66
15,15.0,86,1.76,False,False,2,53.91,1706.79
16,15.0,95,1.71,False,False,2,92.92,1612.99
17,15.0,81,1.81,False,False,2,149.47,1462.54
18,15.0,96,1.31,False,False,2,141.32,1320.25
19,15.0,85,2.0,False,False,2,89.84,1229.4
20,15.0,72,1.39,False,False,2,69.7,1157.15
21,15.0,88,0.69,False,False,2,47.59,1108.59
22,15.0,76,1.27,False,False,2,56.12,1051.69
1,15.38,96,0.7,False,False,2,49.59,0.01
2,15.38,108,1.38,False,False,2,51.47,2599.98
3,15.38,82,1.06,False,False,2,79.31,2519.91
4,15.38,66,0.95,False,False,2,34.15,2484.96
5,15.38,92,0.98,False,False,2,39.26,2444.78
6,15.38,77,0.87,False,False,2,22.74,2421.54
7,15.38,63,1.1,False,False,2,122.46,2298.52
8,15.38,72,1.95,False,False,2,39.55,2257.84
9,15.38,67,1.87,False,False,2,90.86,2165.9
10,15.38,87,1.77,False,False,2,54.71,2108.73
11,15.38,68,1.17,False,False,2,50.81,2056.85
12,15.38,94,1.55,False,False,2,44.67,2010.82
13,15.38,68,0.61,False,False,2,136.81,1871.1
14,15.38,92,1.86,False,False,2,40.95,1829.47
15,15.38,86,1.58,False,False,2,123.39,1705.55
16,15.38,94,1.02,False,False,2,88.48,1616.59
17,15.38,81,0.7,False,False,2,107.38,1508.69
18,15.38,98,1.55,False,False,2,76.7,1431.15
19,15.38,87,1.53,False,False,2,92.25,1338.28
20,15.38,70,1.7,False,False,2,138.78,1198.73
21,15.38,85,1.98,False,False,2,33.15,1163.36
22,15.38,75,0.87,False,False,2,28.39,1133.88
1,15.75,97,0.68,False,False,2,132.22,0.01
2,15.75,108,1.84,False,False,2,82.94,2745.17
3,15.75,84,1.84,False,False,2,105.32,2639.15
4,15.75,65,1.25,False,False,2,74.77,2563.67
5,15.75,91,0.54,False,False,2,103.7,2459.34
6,15.75,79,1.43,False,False,2,26.11,2432.54
7,15.75,65,1.45,False,False,2,79.05,2350.98
8,15.75,74,0.96,False,False,2,125.3,2224.75
9,15.75,70,1.0,False,False,2,66.83,2157.3
10,15.75,88,1.4,False,False,2,112.16,2043.76
11,15.75,68,1.87,False,False,2,136.25,1906.34
12,15.75,91,0.52,False,False,2,21.42,1883.79
13,15.75,71,1.35,False,False,2,53.02,1829.86
14,15.75,94,1.04,False,False,2,54.26,1774.88
15,15.75,83,1.29,False,False,2,140.78,1633.27
16,15.75,91,1.16,False,False,2,125.99,1506.63
17,15.75,79,1.77,False,False,2,94.29,1409.43
18,15.75,99,1.76,False,False,2,20.79,1387.87
19,15.75,90,0.56,False,False,2,73.85,1313.51
20,15.75,71,1.79,False,False,2,40.19,1272.36
21,15.75,84,0.63,False,False,2,101.57,1170.24
22,15.75,72,1.48,False,False,2,48.69,1120.61
1,16.12,94,1.67,False,False,2,118.47,0.01
2,16.12,109,0.71,False,False,2,65.51,2901.28
3,16.12,86,1.62,False,False,2,21.49,2878.72
4,16.12,66,1.21,False,False,2,131.21,2746.6
5,16.12,94,1.62,False,False,2,92.03,2653.03
6,16.12,81,1.14,False,False,2,148.76,2502.95
7,16.12,67,0.73,False,False,2,136.22,2365.12
8,16.12,72,0.72,False,False,2,53.56,2310.71
9,16.12,72,1.92,False,False,2,20.71,2289.08
10,16.12,88,1.75,False,False,2,49.15,2238.82
11,16.12,70,1.36,False,False,2,146.97,2090.96
12,16.12,92,0.85,False,False,2,26.38,2063.91
13,16.12,71,0.64,False,False,2,96.11,1967.07
14,16.12,94,1.36,False,False,2,30.7,1934.75
15,16.12,84,0.71,False,False,2,144.33,1788.69
16,16.12,88,1.74,False,False,2,138.88,1649.19
17,16.12,78,1.16,False,False,2,101.49,1546.03
18,16.12,98,1.51,False,False,2,35.48,1509.94
19,16.12,89,1.81,False,False,2,110.8,1398.56
20,16.12,71,1.55,False,False,2,94.93,1302.98
21,16.12,82,1.67,False,False,2,72.26,1229.85
22,16.12,71,1.35,False,False,2,134.91,1093.15
1,16.5,92,1.09,False,False,2,90.17,0.01
2,16.5,112,1.95,False,False,2,60.42,2783.54
3,16.5,88,1.3,False,False,2,123.8,2657.76
4,16.5,65,0.7,False,False,2,111.47,2545.79
5,16.5,93,0.61,False,False,2,58.78,2485.97
6,16.5,80,1.08,False,False,2,52.0,2431.57
7,16.5,68,0.72,False,False,2,86.05,2344.63
8,16.5,69,1.87,False,False,2,140.96,2202.93
9,16.5,70,1.55,False,False,2,146.22,2055.95
10,16.5,87,1.66,False,False,2,35.33,2016.54
11,16.5,71,1.6,False,False,2,117.18,1898.15
12,16.5,94,1.07,False,False,2,87.26,1809.64
14,16.5,94,1.9,False,False,2,72.31,1735.88
15,16.5,82,0.62,False,False,2,27.04,1707.38
16,16.5,87,1.19,False,False,2,48.32,1658.31
17,16.5,76,1.01,False,False,2,23.35,1633.85
18,16.5,96,0.89,False,False,2,85.67,1547.55
19,16.5,88,0.73,False,False,2,89.27,1457.56
20,16.5,73,1.02,False,False,2,135.21,1321.03
21,16.5,80,1.01,False,False,2,137.68,1181.31
22,16.5,69,0.51,False,False,2,142.16,1036.54
1,16.88,92,1.38,False,False,2,33.26,0.01
2,16.88,111,1.03,False,False,2,143.54,2682.75
3,16.88,86,1.54,False,False,2,39.54,2642.22
4,16.88,67,1.62,False,False,2,49.34,2592.23
5,16.88,94,1.84,False,False,2,82.02,2507.78
6,16.88,79,0.66,False,False,2,140.58,2366.12
7,16.88,69,1.3,False,False,2,145.98,2219.12
8,16.88,68,1.7,False,False,2,97.23,2119.6
9,16.88,70,1.92,False,False,2,142.79,1975.98
10,16.88,84,1.13,False,False,2,86.59,1888.38
11,16.88,73,0.69,False,False,2,45.48,1841.98
12,16.88,92,0.83,False,False,2,42.84,1797.92
13,16.88,73,0.67,False,False,2,139.14,1655.36
14,16.88,93,0.66,False,False,2,26.51,1628.01
15,16.88,85,1.65,False,False,2,131.6,1494.47
16,16.88,85,1.43,False,False,2,26.67,1466.77
17,16.88,77,1.1,False,False,2,81.02,1384.8
18,16.88,99,1.65,False,False,2,76.48,1307.33
19,16.88,86,1.64,False,False,2,50.57,1255.91
20,16.88,71,1.61,False,False,2,83.14,1171.82
21,16.88,81,0.67,False,False,2,86.38,1084.2
22,16.88,72,1.81,False,False,2,32.02,1051.61
1,17.25,95,1.14,False,False,2,50.94,0.01
2,17.25,113,0.72,False,False,2,98.57,2899.06
3,17.25,85,1.63,False,False,2,138.04,2759.17
4,17.25,64,1.69,False,False,2,99.08,2658.59
5,17.25,92,1.7,False,False,2,66.0,2591.36
6,17.25,77,1.97,False,False,2,143.56,2446.79
7,17.25,66,1.66,False,False,2,35.97,2409.48
8,17.25,70,0.58,False,False,2,33.41,2375.57
9,17.25,68,0.65,False,False,2,20.13,2354.65
10,17.25,85,1.4,False,False,2,106.45,2247.32
11,17.25,74,0.92,False,False,2,121.52,2124.94
12,17.25,95,0.83,False,False,2,62.73,2060.26
13,17.25,75,0.94,False,False,2,99.69,1959.63
14,17.25,92,1.07,False,False,2,97.73,1860.93
15,17.25,83,1.51,False,False,2,52.39,1806.5
16,17.25,83,1.87,False,False,2,106.25,1698.78
17,17.25,76,1.59,False,False,2,138.59,1558.46
18,17.25,97,1.35,False,False,2,100.68,1455.83
19,17.25,87,1.28,False,False,2,116.22,1338.77
20,17.25,69,0.78,False,False,2,22.34,1315.61
21,17.25,82,1.72,False,False,2,139.29,1175.76
22,17.25,69,0.57,False,False,2,35.91,1139.06
1,17.62,93,1.82,False,False,2,136.33,0.01
2,17.62,114,0.77,False,False,2,149.0,2899.15
3,17.62,83,1.08,False,False,2,147.45,2750.85
4,17.62,62,0.66,False,False,2,114.58,2635.41
5,17.62,93,0.93,False,False,2,44.71,2589.67
6,17.62,80,1.6,False,False,2,125.87,2462.02
7,17.62,64,1.07,False,False,2,110.17,2350.95
8,17.62,67,1.96,False,False,2,139.89,2210.15
9,17.62,65,1.67,False,False,2,139.97,2069.04
10,17.62,84,1.74,False,False,2,91.0,1975.81
11,17.62,75,1.07,False,False,2,93.85,1880.95
12,17.62,94,1.27,False,False,2,52.54,1827.61
13,17.62,74,1.24,False,False,2,83.08,1743.55
14,17.62,91,0.89,False,False,2,36.08,1706.5
15,17.62,81,1.19,False,False,2,29.92,1674.22
16,17.62,84,0.6,False,False,2,128.32,1544.86
17,17.62,76,0.81,False,False,2,55.53,1488.48
18,17.62,96,1.91,False,False,2,92.46,1394.2
19,17.62,87,1.92,False,False,2,48.75,1344.51
20,17.62,71,1.28,False,False,2,72.71,1270.95
21,17.62,85,1.2,False,False,2,115.33,1154.68
22,17.62,66,1.95,False,False,2,93.32,1059.78
1,18.0,96,1.81,False,False,2,56.91,0.01
2,18.0,112,0.51,False,False,2,78.08,2901.15
3,18.0,81,1.46,False,False,2,49.52,2849.16
4,18.0,61,0.7,False,False,2,122.44,2726.02
5,18.0,93,0.71,False,False,2,104.42,2620.17
6,18.0,82,0.6,False,False,2,97.75,2521.35
7,18.0,67,1.54,False,False,2,95.14,2425.5
8,18.0,66,1.69,False,False,2,124.04,2300.65
9,18.0,63,0.61,False,False,2,30.68,2269.02
10,18.0,82,1.65,False,False,2,94.96,2171.72
11,18.0,77,1.82,False,False,2,96.07,2074.94
12,18.0,93,0.96,False,False,2,145.34,1928.32
13,18.0,76,1.52,False,False,2,70.45,1856.6
14,18.0,94,0.76,False,False,2,87.68,1766.45
15,18.0,81,1.99,False,False,2,143.24,1622.28
16,18.0,85,1.65,False,False,2,99.49,1521.96
17,18.0,76,1.37,False,False,2,116.38,1404.98
18,18.0,96,1.41,False,False,2,57.92,1346.24
19,18.0,87,0.63,False,False,2,48.01,1297.64
20,18.0,71,1.48,False,False,2,75.91,1220.9
21,18.0,83,0.66,False,False,2,62.77,1157.38
22,18.0,63,1.25,False,False,2,23.72,1133.03
1,18.38,93,1.6,False,False,2,131.49,0.01
2,18.38,112,1.56,False,False,2,147.92,2758.71
3,18.38,79,1.83,False,False,2,69.07,2688.74
4,18.38,60,0.71,False,False,2,119.6,2562.21
5,18.38,91,0.9,False,False,2,119.74,2441.31
6,18.38,80,0.51,False,False,2,74.86,2364.87
7,18.38,66,0.71,False,False,2,82.92,2281.44
8,18.38,63,0.54,False,False,2,141.48,2138.41
9,18.38,63,1.86,False,False,2,147.84,1988.85
10,18.38,84,1.67,False,False,2,65.32,1922.52
11,18.38,76,0.53,False,False,2,132.5,1788.99
12,18.38,95,1.16,False,False,2,116.24,1671.85
13,18.38,78,1.97,False,False,2,61.19,1609.34
14,18.38,92,0.84,False,False,2,51.14,1557.51
15,18.38,82,0.65,False,False,2,80.19,1475.89
16,18.38,87,0.94,False,False,2,60.48,1414.12
18,18.38,98,1.21,False,False,2,31.48,1380.2
19,18.38,88,1.33,False,False,2,93.88,1285.7
20,18.38,68,1.19,False,False,2,39.72,1244.65
21,18.38,80,1.72,False,False,2,66.81,1177.15
22,18.38,63,1.82,False,False,2,27.22,1149.13
1,18.75,95,1.17,False,False,2,146.07,0.01
2,18.75,111,1.76,False,False,2,89.31,2700.13
3,18.75,78,1.49,False,False,2,20.52,2678.47
4,18.75,61,1.67,False,False,2,60.87,2615.2
5,18.75,88,1.78,False,False,2,138.17,2476.04
6,18.75,78,1.62,False,False,2,112.86,2362.41
7,18.75,66,0.9,False,False,2,119.42,2242.45
8,18.75,66,1.8,False,False,2,141.92,2099.98
9,18.75,64,1.7,False,False,2,52.22,2046.96
10,18.75,82,1.75,False,False,2,90.16,1956.24
11,18.75,75,0.88,False,False,2,80.06,1873.92
12,18.75,94,1.75,False,False,2,65.3,1806.92
13,18.75,76,1.76,False,False,2,69.19,1734.28
14,18.75,95,1.67,False,False,2,26.86,1705.89
15,18.75,83,0.71,False,False,2,75.54,1629.41
16,18.75,89,1.6,False,False,2,78.87,1548.8
17,18.75,78,1.12,False,False,2,140.18,1407.93
18,18.75,95,1.84,False,False,2,30.56,1376.38
19,18.75,90,2.0,False,False,2,30.04,1344.2
20,18.75,67,0.83,False,False,2,86.81,1256.21
21,18.75,80,0.73,False,False,2,83.96,1171.73
22,18.75,62,0.57,False,False,2,129.73,1040.03
1,19.12,93,1.31,False,False,2,37.59,0.02
2,19.12,109,1.57,False,False,2,141.95,2734.13
3,19.12,81,1.04,False,False,2,128.36,2604.85
4,19.12,61,1.46,False,False,2,119.69,2483.83
5,19.12,89,1.85,False,False,2,111.79,2370.85
6,19.12,80,1.79,False,False,2,127.51,2241.27
7,19.12,65,1.07,False,False,2,71.55,2168.78
8,19.12,64,1.22,False,False,2,36.59,2131.22
9,19.12,67,0.78,False,False,2,81.6,2048.78
10,19.12,84,0.51,False,False,2,133.27,1913.68
11,19.12,72,1.14,False,False,2,139.48,1772.65
12,19.12,92,1.02,False,False,2,64.74,1706.92
14,19.12,92,1.41,False,False,2,41.92,1663.31
15,19.12,81,1.13,False,False,2,107.07,1555.79
16,19.12,87,1.87,False,False,2,33.23,1521.98
17,19.12,80,0.64,False,False,2,28.26,1492.86
18,19.12,93,0.52,False,False,2,52.22,1440.04
19,19.12,91,0.81,False,False,2,93.22,1345.83
20,19.12,66,1.92,False,False,2,22.96,1322.19
21,19.12,79,1.07,False,False,2,94.17,1227.27
22,19.12,62,1.01,False,False,2,102.09,1124.25
1,19.5,96,1.5,False,False,2,123.04,0.02
2,19.5,106,1.23,False,False,2,70.32,2910.11
3,19.5,78,1.74,False,False,2,148.29,2761.06
4,19.5,63,0.8,False,False,2,59.88,2700.11
5,19.5,89,1.14,False,False,2,90.55,2608.81
6,19.5,82,1.84,False,False,2,116.09,2491.57
7,19.5,67,1.35,False,False,2,83.52,2406.97
8,19.5,67,0.94,False,False,2,134.64,2269.93
9,19.5,69,1.38,False,False,2,38.68,2230.61
10,19.5,87,1.77,False,False,2,49.39,2180.63
11,19.5,72,1.63,False,False,2,96.49,2082.54
12,19.5,92,1.49,False,False,2,131.64,1949.36
13,19.5,76,0.94,False,False,2,102.89,1845.7
14,19.5,89,1.69,False,False,2,149.84,1694.61
15,19.5,82,1.75,False,False,2,126.32,1567.26
16,19.5,88,0.65,False,False,2,44.42,1522.08
17,19.5,80,0.64,False,False,2,33.47,1487.7
18,19.5,93,0.81,False,False,2,100.0,1387.14
19,19.5,93,1.59,False,False,2,85.47,1301.06
20,19.5,67,1.45,False,False,2,104.14,1195.32
22,19.5,62,1.16,False,False,2,50.6,1141.22
1,19.88,96,1.22,False,False,2,139.64,0.01
2,19.88,108,0.56,False,False,2,69.93,2977.63
3,19.88,81,0.82,False,False,2,104.46,2872.44
4,19.88,65,1.21,False,False,2,135.81,2735.62
5,19.88,88,1.93,False,False,2,93.71,2640.92
6,19.88,83,1.36,False,False,2,100.61,2539.51
7,19.88,69,0.69,False,False,2,118.26,2420.16
8,19.88,67,1.9,False,False,2,148.82,2270.29
9,19.88,66,1.02,False,False,2,31.02,2238.14
10,19.88,88,1.19,False,False,2,133.73,2101.73
11,19.88,74,1.17,False,False,2,53.65,2047.47
12,19.88,90,0.79,False,False,2,142.88,1903.98
13,19.88,78,1.18,False,False,2,78.14,1825.16
14,19.88,87,1.56,False,False,2,91.49,1732.41
15,19.88,81,0.85,False,False,2,82.02,1649.44
16,19.88,91,1.23,False,False,2,81.72,1565.19
17,19.88,79,0.98,False,False,2,81.69,1482.87
18,19.88,96,1.96,False,False,2,107.4,1374.92
19,19.88,96,1.54,False,False,2,90.23,1283.15
20,19.88,66,0.95,False,False,2,63.73,1218.76
21,19.88,80,1.29,False,False,2,114.78,1103.12
22,19.88,61,1.11,False,False,2,49.87,1051.22
1,20.25,97,1.58,False,False,2,49.07,0.01
2,20.25,108,1.59,False,False,2,98.24,2684.77
3,20.25,80,1.81,False,False,2,56.87,2627.08
4,20.25,66,1.85,False,False,2,47.86,2576.84
5,20.25,90,1.52,False,False,2,75.44,2500.44
6,20.25,85,1.08,False,False,2,111.36,2388.14
7,20.25,70,1.09,False,False,2,48.25,2338.49
8,20.25,67,1.29,False,False,2,61.81,2275.72
9,20.25,67,1.68,False,False,2,126.15,2148.43
10,20.25,89,0.91,False,False,2,81.64,2065.92
11,20.25,74,1.97,False,False,2,54.95,2010.23
12,20.25,88,0.78,False,False,2,43.29,1966.33
13,20.25,75,1.55,False,False,2,67.13,1898.28
14,20.25,84,1.62,False,False,2,82.81,1814.58
15,20.25,79,0.94,False,False,2,94.54,1719.19
16,20.25,94,1.21,False,False,2,117.63,1600.31
17,20.25,80,1.41,False,False,2,78.39,1521.02
18,20.25,97,0.81,False,False,2,87.44,1432.67
19,20.25,97,1.92,False,False,2,92.85,1339.24
20,20.25,63,1.36,False,False,2,113.9,1224.76
21,20.25,83,0.85,False,False,2,43.23,1179.97
22,20.25,63,1.38,False,False,2,70.03,1109.1
1,20.62,95,1.33,False,False,2,107.79,0.01
2,20.62,110,0.57,False,False,2,29.8,2755.58
3,20.62,77,0.75,False,False,2,105.35,2649.66
4,20.62,68,1.51,False,False,2,110.34,2538.45
5,20.62,88,0.64,False,False,2,46.72,2491.06
7,20.62,72,1.27,False,False,2,133.92,2355.48
8,20.62,65,0.92,False,False,2,59.38,2295.06
9,20.62,68,1.19,False,False,2,80.79,2213.56
10,20.62,88,1.71,False,False,2,68.33,2143.89
11,20.62,77,0.83,False,False,2,29.57,2112.81
12,20.62,85,1.44,False,False,2,70.26,2037.93
13,20.62,75,0.82,False,False,2,142.61,1894.34
14,20.62,82,1.3,False,False,2,64.64,1828.79
15,20.62,82,1.08,False,False,2,112.75,1715.11
16,20.62,96,1.8,False,False,2,36.66,1677.91
17,20.62,82,1.84,False,False,2,64.32,1612.66
18,20.62,98,0.84,False,False,2,62.17,1549.41
19,20.62,100,1.12,False,False,2,130.6,1417.72
20,20.62,66,1.49,False,False,2,54.02,1362.88
21,20.62,84,0.7,False,False,2,116.73,1243.74
22,20.62,63,1.87,False,False,2,140.25,1102.94
1,21.0,96,1.37,False,False,2,101.28,0.02
2,21.0,110,0.9,False,False,2,69.14,2768.84
3,21.0,74,0.52,False,False,2,54.57,2713.06
4,21.0,69,0.72,False,False,2,93.8,2618.07
5,21.0,89,0.65,False,False,2,42.86,2571.6
6,21.0,87,0.66,False,False,2,103.03,2467.78
7,21.0,75,0.95,False,False,2,34.18,2432.37
8,21.0,62,1.75,False,False,2,84.22,2345.76
9,21.0,71,1.46,False,False,2,127.39,2217.77
10,21.0,87,0.57,False,False,2,88.57,2128.25
11,21.0,79,0.62,False,False,2,24.42,2103.07
12,21.0,84,0.58,False,False,2,145.22,1957.1
13,21.0,77,1.49,False,False,2,149.67,1804.47
14,21.0,84,1.17,False,False,2,68.44,1735.29
15,21.0,81,0.71,False,False,2,47.8,1686.51
16,21.0,93,1.54,False,False,2,73.52,1612.07
17,21.0,84,1.0,False,False,2,142.12,1469.26
18,21.0,96,1.02,False,False,2,102.05,1366.53
19,21.0,101,0.59,False,False,2,44.74,1321.07
20,21.0,68,1.11,False,False,2,52.5,1267.48
21,21.0,85,1.42,False,False,2,88.66,1178.21
22,21.0,60,1.9,False,False,2,79.73,1097.7
1,21.38,97,0.72,False,False,2,96.11,0.02
2,21.38,113,1.36,False,False,2,95.93,2816.41
3,21.38,73,0.68,False,False,2,51.47,2763.96
4,21.38,70,1.58,False,False,2,36.93,2726.06
5,21.38,89,1.23,False,False,2,89.81,2635.57
6,21.38,86,1.68,False,False,2,20.69,2614.15
7,21.38,77,1.94,False,False,2,136.37,2477.28
8,21.38,63,1.92,False,False,2,98.34,2377.85
9,21.38,71,0.64,False,False,2,99.79,2277.23
11,21.38,79,1.38,False,False,2,95.68,2180.84
12,21.38,85,1.03,False,False,2,137.76,2040.91
13,21.38,75,0.67,False,False,2,147.13,1892.97
14,21.38,87,1.59,False,False,2,34.0,1857.41
15,21.38,81,1.53,False,False,2,141.93,1714.02
16,21.38,92,1.72,False,False,2,55.04,1658.32
17,21.38,81,1.71,False,False,2,80.9,1576.87
18,21.38,99,0.74,False,False,2,137.71,1438.36
19,21.38,98,1.55,False,False,2,145.1,1292.7
20,21.38,69,1.65,False,False,2,29.22,1262.92
21,21.38,83,1.63,False,False,2,66.07,1195.58
22,21.38,60,1.12,False,False,2,143.29,1051.29
1,21.75,98,1.94,False,False,2,49.94,0.01
2,21.75,113,1.67,False,False,2,139.17,1866.83
3,21.75,75,0.62,False,False,2,31.56,1834.57
4,21.75,72,1.31,False,False,2,118.45,1715.17
5,21.75,89,1.9,False,False,2,113.06,1601.67
6,21.75,87,1.2,False,False,2,118.59,1482.53
7,21.75,80,1.53,False,False,2,148.49,1333.38
8,21.75,66,1.97,False,False,2,137.8,1194.66
9,21.75,74,1.6,False,False,2,126.38,1067.78
10,21.75,88,0.87,False,False,2,59.24,1008.12
11,21.75,81,1.41,False,False,2,103.02,902.92
12,21.75,83,1.29,False,False,2,83.83,817.49
13,21.75,73,0.83,False,False,2,96.85,719.8
14,21.75,87,0.76,False,False,2,42.75,676.24
15,21.75,78,1.97,False,False,2,84.73,591.24
16,21.75,94,1.38,False,False,2,125.75,465.09
17,21.75,78,0.7,False,False,2,97.58,366.86
18,21.75,98,1.13,False,False,2,66.43,299.75
19,21.75,95,1.54,False,False,2,94.83,204.34
20,21.75,66,1.89,False,False,2,99.71,103.06
21,21.75,80,1.23,False,False,2,102.16,0.01
22,21.75,61,1.47,False,False,2,145.72,1960.54
1,22.12,101,1.58,False,False,2,86.27,873.26
2,22.12,110,1.13,False,False,2,117.66,754.76
3,22.12,72,1.28,False,False,2,27.09,726.92
4,22.12,70,1.46,False,False,2,89.45,636.87
5,22.12,92,1.49,False,False,2,62.77,573.31
6,22.12,89,0.93,False,False,2,131.12,441.25
7,22.12,77,1.99,False,False,2,48.35,392.43
8,22.12,68,1.1,False,False,2,33.85,357.09
9,22.12,74,1.59,False,False,2,131.08,225.13
10,22.12,85,0.69,False,False,2,90.56,132.02
11,22.12,80,0.69,False,False,2,130.1,0.01
12,22.12,82,1.43,False,False,2,81.89,1929.1
13,22.12,73,1.54,False,False,2,103.02,1823.44
14,22.12,86,0.8,False,False,2,123.63,1699.32
15,22.12,78,1.96,False,False,2,114.8,1583.79
16,22.12,94,1.01,False,False,2,39.46,1541.95
17,22.12,77,0.9,False,False,2,60.04,1481.45
18,22.12,101,1.4,False,False,2,50.25,1429.74
19,22.12,95,1.56,False,False,2,39.12,1388.59
20,22.12,65,1.92,False,False,2,55.56,1332.28
21,22.12,82,0.97,False,False,2,92.11,1239.17
22,22.12,60,0.96,False,False,2,46.37,1192.2
1,22.5,98,1.65,False,False,2,86.46,103.61
2,22.5,112,2.0,False,False,2,103.02,0.01
3,22.5,71,1.89,False,False,2,71.25,2368.19
4,22.5,68,1.4,False,False,2,146.93,2220.5
6,22.5,89,1.34,False,False,2,24.89,2194.64
7,22.5,76,1.08,False,False,2,131.17,2063.0
8,22.5,67,1.25,False,False,2,85.46,1976.35
9,22.5,77,0.55,False,False,2,137.25,1838.4
10,22.5,82,0.99,False,False,2,27.2,1810.31
11,22.5,82,1.79,False,False,2,85.8,1723.94
12,22.5,85,1.96,False,False,2,45.59,1677.68
13,22.5,74,1.85,False,False,2,96.99,1579.49
14,22.5,85,1.9,False,False,2,58.58,1519.62
15,22.5,79,1.8,False,False,2,34.02,1484.87
16,22.5,96,0.53,False,False,2,77.11,1406.61
17,22.5,77,0.65,False,False,2,122.26,1283.58
18,22.5,101,1.49,False,False,2,27.41,1255.01
19,22.5,94,0.55,False,False,2,74.44,1179.52
21,22.5,79,1.01,False,False,2,60.74,1115.61
22,22.5,62,0.88,False,False,2,26.9,1088.25
1,22.88,99,1.84,False,False,2,87.21,0.01
2,22.88,112,1.02,False,False,2,132.92,2859.1
3,22.88,74,1.76,False,False,2,64.54,2793.87
4,22.88,65,1.4,False,False,2,124.59,2668.25
5,22.88,88,1.12,False,False,2,84.38,2582.77
6,22.88,91,0.75,False,False,2,78.97,2502.42
7,22.88,77,1.19,False,False,2,91.42,2409.41
8,22.88,68,1.4,False,False,2,67.47,2341.39
9,22.88,74,1.66,False,False,2,35.56,2304.92
10,22.88,81,1.1,False,False,2,48.15,2256.03
11,22.88,84,1.76,False,False,2,125.03,2130.41
12,22.88,83,1.19,False,False,2,65.98,2063.91
13,22.88,73,1.04,False,False,2,86.72,1976.43
14,22.88,82,1.85,False,False,2,88.18,1886.87
15,22.88,77,1.48,False,False,2,23.69,1862.49
16,22.88,96,1.97,False,False,2,143.17,1718.67
17,22.88,77,1.08,False,False,2,51.8,1665.96
18,22.88,98,0.57,False,False,2,130.26,1534.59
19,22.88,95,1.03,False,False,2,147.13,1387.01
20,22.88,67,0.74,False,False,2,50.33,1336.15
21,22.88,82,1.35,False,False,2,109.14,1226.01
22,22.88,60,0.94,False,False,2,83.06,1141.87
1,23.25,99,0.67,False,False,2,140.53,0.01
2,23.25,110,1.71,False,False,2,149.33,2967.81
3,23.25,73,1.88,False,False,2,97.72,2869.5
4,23.25,63,1.69,False,False,2,75.54,2793.31
5,23.25,86,0.52,False,False,2,146.95,2645.63
6,23.25,90,1.38,False,False,2,104.28,2540.55
7,23.25,77,0.69,False,False,2,127.59,2411.96
8,23.25,69,1.77,False,False,2,109.03,2302.29
9,23.25,73,1.63,False,False,2,27.52,2273.98
10,23.25,78,1.04,False,False,2,120.39,2153.06
11,23.25,83,1.57,False,False,2,68.96,2083.31
12,23.25,80,1.6,False,False,2,58.63,2023.92
13,23.25,70,1.16,False,False,2,136.53,1886.57
14,23.25,83,0.51,False,False,2,28.94,1856.67
15,23.25,79,1.32,False,False,2,36.19,1818.07
16,23.25,98,1.57,False,False,2,21.6,1794.91
17,23.25,80,0.62,False,False,2,104.07,1690.01
18,23.25,100,1.37,False,False,2,103.89,1585.18
19,23.25,92,1.11,False,False,2,142.7,1441.64
20,23.25,65,0.51,False,False,2,137.58,1303.62
21,23.25,81,0.7,False,False,2,30.35,1272.71
22,23.25,61,1.7,False,False,2,123.88,1148.24
1,23.62,99,1.8,False,False,2,146.86,0.01
2,23.62,107,1.56,False,False,2,148.32,2547.21
3,23.62,72,0.71,False,False,2,100.96,2445.56
4,23.62,62,1.23,False,False,2,77.7,2367.0
5,23.62,84,1.64,False,False,2,20.35,2345.9
6,23.62,89,0.55,False,False,2,42.99,2301.2
7,23.62,78,0.73,False,False,2,100.96,2199.79
8,23.62,70,1.19,False,False,2,54.58,2144.47
9,23.62,72,1.73,False,False,2,84.59,2059.36
10,23.62,81,1.85,False,False,2,34.87,2020.87
11,23.62,86,1.0,False,False,2,43.75,1975.64
12,23.62,83,0.82,False,False,2,23.76,1950.86
13,23.62,69,1.13,False,False,2,116.98,1833.08
14,23.62,83,1.33,False,False,2,28.37,1803.91
15,23.62,78,1.35,False,False,2,49.68,1753.56
16,23.62,95,0.72,False,False,2,142.3,1610.11
17,23.62,81,0.67,False,False,2,112.88,1496.76
18,23.62,100,0.65,False,False,2,86.9,1409.02
19,23.62,92,1.58,False,False,2,64.13,1343.72
20,23.62,66,1.19,False,False,2,132.42,1210.5
21,23.62,82,1.12,False,False,2,65.96,1144.07
22,23.62,63,1.4,False,False,2,82.45,1060.73
1,24.0,102,1.21,False,False,2,59.74,0.02
2,24.0,105,1.66,False,False,2,61.1,2900.41
3,24.0,71,0.6,False,False,2,83.44,2816.52
4,24.0,65,1.16,False,False,2,72.64,2743.17
5,24.0,82,1.14,False,False,2,84.91,2657.63
6,24.0,91,1.83,False,False,2,129.99,2526.63
7,24.0,79,1.33,False,False,2,115.17,2410.51
8,24.0,69,1.51,False,False,2,102.11,2307.45
9,24.0,75,1.98,False,False,2,106.83,2200.01
10,24.0,82,1.17,False,False,2,29.75,2169.95
11,24.0,84,1.62,False,False,2,119.16,2050.39
12,24.0,85,0.52,False,False,2,33.99,2015.65
13,24.0,71,0.52,False,False,2,110.57,1904.56
14,24.0,83,1.06,False,False,2,131.74,1772.38
15,24.0,76,1.39,False,False,2,22.97,1748.78
16,24.0,95,1.95,False,False,2,111.69,1636.31
17,24.0,79,1.41,False,False,2,106.91,1529.05
18,24.0,103,1.2,False,False,2,110.91,1417.49
19,24.0,94,1.94,False,False,2,69.09,1347.87
20,24.0,69,1.88,False,False,2,110.42,1235.1
21,24.0,79,0.5,False,False,2,99.73,1134.3
22,24.0,64,1.85,False,False,2,70.97,1061.29
1,24.38,99,0.99,False,False,2,58.98,0.01
2,24.38,102,1.74,False,False,2,51.86,2924.33
3,24.38,70,1.44,False,False,2,106.63,2817.06
4,24.38,63,1.98,False,False,2,105.9,2710.7
5,24.38,81,1.73,False,False,2,32.95,2676.55
6,24.38,89,1.22,False,False,2,80.54,2595.28
7,24.38,76,1.91,False,False,2,62.97,2531.46
8,24.38,68,0.54,False,False,2,64.88,2464.0
9,24.38,77,1.58,False,False,2,125.08,2337.76
10,24.38,82,0.6,False,False,2,121.91,2214.22
11,24.38,85,0.54,False,False,2,78.62,2134.66
12,24.38,87,1.53,False,False,2,60.3,2073.57
13,24.38,74,1.88,False,False,2,88.05,1984.78
14,24.38,81,0.51,False,False,2,91.58,1891.77
15,24.38,73,0.61,False,False,2,101.8,1789.28
16,24.38,98,0.88,False,False,2,138.76,1649.68
17,24.38,78,0.76,False,False,2,100.01,1549.15
18,24.38,104,1.58,False,False,2,63.73,1484.86
19,24.38,97,1.93,False,False,2,133.74,1350.05
20,24.38,72,0.84,False,False,2,54.72,1294.43
21,24.38,79,1.65,False,False,2,47.35,1246.05
22,24.38,61,1.91,False,False,2,117.09,1128.23
1,24.75,102,0.59,False,False,2,127.43,0.01
2,24.75,99,1.24,False,False,2,71.34,1932.84
3,24.75,73,1.45,False,False,2,93.39,1838.24
4,24.75,64,1.53,False,False,2,130.88,1706.84
5,24.75,83,1.52,False,False,2,93.38,1612.8
6,24.75,91,1.05,False,False,2,106.81,1505.19
7,24.75,79,1.08,False,False,2,34.05,1470.06
8,24.75,71,1.21,False,False,2,112.5,1356.1
9,24.75,75,1.8,False,False,2,141.08,1214.49
10,24.75,82,1.47,False,False,2,79.22,1134.5
11,24.75,82,1.95,False,False,2,37.04,1096.92
12,24.75,84,0.53,False,False,2,132.36,963.84
13,24.75,73,0.66,False,False,2,136.54,826.29
14,24.75,81,0.84,False,False,2,131.29,692.3
15,24.75,70,1.41,False,False,2,110.44,580.85
16,24.75,101,0.51,False,False,2,29.24,551.04
17,24.75,76,1.89,False,False,2,85.32,465.19
18,24.75,107,0.62,False,False,2,109.37,355.28
19,24.75,97,1.17,False,False,2,99.32,254.66
20,24.75,74,1.2,False,False,2,103.48,150.33
21,24.75,81,0.62,False,False,2,149.5,0.01
22,24.75,60,1.05,False,False,2,20.05,2086.71
1,25.12,104,1.17,False,False,2,98.94,986.29
2,25.12,97,0.63,False,False,2,138.1,846.8
3,25.12,74,1.25,False,False,2,66.98,779.28
4,25.12,62,1.43,False,False,2,83.65,694.19
5,25.12,82,1.94,False,False,2,45.14,648.22
6,25.12,91,0.97,False,False,2,85.73,561.44
7,25.12,79,1.42,False,False,2,115.59,445.08
8,25.12,74,1.2,False,False,2,101.37,342.95
9,25.12,77,0.61,False,False,2,111.94,229.56
10,25.12,84,1.37,False,False,2,84.59,144.26
11,25.12,85,1.82,False,False,2,143.41,0.01
12,25.12,83,1.26,False,False,2,129.11,2013.77
13,25.12,71,1.68,False,False,2,105.63,1907.15
14,25.12,80,0.84,False,False,2,52.95,1853.12
15,25.12,68,1.65,False,False,2,78.86,1773.51
16,25.12,100,1.16,False,False,2,120.61,1652.23
17,25.12,76,1.32,False,False,2,35.41,1614.4
18,25.12,106,1.89,False,False,2,96.8,1515.31
19,25.12,97,0.59,False,False,2,113.93,1400.7
20,25.12,74,0.94,False,False,2,111.27,1288.23
21,25.12,78,0.62,False,False,2,100.74,1187.03
22,25.12,60,1.46,False,False,2,141.77,1043.61
1,25.5,107,1.91,False,False,2,41.4,0.01
2,25.5,95,1.68,False,False,2,107.91,2706.09
3,25.5,72,1.33,False,False,2,93.73,2611.55
4,25.5,61,1.91,False,False,2,135.32,2474.35
5,25.5,79,1.62,False,False,2,37.08,2434.7
6,25.5,90,1.75,False,False,2,112.98,2320.73
7,25.5,80,1.96,False,False,2,24.19,2295.68
8,25.5,72,1.52,False,False,2,31.05,2264.02
9,25.5,75,0.89,False,False,2,126.3,2137.14
10,25.5,87,1.8,False,False,2,41.06,2095.58
11,25.5,84,1.37,False,False,2,73.79,2021.29
12,25.5,86,1.24,False,False,2,106.86,1913.58
13,25.5,68,1.3,False,False,2,56.18,1856.37
14,25.5,82,1.42,False,False,2,107.1,1748.61
15,25.5,69,1.09,False,False,2,135.03,1612.94
16,25.5,102,1.96,False,False,2,142.42,1469.6
17,25.5,75,0.66,False,False,2,114.78,1354.19
18,25.5,105,1.54,False,False,2,21.65,1332.05
19,25.5,96,0.77,False,False,2,28.38,1303.3
20,25.5,71,1.49,False,False,2,66.92,1235.8
21,25.5,76,1.81,False,False,2,64.93,1170.19
22,25.5,62,1.72,False,False,2,21.55,1147.6
1,25.88,104,1.84,False,False,2,146.6,0.01
2,25.88,93,1.06,False,False,2,146.47,2836.11
3,25.88,71,1.34,False,False,2,99.49,2735.32
4,25.88,62,1.74,False,False,2,33.22,2700.56
5,25.88,80,1.41,False,False,2,56.23,2643.6
6,25.88,88,1.68,False,False,2,144.7,2497.99
7,25.88,79,0.74,False,False,2,42.73,2454.48
8,25.88,75,0.95,False,False,2,138.29,2315.15
9,25.88,78,1.86,False,False,2,132.13,2182.36
10,25.88,88,1.86,False,False,2,45.5,2136.1
11,25.88,87,1.45,False,False,2,147.03,1987.95
12,25.88,85,0.91,False,False,2,81.8,1905.23
13,25.88,70,1.17,False,False,2,146.41,1758.12
14,25.88,80,1.4,False,False,2,108.28,1649.06
15,25.88,67,0.85,False,False,2,89.04,1559.03
16,25.88,105,0.53,False,False,2,31.56,1527.08
17,25.88,74,0.67,False,False,2,48.54,1477.7
18,25.88,103,0.68,False,False,2,130.95,1346.13
19,25.88,99,1.8,False,False,2,46.38,1298.67
20,25.88,74,1.41,False,False,2,79.75,1217.96
21,25.88,73,0.81,False,False,2,47.19,1169.82
22,25.88,61,0.87,False,False,2,116.12,1053.12
1,26.25,106,1.23,False,False,2,52.07,0.01
2,26.25,92,1.95,False,False,2,74.44,2491.34
3,26.25,68,1.7,False,False,2,100.75,2390.03
4,26.25,60,0.83,False,False,2,31.05,2358.31
5,26.25,83,0.8,False,False,2,115.78,2241.48
6,26.25,91,1.71,False,False,2,66.08,2174.06
7,26.25,82,0.65,False,False,2,69.59,2104.01
8,26.25,73,0.72,False,False,2,20.83,2082.37
9,26.25,77,1.09,False,False,2,106.38,1975.35
10,26.25,90,0.7,False,False,2,23.67,1951.19
11,26.25,86,1.86,False,False,2,22.66,1927.75
12,26.25,82,1.03,False,False,2,76.33,1850.69
13,26.25,72,1.39,False,False,2,111.52,1738.72
15,26.25,65,0.76,False,False,2,101.22,1636.1
16,26.25,102,0.88,False,False,2,54.17,1580.86
17,26.25,77,1.25,False,False,2,48.92,1531.21
18,26.25,103,1.7,False,False,2,114.01,1415.76
19,26.25,98,1.64,False,False,2,85.79,1329.19
20,26.25,74,0.65,False,False,2,128.52,1199.68
21,26.25,72,0.59,False,False,2,43.21,1155.64
22,26.25,60,1.66,False,False,2,70.12,1084.93
1,26.62,106,1.27,False,False,2,83.95,0.01
2,26.62,93,1.9,False,False,2,125.92,2754.08
3,26.62,70,0.99,False,False,2,25.12,2727.94
4,26.62,60,1.31,False,False,2,144.01,2583.09
5,26.62,84,0.95,False,False,2,54.0,2528.21
6,26.62,92,1.51,False,False,2,117.65,2410.02
7,26.62,85,1.56,False,False,2,96.09,2313.43
8,26.62,71,0.51,False,False,2,144.14,2168.5
9,26.62,79,0.55,False,False,2,26.54,2141.12
10,26.62,92,1.21,False,False,2,75.74,2064.46
11,26.62,88,0.99,False,False,2,73.35,1990.36
12,26.62,83,1.02,False,False,2,24.98,1964.49
13,26.62,71,1.09,False,False,2,120.93,1842.64
14,26.62,74,0.54,False,False,2,67.94,1774.03
15,26.62,67,0.73,False,False,2,72.45,1700.46
16,26.62,100,1.78,False,False,2,115.3,1584.13
17,26.62,78,0.99,False,False,2,71.97,1511.46
18,26.62,105,1.06,False,False,2,26.3,1482.75
19,26.62,95,1.15,False,False,2,107.51,1374.28
20,26.62,77,1.74,False,False,2,124.94,1248.69
21,26.62,69,0.87,False,False,2,82.71,1165.28
22,26.62,60,0.66,False,False,2,136.23,1027.23
1,27.0,104,1.33,False,False,2,25.69,0.01
2,27.0,91,1.32,False,False,2,95.92,2757.01
3,27.0,72,0.81,False,False,2,136.62,2619.23
4,27.0,60,1.87,False,False,2,20.44,2597.85
5,27.0,81,1.02,False,False,2,123.65,2473.33
6,27.0,95,1.75,False,False,2,92.69,2379.77
7,27.0,87,1.89,False,False,2,106.57,2272.25
8,27.0,69,0.86,False,False,2,35.22,2234.54
9,27.0,77,1.5,False,False,2,73.76,2160.21
10,27.0,93,1.17,False,False,2,74.01,2085.38
11,27.0,86,1.23,False,False,2,56.15,2026.97
12,27.0,85,1.65,False,False,2,103.78,1922.48
13,27.0,69,1.99,False,False,2,113.29,1808.47
14,27.0,77,1.89,False,False,2,25.07,1781.97
15,27.0,64,0.66,False,False,2,113.66,1667.25
16,27.0,103,1.61,False,False,2,32.96,1633.68
17,27.0,77,1.18,False,False,2,122.96,1509.93
18,27.0,105,1.2,False,False,2,95.81,1413.31
19,27.0,92,1.11,False,False,2,146.12,1265.76
20,27.0,76,1.14,False,False,2,57.03,1206.49
21,27.0,68,1.93,False,False,2,73.43,1131.75
22,27.0,63,1.86,False,False,2,51.12,1079.96
1,27.38,103,1.47,False,False,2,78.35,0.01
2,27.38,90,0.52,False,False,2,114.41,2913.87
3,27.38,71,1.34,False,False,2,129.68,2783.61
4,27.38,60,1.35,False,False,2,31.99,2749.66
5,27.38,84,1.88,False,False,2,123.25,2625.4
6,27.38,95,1.41,False,False,2,146.61,2477.85
7,27.38,90,0.81,False,False,2,20.81,2455.97
8,27.38,69,1.81,False,False,2,116.05,2339.19
9,27.38,78,1.62,False,False,2,26.23,2312.25
10,27.38,93,1.82,False,False,2,120.76,2190.89
11,27.38,84,1.0,False,False,2,120.83,2069.26
12,27.38,85,1.89,False,False,2,100.01,1968.52
13,27.38,70,1.49,False,False,2,49.63,1914.5
14,27.38,78,1.92,False,False,2,123.82,1788.59
15,27.38,65,1.02,False,False,2,137.96,1649.67
16,27.38,103,1.39,False,False,2,63.6,1585.3
17,27.38,74,0.91,False,False,2,90.39,1494.05
18,27.38,106,1.93,False,False,2,44.73,1446.96
19,27.38,95,1.15,False,False,2,53.14,1393.21
20,27.38,78,0.71,False,False,2,138.46,1254.34
21,27.38,68,1.84,False,False,2,68.17,1185.53
22,27.38,63,0.66,False,False,2,69.97,1114.65
1,27.75,102,1.94,False,False,2,113.18,0.01
2,27.75,91,1.12,False,False,2,123.57,1900.87
3,27.75,73,1.4,False,False,2,96.44,1803.6
4,27.75,60,1.5,False,False,2,119.69,1682.51
5,27.75,85,1.52,False,False,2,128.88,1552.95
6,27.75,93,1.31,False,False,2,76.74,1475.15
7,27.75,87,1.33,False,False,2,120.35,1353.56
8,27.75,70,0.69,False,False,2,89.32,1262.94
9,27.75,76,0.54,False,False,2,86.51,1175.26
10,27.75,92,1.03,False,False,2,27.09,1147.03
11,27.75,87,1.01,False,False,2,43.92,1101.68
12,27.75,88,0.86,False,False,2,136.68,963.91
13,27.75,69,0.63,False,False,2,94.37,868.8
14,27.75,77,1.49,False,False,2,51.3,816.69
15,27.75,66,0.87,False,False,2,132.24,683.7
16,27.75,106,1.44,False,False,2,121.16,561.6
17,27.75,74,1.5,False,False,2,91.74,468.79
18,27.75,103,1.1,False,False,2,73.97,393.22
19,27.75,93,0.53,False,False,2,68.18,324.14
20,27.75,77,0.77,False,False,2,86.8,235.12
21,27.75,65,1.9,False,False,2,101.12,132.55
22,27.75,66,1.73,False,False,2,131.47,0.01
1,28.12,104,0.9,False,False,2,23.12,1014.02
2,28.12,90,0.86,False,False,2,133.86,878.72
3,28.12,72,1.72,False,False,2,137.06,740.68
4,28.12,60,1.68,False,False,2,140.79,599.33
5,28.12,87,0.6,False,False,2,71.65,526.79
6,28.12,93,0.64,False,False,2,127.58,398.51
7,28.12,84,1.91,False,False,2,123.71,274.16
8,28.12,67,1.74,False,False,2,92.89,180.08
9,28.12,77,1.92,False,False,2,22.21,155.43
10,28.12,91,1.5,False,False,2,106.99,47.67
11,28.12,89,1.35,False,False,2,46.92,0.02
12,28.12,86,1.34,False,False,2,115.98,2158.7
13,28.12,69,0.91,False,False,2,144.64,2013.29
14,28.12,75,1.71,False,False,2,130.87,1882.03
15,28.12,66,1.83,False,False,2,128.99,1752.11
16,28.12,108,0.54,False,False,2,108.89,1640.14
17,28.12,74,0.93,False,False,2,128.34,1511.01
18,28.12,104,0.84,False,False,2,76.74,1433.55
19,28.12,92,0.83,False,False,2,82.92,1348.72
20,28.12,78,1.29,False,False,2,110.63,1237.78
21,28.12,63,1.62,False,False,2,44.6,1192.54
22,28.12,63,1.05,False,False,2,104.23,1087.68
1,28.5,104,1.59,False,False,2,86.85,0.01
2,28.5,90,0.83,False,False,2,106.68,2460.44
3,28.5,72,1.73,False,False,2,80.98,2378.5
4,28.5,60,1.87,False,False,2,21.49,2355.42
5,28.5,89,1.84,False,False,2,43.54,2311.37
6,28.5,95,0.61,False,False,2,29.68,2280.92
7,28.5,85,0.53,False,False,2,25.49,2253.41
8,28.5,70,1.13,False,False,2,78.5,2173.81
9,28.5,75,1.11,False,False,2,47.9,2125.3
10,28.5,92,0.54,False,False,2,98.13,2026.34
11,28.5,91,0.62,False,False,2,65.14,1960.46
12,28.5,85,1.82,False,False,2,104.39,1855.66
13,28.5,72,1.09,False,False,2,132.46,1722.27
14,28.5,72,1.55,False,False,2,49.12,1671.81
15,28.5,63,0.52,False,False,2,46.38,1624.46
16,28.5,108,1.23,False,False,2,56.35,1567.39
17,28.5,76,1.17,False,False,2,125.23,1441.16
18,28.5,106,0.92,False,False,2,71.85,1368.61
19,28.5,94,0.95,False,False,2,64.7,1302.55
20,28.5,79,0.83,False,False,2,67.44,1234.46
21,28.5,62,1.25,False,False,2,91.73,1142.11
22,28.5,60,0.87,False,False,2,33.15,1108.04
1,28.88,106,1.01,False,False,2,106.97,0.01
2,28.88,93,1.8,False,False,2,133.31,2799.85
3,28.88,74,1.86,False,False,2,90.83,2708.14
4,28.88,60,0.67,False,False,2,100.83,2605.99
5,28.88,86,1.15,False,False,2,65.98,2539.32
6,28.88,96,1.57,False,False,2,118.25,2420.2
7,28.88,86,0.87,False,False,2,99.56,2320.07
8,28.88,68,1.85,False,False,2,114.89,2204.09
9,28.88,74,1.16,False,False,2,58.16,2144.88
10,28.88,93,1.88,False,False,2,105.29,2038.38
11,28.88,90,1.53,False,False,2,58.75,1978.47
12,28.88,88,1.02,False,False,2,109.65,1867.05
13,28.88,69,1.89,False,False,2,38.05,1828.09
14,28.88,75,1.23,False,False,2,90.23,1736.01
15,28.88,63,1.52,False,False,2,71.9,1661.8
16,28.88,110,1.18,False,False,2,39.14,1621.92
17,28.88,78,0.51,False,False,2,67.65,1553.26
18,28.88,106,1.55,False,False,2,47.51,1504.89
19,28.88,93,0.96,False,False,2,80.72,1423.27
20,28.88,81,0.75,False,False,2,49.59,1372.92
21,28.88,63,1.04,False,False,2,134.46,1237.55
22,28.88,60,0.51,False,False,2,130.85,1105.33
1,29.25,106,0.52,False,False,2,104.43,0.01
2,29.25,94,1.48,False,False,2,36.67,2783.73
3,29.25,76,1.52,False,False,2,91.09,2691.2
4,29.25,63,1.8,False,False,2,101.12,2589.28
5,29.25,89,0.65,False,False,2,30.13,2558.23
6,29.25,96,1.3,False,False,2,110.37,2446.98
7,29.25,88,1.71,False,False,2,24.91,2421.08
8,29.25,69,1.17,False,False,2,92.46,2328.03
9,29.25,71,1.37,False,False,2,81.31,2246.06
10,29.25,93,2.0,False,False,2,29.64,2215.42
11,29.25,92,1.2,False,False,2,45.6,2168.9
12,29.25,88,1.88,False,False,2,128.91,2039.15
13,29.25,70,1.03,False,False,2,33.62,2002.7
14,29.25,78,1.84,False,False,2,89.39,1912.29
15,29.25,60,1.04,False,False,2,136.03,1775.82
16,29.25,111,0.65,False,False,2,125.5,1649.58
17,29.25,78,1.94,False,False,2,135.42,1513.42
18,29.25,108,0.53,False,False,2,50.18,1462.52
19,29.25,93,0.8,False,False,2,103.39,1358.02
20,29.25,80,1.82,False,False,2,64.61,1292.73
21,29.25,61,0.72,False,False,2,91.62,1200.26
22,29.25,62,1.19,False,False,2,72.43,1126.8
1,29.62,108,1.43,False,False,2,125.55,0.01
2,29.62,97,1.62,False,False,2,141.94,2754.83
3,29.62,73,1.9,False,False,2,40.55,2713.27
4,29.62,64,0.62,False,False,2,94.11,2618.5
5,29.62,86,1.47,False,False,2,28.56,2588.96
6,29.62,97,1.3,False,False,2,87.69,2500.12
7,29.62,89,1.08,False,False,2,26.25,2472.37
8,29.62,69,1.75,False,False,2,27.39,2442.6
9,29.62,69,0.94,False,False,2,24.44,2417.18
10,29.62,90,0.58,False,False,2,118.87,2297.71
11,29.62,95,1.7,False,False,2,38.66,2258.37
12,29.62,91,1.14,False,False,2,59.85,2197.83
13,29.62,73,1.79,False,False,2,68.46,2128.48
14,29.62,76,1.4,False,False,2,22.78,2104.84
15,29.62,63,0.71,False,False,2,146.98,1957.06
16,29.62,109,1.01,False,False,2,96.28,1860.2
17,29.62,78,1.41,False,False,2,117.19,1742.06
18,29.62,110,0.73,False,False,2,138.65,1602.33
19,29.62,92,0.99,False,False,2,142.9,1458.86
20,29.62,83,1.56,False,False,2,89.13,1367.75
21,29.62,63,0.78,False,False,2,144.45,1222.61
22,29.62,63,1.41,False,False,2,88.71,1133.09
1,30.0,106,1.42,False,False,2,131.18,0.02
2,30.0,94,0.95,False,False,2,91.85,2717.79
3,30.0,75,1.96,False,False,2,85.42,2631.34
4,30.0,64,1.81,False,False,2,145.71,2484.94
5,30.0,89,1.67,False,False,2,84.33,2399.97
6,30.0,94,1.54,False,False,2,97.46,2300.17
7,30.0,90,0.76,False,False,2,71.58,2227.66
8,30.0,68,0.88,False,False,2,69.89,2155.96
9,30.0,69,1.55,False,False,2,89.22,2065.18
10,30.0,90,1.69,False,False,2,53.02,2011.4
11,30.0,97,1.88,False,False,2,30.0,1979.23
12,30.0,88,0.93,False,False,2,63.12,1914.4
13,30.0,74,1.92,False,False,2,46.19,1867.31
14,30.0,76,0.67,False,False,2,131.93,1733.61
15,30.0,64,0.68,False,False,2,64.51,1667.89
16,30.0,110,1.74,False,False,2,125.97,1538.43
17,30.0,77,0.73,False,False,2,71.46,1466.11
18,30.0,111,0.88,False,False,2,60.68,1404.55
19,30.0,95,0.62,False,False,2,65.05,1338.32
20,30.0,82,2.0,False,False,2,46.49,1290.97
21,30.0,62,1.64,False,False,2,83.02,1207.17
22,30.0,64,1.35,False,False,2,94.88,1111.41
1,30.38,105,1.52,False,False,2,110.34,0.01
2,30.38,91,1.92,False,False,2,121.54,2725.81
3,30.38,73,1.62,False,False,2,32.5,2692.11
4,30.38,61,1.78,False,False,2,134.34,2556.85
5,30.38,90,1.8,False,False,2,52.01,2504.0
6,30.38,92,1.98,False,False,2,25.06,2477.91
7,30.38,90,0.66,False,False,2,57.89,2419.05
8,30.38,66,1.05,False,False,2,36.28,2381.47
9,30.38,72,1.27,False,False,2,78.36,2300.01
10,30.38,91,1.16,False,False,2,138.0,2161.41
11,30.38,97,0.57,False,False,2,71.81,2088.34
12,30.38,89,0.84,False,False,2,29.55,2057.86
13,30.38,71,1.66,False,False,2,91.11,1965.23
14,30.38,78,0.72,False,False,2,143.06,1821.11
15,30.38,65,0.8,False,False,2,58.52,1761.8
16,30.38,111,0.91,False,False,2,143.4,1617.33
17,30.38,77,0.5,False,False,2,67.82,1548.41
18,30.38,108,1.84,False,False,2,28.35,1519.46
19,30.38,95,1.64,False,False,2,134.27,1384.18
20,30.38,82,1.03,False,False,2,108.38,1275.01
21,30.38,64,0.92,False,False,2,72.69,1201.26
22,30.38,65,1.96,False,False,2,84.21,1116.33
1,30.75,106,1.19,False,False,2,114.82,0.01
2,30.75,93,1.53,False,False,2,146.51,2862.98
3,30.75,74,0.62,False,False,2,23.79,2838.42
4,30.75,60,1.68,False,False,2,148.19,2688.58
5,30.75,91,0.72,False,False,2,33.75,2653.83
6,30.75,92,1.11,False,False,2,88.9,2563.15
7,30.75,91,1.37,False,False,2,81.42,2481.0
8,30.75,64,1.27,False,False,2,29.37,2450.15
9,30.75,73,0.98,False,False,2,140.5,2308.43
10,30.75,91,1.78,False,False,2,96.35,2211.08
11,30.75,95,1.93,False,False,2,125.52,2084.6
12,30.75,89,1.33,False,False,2,130.26,1952.89
13,30.75,74,1.41,False,False,2,128.25,1821.9
14,30.75,76,0.69,False,False,2,24.35,1795.01
15,30.75,62,1.4,False,False,2,136.32,1657.23
16,30.75,108,0.52,False,False,2,59.26,1596.95
17,30.75,79,1.41,False,False,2,21.85,1573.92
18,30.75,106,0.8,False,False,2,51.6,1521.79
19,30.75,92,1.32,False,False,2,116.53,1402.47
20,30.75,85,1.76,False,False,2,133.99,1264.34
21,30.75,65,1.28,False,False,2,71.53,1190.4
22,30.75,65,1.54,False,False,2,91.48,1098.21
1,31.12,108,1.09,False,False,2,96.72,0.01
2,31.12,92,1.99,False,False,2,27.9,2771.67
4,31.12,60,0.52,False,False,2,35.62,2732.92
5,31.12,92,0.98,False,False,2,59.07,2672.83
6,31.12,91,0.78,False,False,2,129.37,2542.06
7,31.12,94,1.55,False,False,2,62.3,2478.93
8,31.12,67,1.74,False,False,2,68.87,2405.83
9,31.12,76,0.82,False,False,2,26.8,2378.15
10,31.12,92,1.58,False,False,2,146.09,2231.25
11,31.12,95,0.55,False,False,2,101.78,2127.03
12,31.12,91,0.88,False,False,2,126.24,1997.66
13,31.12,77,0.91,False,False,2,114.0,1882.55
14,31.12,77,0.84,False,False,2,134.62,1747.24
16,31.12,106,1.33,False,False,2,143.47,1596.37
17,31.12,78,1.97,False,False,2,39.55,1556.2
18,31.12,105,0.96,False,False,2,79.16,1476.22
19,31.12,91,1.62,False,False,2,66.48,1407.41
20,31.12,86,1.14,False,False,2,75.96,1329.84
21,31.12,68,1.7,False,False,2,99.58,1229.17
22,31.12,65,0.79,False,False,2,142.48,1086.16
1,31.5,106,0.58,False,False,2,84.66,0.01
2,31.5,90,0.93,False,False,2,105.2,2826.59
3,31.5,79,1.03,False,False,2,87.96,2738.03
4,31.5,62,1.86,False,False,2,24.02,2713.17
5,31.5,94,1.9,False,False,2,74.33,2638.08
6,31.5,88,1.67,False,False,2,146.23,2491.17
7,31.5,93,1.15,False,False,2,112.11,2377.78
8,31.5,69,1.61,False,False,2,40.49,2336.56
9,31.5,76,1.22,False,False,2,76.95,2259.1
10,31.5,95,1.05,False,False,2,85.16,2173.29
11,31.5,94,1.7,False,False,2,134.08,2038.25
12,31.5,91,1.58,False,False,2,75.09,1962.19
13,31.5,76,1.13,False,False,2,120.27,1839.71
14,31.5,80,0.51,False,False,2,144.33,1694.57
15,31.5,62,1.69,False,False,2,58.82,1634.81
16,31.5,109,1.51,False,False,2,22.54,1611.12
17,31.5,80,1.6,False,False,2,140.01,1470.59
19,31.5,88,1.15,False,False,2,39.91,1429.69
20,31.5,84,0.79,False,False,2,139.77,1289.33
21,31.5,70,1.95,False,False,2,43.6,1244.83
22,31.5,63,0.78,False,False,2,116.99,1127.04
1,31.88,108,1.97,False,False,2,125.77,0.01
2,31.88,90,1.98,False,False,2,108.36,2770.86
3,31.88,80,1.96,False,False,2,121.48,2648.45
4,31.88,63,1.19,False,False,2,61.93,2585.77
5,31.88,91,1.33,False,False,2,86.41,2497.41
6,31.88,89,0.9,False,False,2,55.0,2439.79
7,31.88,92,0.66,False,False,2,48.29,2390.5
8,31.88,67,0.97,False,False,2,37.78,2351.38
9,31.88,73,1.68,False,False,2,61.92,2288.58
10,31.88,92,1.17,False,False,2,48.68,2238.91
11,31.88,91,1.65,False,False,2,90.06,2148.18
12,31.88,92,1.28,False,False,2,25.73,2121.5
13,31.88,79,1.75,False,False,2,87.25,2033.3
14,31.88,83,0.56,False,False,2,92.87,1938.95
15,31.88,65,0.75,False,False,2,116.47,1821.87
16,31.88,110,1.5,False,False,2,43.13,1777.9
17,31.88,78,0.62,False,False,2,108.26,1668.07
18,31.88,108,1.0,False,False,2,98.68,1566.94
19,31.88,85,0.79,False,False,2,89.27,1475.2
20,31.88,86,1.93,False,False,2,105.79,1368.4
21,31.88,67,1.65,False,False,2,136.99,1229.79
22,31.88,60,0.71,False,False,2,79.35,1149.38
1,32.25,106,0.8,False,False,2,147.82,0.01
2,32.25,90,1.29,False,False,2,81.41,2659.78
3,32.25,81,1.85,False,False,2,89.33,2569.93
4,32.25,66,1.12,False,False,2,89.65,2479.45
5,32.25,89,1.93,False,False,2,24.35,2454.4
6,32.25,92,0.59,False,False,2,32.06,2419.85
7,32.25,91,1.68,False,False,2,53.58,2365.0
8,32.25,70,1.38,False,False,2,114.83,2249.28
9,32.25,75,0.9,False,False,2,54.97,2192.75
10,32.25,93,1.43,False,False,2,40.58,2150.02
11,32.25,88,1.01,False,False,2,63.9,2083.84
12,32.25,91,1.8,False,False,2,86.09,1996.97
13,32.25,80,1.8,False,False,2,55.76,1940.2
14,32.25,83,1.21,False,False,2,133.33,1806.3
15,32.25,64,1.73,False,False,2,130.74,1674.25
16,32.25,112,0.82,False,False,2,24.5,1648.21
17,32.25,80,0.91,False,False,2,87.49,1557.19
18,32.25,111,1.82,False,False,2,117.71,1436.98
19,32.25,83,1.43,False,False,2,148.62,1285.57
20,32.25,84,0.55,False,False,2,34.9,1248.33
21,32.25,70,0.69,False,False,2,69.31,1178.14
22,32.25,60,1.8,False,False,2,114.4,1062.71
1,32.62,107,0.91,False,False,2,61.45,0.01
2,32.62,88,0.89,False,False,2,113.14,2829.33
3,32.62,80,0.59,False,False,2,128.87,2699.85
4,32.62,65,1.61,False,False,2,50.84,2648.07
5,32.62,89,1.89,False,False,2,86.67,2559.29
6,32.62,94,1.03,False,False,2,94.58,2463.82
7,32.62,88,1.32,False,False,2,64.66,2397.99
8,32.62,68,1.94,False,False,2,58.68,2338.55
9,32.62,77,0.74,False,False,2,74.63,2263.14
10,32.62,96,0.99,False,False,2,94.67,2166.69
11,32.62,90,1.18,False,False,2,106.72,2059.17
12,32.62,88,1.25,False,False,2,135.2,1923.25
13,32.62,79,1.41,False,False,2,125.63,1795.79
14,32.62,80,0.71,False,False,2,61.18,1733.85
15,32.62,64,1.92,False,False,2,116.71,1616.19
16,32.62,110,0.57,False,False,2,41.83,1573.79
17,32.62,78,0.51,False,False,2,51.49,1521.13
18,32.62,108,0.85,False,False,2,87.47,1431.74
19,32.62,80,1.77,False,False,2,81.16,1349.84
20,32.62,82,1.91,False,False,2,75.36,1273.17
21,32.62,68,1.18,False,False,2,148.81,1123.54
22,32.62,60,1.42,False,False,2,90.16,1031.93
1,33.0,105,0.73,False,False,2,30.34,0.01
2,33.0,91,1.85,False,False,2,35.17,2866.28
3,33.0,83,1.89,False,False,2,82.42,2781.63
4,33.0,62,1.44,False,False,2,134.14,2646.92
5,33.0,91,1.39,False,False,2,121.74,2523.91
6,33.0,91,1.92,False,False,2,77.96,2445.25
7,33.0,89,1.53,False,False,2,108.95,2335.55
8,33.0,66,1.31,False,False,2,135.48,2199.03
10,33.0,99,1.76,False,False,2,86.78,2109.21
11,33.0,92,0.66,False,False,2,59.53,2049.16
12,33.0,88,1.55,False,False,2,59.07,1989.68
13,33.0,80,1.62,False,False,2,54.2,1934.69
14,33.0,81,1.86,False,False,2,85.84,1848.29
15,33.0,66,1.94,False,False,2,97.43,1750.32
16,33.0,107,1.79,False,False,2,43.03,1705.29
17,33.0,78,0.74,False,False,2,69.76,1633.27
18,33.0,106,1.62,False,False,2,89.16,1543.25
19,33.0,80,0.9,False,False,2,93.29,1447.71
20,33.0,82,1.81,False,False,2,146.13,1300.76
21,33.0,67,1.88,False,False,2,134.84,1164.92
22,33.0,60,0.75,False,False,2,53.78,1110.4
1,33.38,107,1.33,False,False,2,109.11,0.01
2,33.38,92,1.61,False,False,2,109.84,2550.95
3,33.38,84,1.65,False,False,2,94.28,2456.14
4,33.38,64,1.06,False,False,2,66.79,2388.14
5,33.38,94,1.77,False,False,2,38.35,2349.12
6,33.38,90,0.79,False,False,2,22.29,2326.08
7,33.38,91,0.58,False,False,2,127.99,2197.14
8,33.38,63,1.01,False,False,2,53.12,2142.15
9,33.38,77,0.54,False,False,2,31.19,2110.01
10,33.38,98,1.88,False,False,2,87.56,2020.58
11,33.38,94,1.09,False,False,2,48.04,1971.95
12,33.38,89,0.61,False,False,2,126.64,1842.86
13,33.38,81,1.7,False,False,2,40.32,1800.31
14,33.38,80,1.06,False,False,2,56.97,1742.21
15,33.38,69,1.15,False,False,2,134.67,1606.6
16,33.38,109,0.7,False,False,2,88.38,1517.45
17,33.38,75,1.55,False,False,2,142.76,1373.19
18,33.38,107,1.55,False,False,2,53.58,1318.65
19,33.38,82,1.52,False,False,2,62.9,1254.99
21,33.38,68,1.48,False,False,2,99.7,1153.89
22,33.38,60,1.02,False,False,2,129.29,1023.89
1,33.75,104,0.62,False,False,2,22.91,0.01
2,33.75,92,1.99,False,False,2,139.19,2711.49
3,33.75,82,1.2,False,False,2,32.42,2678.2
4,33.75,66,1.14,False,False,2,124.67,2552.02
5,33.75,96,0.77,False,False,2,120.52,2431.03
6,33.75,92,1.55,False,False,2,131.62,2296.54
7,33.75,93,0.69,False,False,2,62.81,2233.15
8,33.75,65,1.1,False,False,2,131.14,2099.53
9,33.75,80,1.21,False,False,2,93.65,2004.19
10,33.75,95,0.73,False,False,2,49.43,1953.83
11,33.75,91,1.09,False,False,2,93.63,1859.36
12,33.75,92,1.35,False,False,2,53.96,1804.59
13,33.75,78,1.35,False,False,2,21.81,1781.87
14,33.75,83,1.88,False,False,2,129.59,1651.85
15,33.75,68,0.93,False,False,2,96.92,1554.34
16,33.75,108,1.22,False,False,2,105.84,1447.32
17,33.75,72,0.64,False,False,2,64.34,1382.28
18,33.75,107,0.88,False,False,2,72.1,1309.71
19,33.75,81,0.83,False,False,2,44.16,1264.09
20,33.75,85,1.63,False,False,2,115.82,1147.16
21,33.75,70,1.84,False,False,2,30.99,1115.61
22,33.75,62,1.34,False,False,2,88.42,1026.04
1,34.12,103,1.69,False,False,2,23.89,0.01
2,34.12,92,1.0,False,False,2,60.75,2845.2
3,34.12,79,1.02,False,False,2,122.67,2720.4
4,34.12,66,1.43,False,False,2,42.71,2676.76
5,34.12,99,1.33,False,False,2,148.19,2528.1
6,34.12,91,0.53,False,False,2,82.98,2444.44
7,34.12,90,1.04,False,False,2,37.09,2406.41
8,34.12,67,1.29,False,False,2,75.7,2330.11
9,34.12,79,1.75,False,False,2,126.62,2202.47
10,34.12,93,1.33,False,False,2,111.6,2090.31
11,34.12,93,1.18,False,False,2,134.47,1955.23
12,34.12,92,1.85,False,False,2,33.31,1921.38
13,34.12,76,1.08,False,False,2,106.06,1814.72
14,34.12,80,0.68,False,False,2,37.3,1775.92
15,34.12,68,1.66,False,False,2,50.43,1724.59
16,34.12,107,0.68,False,False,2,85.95,1637.12
17,34.12,71,0.8,False,False,2,122.53,1513.55
18,34.12,107,1.33,False,False,2,145.14,1367.46
19,34.12,79,0.54,False,False,2,66.1,1300.53
20,34.12,88,0.78,False,False,2,35.67,1263.94
21,34.12,69,0.92,False,False,2,95.63,1167.75
22,34.12,64,1.01,False,False,2,104.73,1060.83
1,34.5,102,0.89,False,False,2,59.5,0.01
2,34.5,92,0.73,False,False,2,132.08,2507.55
3,34.5,80,1.9,False,False,2,57.14,2447.3
4,34.5,69,1.93,False,False,2,70.0,2376.38
5,34.5,101,1.91,False,False,2,127.09,2248.55
6,34.5,88,0.63,False,False,2,31.86,2215.63
7,34.5,89,1.6,False,False,2,120.91,2094.14
8,34.5,65,0.65,False,False,2,73.36,2020.11
9,34.5,77,0.88,False,False,2,132.74,1886.62
10,34.5,92,1.49,False,False,2,99.65,1786.53
11,34.5,90,1.75,False,False,2,37.92,1747.81
12,34.5,90,1.08,False,False,2,80.05,1667.07
13,34.5,74,0.73,False,False,2,132.57,1533.58
14,34.5,78,1.29,False,False,2,30.51,1502.23
15,34.5,66,0.79,False,False,2,68.89,1432.65
16,34.5,106,1.91,False,False,2,64.17,1367.67
17,34.5,72,1.18,False,False,2,22.01,1344.63
18,34.5,106,1.33,False,False,2,65.01,1278.76
19,34.5,76,1.33,False,False,2,31.54,1246.4
20,34.5,89,1.79,False,False,2,76.27,1167.72
21,34.5,72,1.18,False,False,2,20.45,1146.82
22,34.5,62,1.97,False,False,2,88.04,1057.93
1,34.88,99,1.27,False,False,2,56.8,0.01
2,34.88,89,0.66,False,False,2,61.43,2860.46
3,34.88,82,1.09,False,False,2,149.62,2709.14
4,34.88,69,1.97,False,False,2,138.58,2569.58
5,34.88,99,1.57,False,False,2,41.33,2527.24
6,34.88,90,0.51,False,False,2,82.31,2444.11
7,34.88,90,1.45,False,False,2,49.02,2394.09
8,34.88,64,0.59,False,False,2,138.05,2253.32
9,34.88,78,0.99,False,False,2,65.25,2187.07
10,34.88,95,1.43,False,False,2,69.82,2116.27
11,34.88,91,1.98,False,False,2,139.34,1976.36
12,34.88,92,1.56,False,False,2,130.85,1843.83
13,34.88,72,0.96,False,False,2,33.82,1808.84
14,34.88,80,1.85,False,False,2,105.87,1702.27
15,34.88,69,1.24,False,False,2,81.54,1620.33
16,34.88,106,1.63,False,False,2,24.77,1594.69
17,34.88,74,1.99,False,False,2,117.43,1476.61
18,34.88,107,0.75,False,False,2,37.36,1437.52
19,34.88,77,1.81,False,False,2,136.75,1299.23
20,34.88,87,0.68,False,False,2,129.11,1167.89
21,34.88,74,0.53,False,False,2,64.56,1102.36
22,34.88,61,0.91,False,False,2,48.39,1051.62
1,35.25,96,0.83,False,False,2,50.23,0.01
2,35.25,88,1.56,False,False,2,136.78,2794.86
3,35.25,82,1.01,False,False,2,131.88,2662.29
4,35.25,72,0.94,False,False,2,92.72,2568.68
5,35.25,96,1.07,False,False,2,87.17,2480.65
6,35.25,88,0.65,False,False,2,105.1,2374.55
7,35.25,91,1.51,False,False,2,119.31,2254.66
8,35.25,65,1.22,False,False,2,102.26,2151.33
9,35.25,79,0.56,False,False,2,63.53,2086.47
10,35.25,96,1.13,False,False,2,81.66,2003.32
11,35.25,91,1.14,False,False,2,81.18,1921.44
12,35.25,91,0.69,False,False,2,69.81,1850.92
13,35.25,71,1.94,False,False,2,54.68,1794.89
14,35.25,77,1.27,False,False,2,81.71,1712.68
15,35.25,72,1.19,False,False,2,39.9,1671.7
16,35.25,104,0.64,False,False,2,28.42,1642.34
17,35.25,76,1.47,False,False,2,108.17,1533.3
18,35.25,105,1.59,False,False,2,106.55,1425.88
19,35.25,76,0.72,False,False,2,93.94,1331.31
20,35.25,86,1.74,False,False,2,39.81,1289.92
21,35.25,77,1.96,False,False,2,36.76,1252.35
22,35.25,60,1.73,False,False,2,126.92,1123.89
1,35.62,95,1.33,False,False,2,122.12,0.02
2,35.62,90,1.83,False,False,2,106.63,2692.76
3,35.62,80,1.99,False,False,2,136.94,2554.98
4,35.62,72,1.63,False,False,2,63.2,2490.77
5,35.62,99,1.77,False,False,2,87.6,2401.89
6,35.62,90,1.81,False,False,2,67.52,2333.77
7,35.62,94,1.7,False,False,2,82.43,2250.36
8,35.62,64,1.91,False,False,2,76.96,2172.86
9,35.62,81,1.47,False,False,2,25.68,2146.37
10,35.62,99,1.55,False,False,2,134.83,2010.96
11,35.62,91,1.1,False,False,2,24.71,1985.32
12,35.62,93,0.99,False,False,2,91.91,1892.24
13,35.62,69,0.96,False,False,2,58.84,1831.67
14,35.62,74,1.6,False,False,2,126.35,1704.01
15,35.62,71,1.3,False,False,2,48.42,1653.88
16,35.62,102,1.36,False,False,2,80.89,1571.31
17,35.62,73,0.61,False,False,2,119.43,1451.43
18,35.62,104,1.86,False,False,2,78.22,1372.35
19,35.62,77,1.28,False,False,2,21.0,1350.1
20,35.62,85,1.31,False,False,2,99.15,1248.75
21,35.62,74,1.27,False,False,2,46.17,1201.57
22,35.62,60,1.98,False,False,2,127.29,1073.56
1,36.0,97,1.91,False,False,2,72.3,0.01
2,36.0,89,1.53,False,False,2,116.66,2721.63
3,36.0,78,1.35,False,False,2,111.84,2608.97
4,36.0,75,0.59,False,False,2,31.42,2577.15
5,36.0,102,0.78,False,False,2,105.54,2470.6
6,36.0,91,1.65,False,False,2,45.19,2424.9
7,36.0,92,1.36,False,False,2,27.48,2396.8
8,36.0,67,0.86,False,False,2,62.3,2333.89
9,36.0,79,0.94,False,False,2,134.33,2198.81
10,36.0,99,0.86,False,False,2,85.27,2111.75
11,36.0,94,1.66,False,False,2,127.76,1979.37
12,36.0,95,1.8,False,False,2,117.6,1858.9
13,36.0,66,0.68,False,False,2,115.64,1742.58
14,36.0,76,1.23,False,False,2,35.18,1704.88
15,36.0,70,0.92,False,False,2,93.58,1610.58
16,36.0,104,0.81,False,False,2,55.04,1554.94
17,36.0,73,1.94,False,False,2,84.08,1469.16
18,36.0,101,1.3,False,False,2,71.91,1396.65
19,36.0,76,1.84,False,False,2,129.37,1266.53
20,36.0,84,1.4,False,False,2,100.66,1165.01
21,36.0,77,1.89,False,False,2,67.73,1096.48
22,36.0,60,1.88,False,False,2,55.11,1040.45
1,36.38,94,0.88,False,False,2,38.4,0.01
2,36.38,92,1.71,False,False,2,110.95,2780.76
3,36.38,79,1.11,False,False,2,77.62,2701.63
4,36.38,75,1.9,False,False,2,67.52,2631.58
5,36.38,105,1.87,False,False,2,149.8,2479.41
6,36.38,94,1.02,False,False,2,45.45,2433.45
7,36.38,93,1.01,False,False,2,83.29,2349.13
8,36.38,68,1.49,False,False,2,29.26,2318.98
9,36.38,77,0.81,False,False,2,126.82,2191.32
10,36.38,96,1.7,False,False,2,102.73,2087.1
11,36.38,91,1.95,False,False,2,42.81,2042.42
12,36.38,96,1.85,False,False,2,142.77,1897.42
13,36.38,66,0.8,False,False,2,54.27,1841.24
14,36.38,75,1.74,False,False,2,38.83,1801.2
15,36.38,69,1.62,False,False,2,60.49,1739.94
16,36.38,104,1.07,False,False,2,134.44,1605.01
17,36.38,70,1.67,False,False,2,108.15,1496.07
18,36.38,103,0.99,False,False,2,99.28,1396.13
19,36.38,76,1.53,False,False,2,110.47,1285.17
20,36.38,81,0.78,False,False,2,58.07,1226.58
21,36.38,80,0.57,False,False,2,37.34,1188.26
22,36.38,63,1.2,False,False,2,75.08,1112.27
1,36.75,96,1.2,False,False,2,111.19,0.01
2,36.75,89,1.53,False,False,2,114.54,2851.6
3,36.75,77,0.55,False,False,2,97.63,2752.98
4,36.75,72,1.61,False,False,2,37.6,2714.47
5,36.75,103,0.8,False,False,2,76.62,2636.83
6,36.75,96,1.24,False,False,2,103.57,2531.67
7,36.75,96,1.37,False,False,2,148.49,2381.74
8,36.75,68,0.94,False,False,2,41.07,2339.99
9,36.75,74,0.84,False,False,2,22.74,2316.53
10,36.75,99,1.98,False,False,2,141.41,2174.35
11,36.75,88,1.69,False,False,2,28.69,2144.79
12,36.75,96,0.65,False,False,2,23.59,2120.51
13,36.75,69,1.94,False,False,2,131.87,1986.93
14,36.75,73,0.95,False,False,2,142.52,1843.31
15,36.75,72,0.71,False,False,2,141.78,1699.77
16,36.75,101,0.56,False,False,2,82.06,1615.62
17,36.75,67,1.82,False,False,2,104.66,1509.86
18,36.75,106,1.96,False,False,2,45.81,1463.28
19,36.75,79,1.74,False,False,2,124.44,1336.8
20,36.75,83,0.89,False,False,2,37.52,1298.33
21,36.75,82,0.87,False,False,2,105.3,1192.25
22,36.75,65,0.99,False,False,2,146.18,1043.68
1,37.12,99,1.48,False,False,2,42.25,0.01
2,37.12,89,0.57,False,False,2,57.3,1947.54
3,37.12,77,0.93,False,False,2,133.94,1813.02
4,37.12,73,0.72,False,False,2,88.0,1724.42
5,37.12,101,1.5,False,False,2,144.49,1578.76
6,37.12,95,1.86,False,False,2,71.47,1504.66
7,37.12,98,1.17,False,False,2,120.71,1382.71
8,37.12,66,1.03,False,False,2,102.84,1278.1
9,37.12,77,0.85,False,False,2,44.98,1232.53
10,37.12,98,1.26,False,False,2,66.64,1164.99
11,37.12,90,1.74,False,False,2,144.65,1019.74
12,37.12,95,1.22,False,False,2,142.13,876.62
13,37.12,72,0.79,False,False,2,69.93,805.41
14,37.12,72,0.68,False,False,2,131.43,672.73
15,37.12,69,2.0,False,False,2,80.16,590.92
16,37.12,103,1.55,False,False,2,34.37,556.01
17,37.12,64,1.09,False,False,2,80.85,473.95
18,37.12,103,1.66,False,False,2,113.07,360.05
19,37.12,78,1.9,False,False,2,142.94,216.2
20,37.12,81,1.74,False,False,2,136.55,77.71
21,37.12,83,1.84,False,False,2,28.21,48.56
22,37.12,62,0.68,False,False,2,47.59,0.01
1,37.5,96,1.62,False,False,2,52.75,985.64
2,37.5,91,1.97,False,False,2,44.31,940.06
3,37.5,79,1.8,False,False,2,58.25,879.35
4,37.5,71,1.98,False,False,2,49.12,829.4
5,37.5,104,1.09,False,False,2,33.63,794.71
6,37.5,92,1.0,False,False,2,40.68,752.32
7,37.5,96,1.35,False,False,2,46.46,704.63
8,37.5,65,1.66,False,False,2,134.31,569.12
9,37.5,78,0.66,False,False,2,96.16,471.95
10,37.5,96,1.19,False,False,2,136.02,335.0
11,37.5,90,1.42,False,False,2,53.62,279.7
12,37.5,96,1.52,False,False,2,111.88,167.08
13,37.5,73,1.65,False,False,2,23.62,142.0
14,37.5,75,1.01,False,False,2,86.03,52.71
15,37.5,66,0.61,False,False,2,51.06,0.02
16,37.5,100,0.72,False,False,2,71.53,1977.76
17,37.5,67,0.91,False,False,2,76.39,1900.6
18,37.5,102,1.81,False,False,2,88.81,1810.59
19,37.5,80,0.58,False,False,2,76.16,1733.44
20,37.5,84,1.75,False,False,2,57.28,1675.46
21,37.5,82,1.82,False,False,2,114.54,1559.93
22,37.5,61,0.61,False,False,2,29.42,1529.5
1,37.88,97,0.69,False,False,2,148.59,379.35
2,37.88,88,0.82,False,False,2,141.14,235.69
3,37.88,76,1.14,False,False,2,92.4,142.06
4,37.88,74,1.22,False,False,2,40.61,100.58
5,37.88,104,0.82,False,False,2,98.11,0.01
6,37.88,90,0.56,False,False,2,127.58,2208.75
7,37.88,93,1.47,False,False,2,120.83,2087.01
8,37.88,68,0.71,False,False,2,125.42,1960.89
9,37.88,76,1.91,False,False,2,25.29,1934.86
10,37.88,94,1.67,False,False,2,37.15,1896.92
11,37.88,91,1.36,False,False,2,27.49,1868.08
12,37.88,97,1.82,False,False,2,55.32,1812.05
13,37.88,74,1.77,False,False,2,63.82,1747.34
14,37.88,72,0.51,False,False,2,97.19,1648.26
15,37.88,64,0.67,False,False,2,45.11,1602.3
16,37.88,99,1.64,False,False,2,41.4,1559.19
17,37.88,65,1.6,False,False,2,129.99,1427.17
18,37.88,102,1.69,False,False,2,114.62,1310.92
19,37.88,77,1.51,False,False,2,119.28,1190.79
20,37.88,86,1.85,False,False,2,27.05,1162.73
21,37.88,83,1.62,False,False,2,44.21,1117.35
22,37.88,61,0.87,False,False,2,74.42,1040.89
1,38.25,100,0.85,False,False,2,38.26,0.01
2,38.25,89,1.05,False,False,2,61.45,2810.54
3,38.25,73,0.68,False,False,2,89.82,2720.06
4,38.25,75,0.52,False,False,2,113.12,2604.65
5,38.25,102,1.87,False,False,2,31.5,2572.2
6,38.25,92,0.72,False,False,2,85.63,2485.72
7,38.25,96,1.24,False,False,2,31.39,2453.56
8,38.25,65,0.53,False,False,2,122.67,2330.23
9,38.25,77,1.6,False,False,2,82.76,2246.31
10,38.25,97,0.74,False,False,2,113.6,2131.59
11,38.25,94,1.75,False,False,2,30.89,2099.55
12,38.25,99,1.24,False,False,2,102.22,1996.28
13,38.25,76,1.2,False,False,2,87.28,1908.14
14,38.25,73,0.59,False,False,2,116.73,1790.23
16,38.25,99,1.22,False,False,2,125.9,1662.33
17,38.25,65,1.42,False,False,2,80.79,1580.64
18,38.25,101,1.94,False,False,2,137.2,1442.58
19,38.25,80,1.08,False,False,2,50.1,1391.55
20,38.25,84,1.42,False,False,2,97.88,1292.79
21,38.25,85,1.32,False,False,2,112.99,1178.45
22,38.25,60,1.01,False,False,2,101.55,1075.94
1,38.62,98,1.64,False,False,2,74.72,0.02
2,38.62,92,1.8,False,False,2,30.45,2821.55
3,38.62,74,1.24,False,False,2,59.88,2760.5
4,38.62,78,1.25,False,False,2,117.83,2641.61
5,38.62,102,1.28,False,False,2,116.09,2522.95
6,38.62,92,1.91,False,False,2,109.39,2413.03
7,38.62,97,1.75,False,False,2,31.39,2380.71
8,38.62,62,1.23,False,False,2,21.05,2357.47
9,38.62,75,1.12,False,False,2,120.85,2235.88
10,38.62,94,1.28,False,False,2,66.8,2168.01
11,38.62,93,1.09,False,False,2,54.28,2111.86
12,38.62,98,1.43,False,False,2,97.09,2013.64
13,38.62,78,1.68,False,False,2,112.03,1898.87
14,38.62,74,0.93,False,False,2,23.58,1872.62
15,38.62,64,0.61,False,False,2,126.53,1743.67
16,38.62,101,1.59,False,False,2,147.41,1594.88
17,38.62,63,1.06,False,False,2,104.57,1489.47
18,38.62,103,1.23,False,False,2,119.1,1368.56
19,38.62,79,1.86,False,False,2,59.57,1307.16
20,38.62,82,0.96,False,False,2,47.62,1258.91
21,38.62,86,1.76,False,False,2,87.8,1168.96
22,38.62,63,0.95,False,False,2,46.28,1122.09
1,39.0,101,0.74,False,False,2,120.71,0.01
2,39.0,95,1.64,False,False,2,88.68,1970.19
3,39.0,73,1.8,False,False,2,55.66,1913.38
4,39.0,78,1.67,False,False,2,128.12,1784.47
5,39.0,104,0.98,False,False,2,148.14,1635.5
6,39.0,92,1.0,False,False,2,90.11,1544.47
7,39.0,96,0.54,False,False,2,31.83,1511.63
8,39.0,64,0.74,False,False,2,149.11,1361.63
9,39.0,76,1.81,False,False,2,32.47,1328.11
10,39.0,95,1.17,False,False,2,114.64,1212.52
11,39.0,94,1.08,False,False,2,138.82,1072.57
12,39.0,96,1.43,False,False,2,106.98,964.29
13,39.0,77,1.2,False,False,2,116.73,846.63
14,39.0,77,1.97,False,False,2,35.91,809.73
15,39.0,62,1.2,False,False,2,94.92,713.63
16,39.0,99,1.17,False,False,2,69.18,643.15
17,39.0,64,1.98,False,False,2,130.11,512.3
18,39.0,106,1.79,False,False,2,45.29,465.6
19,39.0,77,1.46,False,False,2,149.33,314.23
20,39.0,80,1.34,False,False,2,128.34,184.6
21,39.0,89,1.62,False,False,2,107.66,76.04
22,39.0,62,1.46,False,False,2,74.98,0.01
1,39.38,99,0.83,False,False,2,60.16,992.45
2,39.38,92,1.09,False,False,2,115.19,875.42
3,39.38,76,1.64,False,False,2,78.71,796.11
4,39.38,79,1.28,False,False,2,89.11,706.16
5,39.38,102,1.26,False,False,2,76.87,628.36
6,39.38,89,1.09,False,False,2,41.67,585.99
7,39.38,95,0.58,False,False,2,60.76,523.66
8,39.38,61,1.23,False,False,2,89.95,431.84
9,39.38,79,1.88,False,False,2,21.26,409.73
10,39.38,92,0.73,False,False,2,115.94,291.99
11,39.38,96,0.87,False,False,2,118.41,172.93
12,39.38,97,0.85,False,False,2,89.26,81.4
13,39.38,76,0.64,False,False,2,80.58,0.02
14,39.38,78,1.03,False,False,2,110.1,1955.34
15,39.38,60,1.05,False,False,2,134.91,1819.72
16,39.38,96,1.83,False,False,2,121.4,1696.81
17,39.38,67,1.57,False,False,2,118.06,1578.22
18,39.38,104,0.74,False,False,2,21.76,1555.5
19,39.38,80,1.68,False,False,2,41.6,1512.65
20,39.38,81,0.86,False,False,2,87.88,1423.76
21,39.38,91,1.96,False,False,2,140.69,1282.15
22,39.38,61,0.77,False,False,2,58.73,1222.65
1,39.75,102,0.61,False,False,2,81.55,137.58
2,39.75,92,1.03,False,False,2,136.79,0.01
3,39.75,79,1.67,False,False,2,25.08,2788.18
4,39.75,79,0.65,False,False,2,128.52,2658.06
5,39.75,105,1.24,False,False,2,45.37,2611.92
6,39.75,91,1.53,False,False,2,112.14,2498.92
7,39.75,97,1.84,False,False,2,98.57,2398.72
8,39.75,61,0.89,False,False,2,38.06,2359.97
9,39.75,81,1.3,False,False,2,60.16,2298.87
10,39.75,89,1.13,False,False,2,61.91,2235.19
11,39.75,98,1.88,False,False,2,83.66,2150.06
12,39.75,94,0.94,False,False,2,142.58,2006.78
13,39.75,78,0.98,False,False,2,123.15,1882.72
14,39.75,78,1.4,False,False,2,131.89,1749.71
15,39.75,60,1.74,False,False,2,66.2,1682.63
16,39.75,97,0.51,False,False,2,98.03,1583.08
17,39.75,69,1.49,False,False,2,138.83,1443.56
18,39.75,106,1.86,False,False,2,39.67,1402.75
19,39.75,81,0.95,False,False,2,95.44,1306.3
20,39.75,82,1.66,False,False,2,61.08,1242.95
21,39.75,92,1.02,False,False,2,77.87,1164.27
22,39.75,60,0.84,False,False,2,137.49,1025.68
1,40.12,99,1.7,False,False,2,23.01,0.01
2,40.12,94,0.93,False,False,2,71.08,3030.63
3,40.12,78,0.69,False,False,2,112.35,2917.58
4,40.12,76,0.53,False,False,2,41.73,2875.38
5,40.12,106,1.85,False,False,2,117.56,2756.01
6,40.12,88,0.69,False,False,2,101.56,2653.25
7,40.12,99,1.14,False,False,2,69.18,2583.19
8,40.12,60,0.58,False,False,2,78.1,2504.46
9,40.12,84,1.41,False,False,2,70.33,2433.57
10,40.12,87,1.94,False,False,2,34.94,2397.87
11,40.12,99,0.61,False,False,2,135.02,2262.02
12,40.12,92,1.77,False,False,2,43.56,2217.67
13,40.12,80,1.44,False,False,2,79.75,2136.67
14,40.12,78,1.63,False,False,2,121.94,2014.07
15,40.12,63,1.49,False,False,2,138.02,1875.09
16,40.12,100,1.96,False,False,2,131.81,1740.81
17,40.12,70,1.69,False,False,2,88.56,1651.55
18,40.12,105,1.08,False,False,2,148.68,1502.06
19,40.12,83,1.69,False,False,2,24.92,1476.59
20,40.12,82,0.58,False,False,2,75.59,1399.25
21,40.12,91,0.76,False,False,2,132.16,1266.11
22,40.12,60,1.34,False,False,2,134.45,1130.78
1,40.5,98,1.69,False,False,2,129.12,0.01
2,40.5,92,0.53,False,False,2,93.62,1937.37
3,40.5,79,0.72,False,False,2,149.71,1786.87
4,40.5,79,1.51,False,False,2,89.33,1696.57
5,40.5,106,0.79,False,False,2,20.1,1674.41
6,40.5,91,1.62,False,False,2,83.07,1590.65
7,40.5,97,0.98,False,False,2,72.06,1517.62
8,40.5,60,0.73,False,False,2,147.86,1368.61
9,40.5,84,1.87,False,False,2,83.11,1284.44
10,40.5,89,1.11,False,False,2,98.95,1181.26
11,40.5,100,1.7,False,False,2,106.71,1072.6
12,40.5,89,1.4,False,False,2,121.43,950.08
13,40.5,77,1.5,False,False,2,128.97,820.09
14,40.5,77,0.87,False,False,2,123.86,694.0
15,40.5,63,1.7,False,False,2,74.94,617.2
16,40.5,103,1.44,False,False,2,134.87,479.89
17,40.5,73,1.42,False,False,2,42.66,436.02
18,40.5,102,1.32,False,False,2,98.97,335.38
19,40.5,82,1.57,False,False,2,101.53,232.45
20,40.5,84,1.09,False,False,2,69.97,160.39
21,40.5,89,1.61,False,False,2,60.39,96.36
22,40.5,60,1.33,False,False,2,95.52,0.01
1,40.88,96,1.99,False,False,2,99.37,946.51
2,40.88,94,1.27,False,False,2,110.94,833.23
3,40.88,77,0.92,False,False,2,118.03,714.51
4,40.88,80,0.51,False,False,2,98.19,615.76
5,40.88,107,0.56,False,False,2,48.24,566.58
6,40.88,89,1.03,False,False,2,38.03,527.48
7,40.88,99,0.94,False,False,2,70.51,455.99
8,40.88,60,1.03,False,False,2,80.19,374.41
9,40.88,87,0.63,False,False,2,145.09,226.83
10,40.88,90,1.29,False,False,2,115.29,110.21
11,40.88,97,1.11,False,False,2,109.24,0.01
12,40.88,89,1.31,False,False,2,52.07,1987.71
13,40.88,74,1.92,False,False,2,144.7,1842.11
14,40.88,75,1.23,False,False,2,32.28,1809.11
15,40.88,65,0.89,False,False,2,30.89,1776.53
16,40.88,103,1.69,False,False,2,89.17,1686.8
17,40.88,76,0.92,False,False,2,65.27,1620.53
18,40.88,104,0.56,False,False,2,27.65,1591.98
19,40.88,80,1.28,False,False,2,29.37,1561.93
20,40.88,81,1.91,False,False,2,30.05,1531.02
21,40.88,89,0.76,False,False,2,72.72,1457.55
22,40.88,63,0.53,False,False,2,86.25,1368.96
1,41.25,96,0.64,False,False,2,138.06,229.37
2,41.25,95,1.24,False,False,2,148.3,79.63
3,41.25,75,1.23,False,False,2,20.46,58.58
4,41.25,83,0.65,False,False,2,57.65,0.01
5,41.25,108,0.89,False,False,2,60.16,2536.46
6,41.25,92,1.92,False,False,2,31.74,2502.42
7,41.25,99,1.86,False,False,2,105.42,2396.4
8,41.25,60,0.92,False,False,2,145.73,2249.48
9,41.25,84,1.02,False,False,2,62.37,2186.41
10,41.25,89,1.49,False,False,2,130.37,2054.88
11,41.25,97,0.98,False,False,2,142.06,1911.84
12,41.25,88,0.95,False,False,2,105.5,1804.39
13,41.25,73,1.91,False,False,2,42.66,1760.73
14,41.25,76,1.37,False,False,2,32.46,1726.71
15,41.25,68,0.73,False,False,2,125.21,1600.74
16,41.25,101,1.66,False,False,2,102.76,1496.95
17,41.25,78,1.6,False,False,2,23.83,1472.38
18,41.25,106,1.48,False,False,2,71.26,1398.71
19,41.25,77,1.46,False,False,2,48.88,1347.97
20,41.25,81,1.36,False,False,2,66.48,1280.4
21,41.25,87,1.32,False,False,2,45.39,1234.52
22,41.25,61,1.04,False,False,2,144.6,1089.47
1,41.62,94,1.82,False,False,2,86.1,0.01
2,41.62,95,0.55,False,False,2,24.26,2803.64
3,41.62,72,1.92,False,False,2,107.79,2694.92
4,41.62,84,1.48,False,False,2,148.86,2545.35
5,41.62,105,1.29,False,False,2,21.04,2522.82
6,41.62,93,0.94,False,False,2,25.55,2496.61
7,41.62,98,1.01,False,False,2,49.97,2445.61
8,41.62,60,0.62,False,False,2,76.53,2367.06
9,41.62,83,1.51,False,False,2,130.94,2235.52
10,41.62,88,1.58,False,False,2,143.2,2091.3
11,41.62,94,1.34,False,False,2,103.47,1987.19
12,41.62,90,0.74,False,False,2,34.57,1952.12
13,41.62,71,0.65,False,False,2,31.93,1919.09
14,41.62,75,1.37,False,False,2,136.33,1781.82
15,41.62,71,1.74,False,False,2,24.7,1756.27
16,41.62,98,0.96,False,False,2,139.15,1616.16
17,41.62,77,1.71,False,False,2,60.34,1555.02
18,41.62,105,0.65,False,False,2,104.88,1449.46
19,41.62,78,1.75,False,False,2,143.41,1305.12
20,41.62,81,1.25,False,False,2,79.45,1225.08
21,41.62,88,1.31,False,False,2,39.04,1185.27
22,41.62,62,1.21,False,False,2,38.66,1146.04
1,42.0,95,1.58,False,False,2,144.84,0.02
2,42.0,94,0.71,False,False,2,87.93,2759.43
3,42.0,72,1.64,False,False,2,28.39,2730.36
4,42.0,83,1.9,False,False,2,34.39,2694.27
5,42.0,104,0.84,False,False,2,100.38,2593.28
6,42.0,91,1.77,False,False,2,145.6,2447.0
7,42.0,100,1.44,False,False,2,77.25,2369.03
8,42.0,63,0.84,False,False,2,33.6,2334.86
9,42.0,82,0.59,False,False,2,144.7,2189.37
10,42.0,86,0.61,False,False,2,146.12,2039.17
11,42.0,96,1.2,False,False,2,127.39,1910.74
12,42.0,91,1.54,False,False,2,88.22,1821.5
13,42.0,68,0.92,False,False,2,82.2,1738.53
14,42.0,73,1.76,False,False,2,145.24,1591.94
15,42.0,70,1.14,False,False,2,42.25,1548.93
16,42.0,98,1.98,False,False,2,48.84,1498.97
17,42.0,78,0.9,False,False,2,53.08,1445.42
18,42.0,102,1.12,False,False,2,126.61,1316.51
19,42.0,78,0.79,False,False,2,38.15,1276.46
20,42.0,82,0.84,False,False,2,71.18,1204.45
21,42.0,89,1.21,False,False,2,31.25,1172.62
22,42.0,64,1.63,False,False,2,110.97,1059.99
1,42.38,98,1.58,False,False,2,58.64,0.01
2,42.38,94,1.75,False,False,2,79.98,2590.84
3,42.38,70,1.93,False,False,2,133.13,2456.25
4,42.38,83,0.54,False,False,2,95.06,2360.17
5,42.38,105,1.35,False,False,2,36.06,2323.02
6,42.38,88,1.8,False,False,2,89.81,2232.46
7,42.38,100,0.65,False,False,2,113.96,2116.08
8,42.38,60,1.96,False,False,2,105.87,2008.98
9,42.38,83,0.92,False,False,2,57.68,1950.36
10,42.38,87,1.47,False,False,2,111.52,1837.92
11,42.38,98,0.72,False,False,2,108.44,1728.6
12,42.38,93,1.23,False,False,2,38.41,1689.09
13,42.38,67,0.7,False,False,2,42.32,1645.81
14,42.38,75,0.51,False,False,2,29.72,1615.2
15,42.38,67,1.93,False,False,2,82.43,1531.6
16,42.38,96,1.1,False,False,2,42.48,1488.07
17,42.38,76,1.54,False,False,2,112.58,1373.57
18,42.38,102,0.65,False,False,2,37.59,1333.55
19,42.38,77,1.0,False,False,2,90.98,1241.92
20,42.38,80,0.82,False,False,2,27.63,1213.49
21,42.38,86,1.86,False,False,2,67.06,1145.5
22,42.38,67,1.55,False,False,2,63.44,1081.02
1,42.75,96,0.97,False,False,2,80.31,0.02
2,42.75,92,1.56,False,False,2,131.97,2587.36
3,42.75,69,1.83,False,False,2,43.11,2543.36
4,42.75,85,1.93,False,False,2,63.6,2479.28
5,42.75,103,1.13,False,False,2,55.39,2421.47
6,42.75,86,1.07,False,False,2,43.45,2377.26
7,42.75,97,0.95,False,False,2,73.03,2303.29
8,42.75,60,1.87,False,False,2,114.69,2187.66
9,42.75,85,1.19,False,False,2,61.03,2125.78
10,42.75,89,1.8,False,False,2,62.38,2062.44
11,42.75,101,0.56,False,False,2,112.44,1947.34
12,42.75,94,1.88,False,False,2,69.4,1877.18
13,42.75,69,0.92,False,False,2,93.71,1781.62
14,42.75,74,1.26,False,False,2,41.35,1738.8
15,42.75,70,0.5,False,False,2,124.53,1612.2
16,42.75,97,0.64,False,False,2,116.45,1494.13
17,42.75,79,0.66,False,False,2,34.66,1458.08
18,42.75,103,1.48,False,False,2,56.73,1400.54
19,42.75,76,1.09,False,False,2,68.29,1331.38
20,42.75,83,0.86,False,False,2,90.11,1240.35
21,42.75,85,1.68,False,False,2,59.79,1179.77
22,42.75,64,0.76,False,False,2,109.17,1068.34
1,43.12,93,1.9,False,False,2,67.45,0.02
2,43.12,90,0.77,False,False,2,49.32,2910.3
3,43.12,66,1.56,False,False,2,66.74,2842.79
4,43.12,83,1.59,False,False,2,22.11,2818.18
5,43.12,104,1.15,False,False,2,73.05,2744.41
6,43.12,85,1.08,False,False,2,81.47,2661.91
7,43.12,96,1.14,False,False,2,23.62,2637.33
8,43.12,60,0.6,False,False,2,93.68,2541.73
9,43.12,84,1.73,False,False,2,57.86,2483.11
10,43.12,87,0.56,False,False,2,84.47,2398.1
11,43.12,104,1.87,False,False,2,93.86,2303.19
12,43.12,95,0.89,False,False,2,50.06,2252.2
13,43.12,72,2.0,False,False,2,115.7,2135.21
14,43.12,72,1.34,False,False,2,95.02,2037.74
15,43.12,67,1.46,False,False,2,147.55,1889.22
16,43.12,98,1.57,False,False,2,117.65,1769.15
17,43.12,79,1.06,False,False,2,148.31,1620.01
18,43.12,103,1.6,False,False,2,132.61,1486.47
19,43.12,75,1.23,False,False,2,125.53,1359.62
20,43.12,80,1.42,False,False,2,72.85,1285.38
21,43.12,85,0.96,False,False,2,71.78,1212.82
22,43.12,67,1.06,False,False,2,131.45,1079.87
1,43.5,91,1.04,False,False,2,79.12,0.01
2,43.5,89,0.56,False,False,2,116.27,2987.81
3,43.5,65,0.9,False,False,2,63.7,2923.31
4,43.5,81,1.74,False,False,2,139.73,2782.17
5,43.5,105,0.59,False,False,2,126.92,2654.29
6,43.5,88,0.81,False,False,2,148.38,2504.52
7,43.5,97,1.56,False,False,2,63.86,2438.02
8,43.5,62,0.83,False,False,2,87.38,2349.39
9,43.5,83,0.7,False,False,2,31.51,2317.23
10,43.5,86,1.79,False,False,2,140.23,2176.06
11,43.5,101,1.09,False,False,2,53.54,2121.97
12,43.5,98,0.96,False,False,2,24.92,2094.39
13,43.5,75,1.33,False,False,2,54.18,2038.01
14,43.5,71,1.74,False,False,2,140.04,1897.46
15,43.5,66,1.82,False,False,2,73.18,1823.49
16,43.5,101,1.63,False,False,2,111.62,1711.16
17,43.5,79,0.5,False,False,2,110.79,1598.07
18,43.5,101,1.2,False,False,2,119.24,1476.95
19,43.5,75,1.72,False,False,2,61.1,1414.17
20,43.5,78,0.91,False,False,2,98.55,1314.85
21,43.5,88,1.77,False,False,2,26.86,1286.72
22,43.5,68,0.98,False,False,2,148.95,1136.94
1,43.88,88,1.63,False,False,2,135.76,0.01
2,43.88,87,1.78,False,False,2,87.69,2757.62
3,43.88,64,1.95,False,False,2,133.23,2623.19
4,43.88,79,1.38,False,False,2,99.79,2522.58
5,43.88,105,0.7,False,False,2,125.62,2396.01
6,43.88,85,1.21,False,False,2,138.8,2255.53
7,43.88,98,1.33,False,False,2,117.61,2136.54
8,43.88,61,0.57,False,False,2,72.46,2063.42
9,43.88,83,1.52,False,False,2,125.91,1936.77
10,43.88,88,1.64,False,False,2,49.02,1887.15
11,43.88,98,1.33,False,False,2,113.1,1772.97
12,43.88,100,1.47,False,False,2,48.26,1723.83
13,43.88,72,1.83,False,False,2,57.01,1665.57
14,43.88,72,0.51,False,False,2,98.87,1565.26
15,43.88,64,0.54,False,False,2,63.76,1500.16
16,43.88,104,1.92,False,False,2,67.98,1429.91
17,43.88,78,1.18,False,False,2,110.26,1318.36
18,43.88,102,0.83,False,False,2,38.63,1279.13
19,43.88,78,1.53,False,False,2,61.03,1217.55
20,43.88,77,0.58,False,False,2,49.16,1167.52
21,43.88,88,1.7,False,False,2,33.22,1133.0
22,43.88,71,0.57,False,False,2,96.67,1034.83
1,44.25,88,1.4,False,False,2,33.37,0.01
2,44.25,85,1.21,False,False,2,112.24,2950.2
3,44.25,63,1.85,False,False,2,26.98,2922.19
4,44.25,79,1.52,False,False,2,110.66,2810.08
5,44.25,106,0.75,False,False,2,63.3,2744.08
6,44.25,82,9.73,True,False,1,105.47,2637.96
7,44.25,96,0.75,False,False,2,95.72,2541.5
8,44.25,60,0.82,False,False,2,76.55,2463.97
9,44.25,86,1.05,False,False,2,85.66,2377.2
10,44.25,90,1.26,False,False,2,75.21,2301.2
11,44.25,97,1.89,False,False,2,102.19,2198.05
12,44.25,100,0.54,False,False,2,141.91,2055.5
13,44.25,72,1.64,False,False,2,75.8,1978.98
14,44.25,73,1.63,False,False,2,111.66,1866.74
15,44.25,62,1.92,False,False,2,103.55,1762.04
16,44.25,103,1.0,False,False,2,82.05,1678.61
17,44.25,75,1.51,False,False,2,94.25,1583.57
18,44.25,100,1.84,False,False,2,70.8,1511.91
19,44.25,78,0.89,False,False,2,80.19,1430.58
20,44.25,76,1.51,False,False,2,130.24,1299.51
21,44.25,90,1.3,False,False,2,22.31,1275.91
22,44.25,72,0.62,False,False,2,129.47,1146.01
1,44.62,85,1.16,False,False,2,143.13,0.01
2,44.62,88,1.73,False,False,2,109.38,2777.48
3,44.62,66,0.55,False,False,2,42.68,2733.92
4,44.62,78,1.25,False,False,2,123.68,2609.32
5,44.62,109,1.67,False,False,2,90.6,2517.85
6,44.62,85,1.06,False,False,2,141.58,2375.66
7,44.62,95,1.69,False,False,2,140.83,2233.94
8,44.62,63,0.63,False,False,2,119.69,2113.44
9,44.62,86,1.83,False,False,2,74.07,2038.45
10,44.62,92,1.08,False,False,2,42.36,1995.07
11,44.62,96,1.42,False,False,2,31.71,1962.63
12,44.62,97,1.51,False,False,2,84.6,1876.52
13,44.62,73,1.75,False,False,2,58.32,1817.12
14,44.62,74,0.57,False,False,2,72.09,1743.57
15,44.62,60,0.82,False,False,2,31.1,1710.83
16,44.62,102,0.7,False,False,2,144.46,1564.95
17,44.62,76,0.63,False,False,2,49.36,1514.51
18,44.62,100,1.48,False,False,2,147.29,1366.26
19,44.62,81,0.55,False,False,2,36.98,1328.36
20,44.62,74,1.85,False,False,2,128.84,1198.93
21,44.62,89,0.53,False,False,2,122.3,1074.57
22,44.62,72,0.95,False,False,2,29.0,1044.8
1,45.0,83,1.29,False,False,2,43.26,0.02
2,45.0,89,0.77,False,False,2,54.02,1966.15
3,45.0,63,0.69,False,False,2,51.99,1911.93
4,45.0,81,0.97,False,False,2,104.39,1806.85
5,45.0,107,1.57,False,False,2,121.8,1682.54
6,45.0,86,0.77,False,False,2,23.7,1657.76
7,45.0,94,1.98,False,False,2,110.81,1546.36
8,45.0,64,0.61,False,False,2,144.77,1399.36
9,45.0,89,0.91,False,False,2,123.81,1274.71
10,45.0,89,0.68,False,False,2,140.26,1132.99
11,45.0,97,1.95,False,False,2,130.74,1001.63
12,45.0,94,1.44,False,False,2,116.07,883.26
13,45.0,70,1.95,False,False,2,123.9,758.06
14,45.0,74,1.64,False,False,2,93.95,662.97
15,45.0,63,0.85,False,False,2,56.85,605.46
16,45.0,101,1.06,False,False,2,116.32,488.36
17,45.0,74,0.6,False,False,2,41.57,445.79
18,45.0,100,1.69,False,False,2,105.1,339.02
19,45.0,80,1.22,False,False,2,134.83,202.64
20,45.0,74,0.75,False,False,2,57.65,144.08
21,45.0,88,0.97,False,False,2,142.34,0.01
22,45.0,72,1.17,False,False,2,73.64,1950.12
1,45.38,84,1.12,False,False,2,75.33,873.6
2,45.38,90,1.41,False,False,2,64.45,808.23
3,45.38,66,1.28,False,False,2,46.84,760.5
4,45.38,80,1.45,False,False,2,102.65,657.09
5,45.38,105,0.91,False,False,2,57.93,598.34
6,45.38,83,1.5,False,False,2,27.82,569.69
7,45.38,94,0.81,False,False,2,43.12,525.68
8,45.38,65,1.53,False,False,2,146.27,378.51
9,45.38,92,1.82,False,False,2,73.74,304.11
10,45.38,90,1.45,False,False,2,96.45,205.81
11,45.38,94,0.7,False,False,2,68.1,136.73
12,45.38,94,0.63,False,False,2,136.21,0.01
13,45.38,69,1.5,False,False,2,113.21,1960.06
14,45.38,72,1.8,False,False,2,43.48,1914.52
15,45.38,64,0.56,False,False,2,100.58,1812.45
16,45.38,98,1.8,False,False,2,137.37,1674.0
17,45.38,73,1.56,False,False,2,45.6,1627.62
18,45.38,102,1.97,False,False,2,95.73,1531.18
19,45.38,83,0.62,False,False,2,60.3,1470.05
20,45.38,75,1.17,False,False,2,130.34,1338.98
21,45.38,85,1.76,False,False,2,82.1,1254.5
22,45.38,74,1.66,False,False,2,149.68,1102.52
1,45.75,83,0.57,False,False,2,101.31,0.01
2,45.75,89,0.92,False,False,2,61.32,2951.56
3,45.75,68,1.99,False,False,2,136.08,2814.53
4,45.75,78,1.8,False,False,2,34.93,2778.97
5,45.75,104,1.57,False,False,2,47.53,2730.76
6,45.75,81,0.64,False,False,2,45.12,2684.97
7,45.75,97,0.91,False,False,2,149.28,2534.8
8,45.75,67,1.55,False,False,2,40.95,2493.25
9,45.75,93,1.13,False,False,2,49.83,2441.63
10,45.75,87,1.25,False,False,2,60.44,2380.82
11,45.75,95,0.74,False,False,2,131.44,2248.9
12,45.75,92,1.79,False,False,2,129.94,2118.31
13,45.75,70,1.52,False,False,2,114.72,2002.66
14,45.75,74,1.29,False,False,2,100.39,1901.36
15,45.75,66,0.72,False,False,2,148.96,1751.79
16,45.75,97,0.78,False,False,2,60.78,1690.49
17,45.75,74,0.8,False,False,2,125.04,1564.82
18,45.75,103,0.57,False,False,2,52.15,1510.37
19,45.75,81,1.89,False,False,2,68.17,1441.34
20,45.75,72,1.86,False,False,2,148.57,1291.85
21,45.75,82,1.09,False,False,2,56.59,1232.32
22,45.75,72,1.69,False,False,2,113.75,1117.03
1,46.12,81,0.68,False,False,2,115.01,0.02
2,46.12,87,1.86,False,False,2,43.8,1973.03
3,46.12,68,0.91,False,False,2,108.69,1862.38
4,46.12,76,1.08,False,False,2,23.56,1838.16
5,46.12,103,1.33,False,False,2,147.61,1689.78
6,46.12,84,1.3,False,False,2,116.09,1572.77
7,46.12,100,0.85,False,False,2,122.26,1449.78
8,46.12,67,1.8,False,False,2,134.34,1313.38
9,46.12,93,1.34,False,False,2,81.52,1231.17
10,46.12,87,1.34,False,False,2,110.67,1119.7
11,46.12,97,0.62,False,False,2,39.26,1079.64
12,46.12,89,1.4,False,False,2,101.46,977.57
13,46.12,71,0.62,False,False,2,117.78,859.09
14,46.12,76,0.77,False,False,2,113.09,743.62
15,46.12,68,1.29,False,False,2,119.24,621.9
16,46.12,95,1.23,False,False,2,142.1,478.27
17,46.12,77,1.4,False,False,2,52.03,423.66
18,46.12,106,1.74,False,False,2,65.61,357.43
19,46.12,84,1.33,False,False,2,148.03,208.61
20,46.12,69,0.74,False,False,2,133.96,73.91
21,46.12,81,0.93,False,False,2,71.66,0.02
22,46.12,75,1.37,False,False,2,51.1,2004.46
1,46.5,80,1.51,False,False,2,116.64,886.49
2,46.5,87,1.33,False,False,2,57.17,828.41
3,46.5,71,0.97,False,False,2,40.09,786.21
4,46.5,73,0.61,False,False,2,81.59,703.87
5,46.5,106,1.24,False,False,2,92.4,609.59
6,46.5,87,1.31,False,False,2,96.8,510.52
7,46.5,101,0.75,False,False,2,118.49,391.19
8,46.5,65,1.92,False,False,2,77.01,313.54
9,46.5,93,1.36,False,False,2,29.9,282.62
10,46.5,87,0.81,False,False,2,70.5,211.11
11,46.5,100,0.66,False,False,2,25.88,184.51
12,46.5,90,1.55,False,False,2,93.62,90.18
13,46.5,74,1.34,False,False,2,87.75,0.02
14,46.5,76,0.65,False,False,2,77.96,2056.81
15,46.5,66,1.7,False,False,2,22.1,2034.15
16,46.5,92,1.72,False,False,2,122.21,1910.51
17,46.5,79,1.5,False,False,2,135.41,1773.56
18,46.5,104,1.41,False,False,2,60.46,1710.94
19,46.5,83,0.98,False,False,2,42.68,1666.2
20,46.5,67,1.38,False,False,2,145.67,1519.58
21,46.5,80,1.93,False,False,2,122.67,1395.92
22,46.5,78,1.51,False,False,2,71.96,1323.49
1,46.88,82,1.61,False,False,2,144.6,177.64
2,46.88,90,1.14,False,False,2,38.33,138.55
3,46.88,71,1.91,False,False,2,137.85,0.01
4,46.88,76,0.92,False,False,2,53.62,2965.95
5,46.88,104,1.71,False,False,2,62.78,2901.18
6,46.88,86,1.51,False,False,2,54.14,2846.15
7,46.88,104,1.7,False,False,2,144.37,2699.66
8,46.88,67,1.25,False,False,2,139.08,2559.65
9,46.88,94,0.76,False,False,2,65.0,2493.78
10,46.88,86,1.81,False,False,2,73.05,2419.78
11,46.88,103,0.61,False,False,2,93.15,2325.79
12,46.88,89,1.0,False,False,2,83.4,2241.68
13,46.88,74,1.16,False,False,2,112.8,2127.95
14,46.88,78,0.59,False,False,2,83.26,2042.75
15,46.88,69,1.1,False,False,2,113.12,1926.91
16,46.88,94,1.24,False,False,2,139.52,1786.37
17,46.88,80,1.43,False,False,2,141.61,1644.14
18,46.88,104,1.24,False,False,2,75.46,1567.16
19,46.88,82,1.71,False,False,2,107.56,1459.1
20,46.88,65,0.6,False,False,2,104.32,1353.08
21,46.88,79,1.5,False,False,2,141.14,1211.28
22,46.88,79,0.51,False,False,2,69.35,1141.22
1,47.25,82,0.65,False,False,2,139.5,0.01
2,47.25,92,0.59,False,False,2,42.23,2762.18
3,47.25,74,1.12,False,False,2,82.3,2678.13
4,47.25,74,1.57,False,False,2,134.06,2542.59
5,47.25,107,1.9,False,False,2,99.15,2441.65
6,47.25,83,1.15,False,False,2,81.72,2357.34
7,47.25,101,1.82,False,False,2,26.98,2329.72
8,47.25,70,1.33,False,False,2,94.26,2234.13
9,47.25,95,1.85,False,False,2,118.27,2114.86
10,47.25,85,1.8,False,False,2,34.99,2079.33
11,47.25,100,0.55,False,False,2,55.84,2022.31
12,47.25,87,1.2,False,False,2,143.72,1877.54
13,47.25,73,0.85,False,False,2,54.95,1821.54
14,47.25,81,1.95,False,False,2,115.72,1704.28
15,47.25,66,0.79,False,False,2,112.01,1589.63
16,47.25,97,0.81,False,False,2,100.78,1487.21
17,47.25,77,1.51,False,False,2,41.85,1442.98
18,47.25,106,0.99,False,False,2,130.91,1309.76
19,47.25,83,0.67,False,False,2,78.98,1229.74
20,47.25,62,1.06,False,False,2,37.54,1190.18
21,47.25,77,1.69,False,False,2,90.43,1099.11
22,47.25,78,0.69,False,False,2,26.33,1072.04
1,47.62,81,0.95,False,False,2,70.49,0.01
2,47.62,93,0.73,False,False,2,118.31,2761.92
3,47.62,74,1.4,False,False,2,47.0,2712.45
4,47.62,71,1.87,False,False,2,132.05,2579.11
5,47.62,110,0.61,False,False,2,148.15,2430.06
6,47.62,81,1.13,False,False,2,24.67,2404.6
8,47.62,67,1.0,False,False,2,138.17,2265.06
9,47.62,95,1.46,False,False,2,68.4,2195.77
10,47.62,86,1.28,False,False,2,107.41,2087.51
11,47.62,98,1.63,False,False,2,71.42,2012.94
12,47.62,89,1.28,False,False,2,42.51,1968.74
13,47.62,75,1.68,False,False,2,119.37,1847.63
14,47.62,82,1.27,False,False,2,78.84,1767.52
15,47.62,67,1.96,False,False,2,37.61,1728.94
16,47.62,96,0.68,False,False,2,128.51,1599.57
17,47.62,77,1.84,False,False,2,63.86,1534.69
18,47.62,105,1.35,False,False,2,127.92,1406.03
19,47.62,83,1.69,False,False,2,85.3,1318.96
20,47.62,63,1.19,False,False,2,101.95,1216.0
21,47.62,78,1.18,False,False,2,35.95,1178.26
22,47.62,77,1.19,False,False,2,83.48,1093.62
1,48.0,82,2.0,False,False,2,90.94,0.01
4,48.0,72,1.75,False,False,2,27.98,2304.14
5,48.0,109,0.89,False,False,2,72.75,2230.56
6,48.0,82,1.86,False,False,2,91.85,2137.51
7,48.0,99,1.0,False,False,2,76.29,2060.54
8,48.0,66,1.68,False,False,2,84.93,1974.43
9,48.0,93,1.03,False,False,2,38.14,1935.4
10,48.0,87,1.77,False,False,2,105.65,1827.94
11,48.0,99,0.92,False,False,2,22.94,1804.38
12,48.0,87,1.26,False,False,2,103.42,1700.19
13,48.0,78,0.53,False,False,2,29.5,1668.28
14,48.0,80,0.93,False,False,2,66.69,1600.97
15,48.0,66,1.88,False,False,2,56.53,1543.22
16,48.0,98,0.84,False,False,2,28.64,1513.97
17,48.0,76,1.08,False,False,2,49.39,1464.05
18,48.0,104,1.57,False,False,2,50.17,1412.45
19,48.0,83,1.07,False,False,2,51.33,1359.14
20,48.0,63,1.33,False,False,2,77.25,1279.17
21,48.0,77,1.65,False,False,2,148.03,1130.53
22,48.0,74,0.93,False,False,2,20.1,1108.97
1,48.38,79,1.55,False,False,2,107.63,0.01
2,48.38,89,1.13,False,False,2,23.32,2664.4
3,48.38,74,1.6,False,False,2,54.62,2607.24
4,48.38,74,1.57,False,False,2,131.62,2474.7
5,48.38,112,1.01,False,False,2,39.89,2433.64
6,48.38,83,1.36,False,False,2,65.22,2367.49
7,48.38,102,0.56,False,False,2,116.3,2248.84
8,48.38,63,1.29,False,False,2,38.58,2209.32
9,48.38,91,1.17,False,False,2,57.41,2150.79
10,48.38,85,1.82,False,False,2,88.33,2061.78
11,48.38,98,0.92,False,False,2,114.9,1945.94
12,48.38,86,1.59,False,False,2,40.74,1902.41
13,48.38,80,1.14,False,False,2,124.27,1775.41
14,48.38,80,1.59,False,False,2,74.33,1699.37
15,48.38,69,1.89,False,False,2,60.09,1638.36
16,48.38,101,0.86,False,False,2,21.75,1615.84
17,48.38,73,0.98,False,False,2,122.02,1493.31
18,48.38,105,1.93,False,False,2,49.65,1442.96
19,48.38,85,1.72,False,False,2,69.52,1371.3
20,48.38,66,1.36,False,False,2,40.51,1328.31
21,48.38,74,0.55,False,False,2,124.49,1202.99
22,48.38,72,0.51,False,False,2,52.48,1149.79
1,48.75,78,1.5,False,False,2,148.25,0.02
2,48.75,87,1.72,False,False,2,135.82,2883.96
3,48.75,72,1.24,False,False,2,82.42,2800.74
4,48.75,73,1.2,False,False,2,65.83,2734.25
5,48.75,111,1.63,False,False,2,117.31,2616.19
6,48.75,80,1.9,False,False,2,135.17,2480.38
7,48.75,103,0.96,False,False,2,40.1,2439.44
8,48.75,60,1.76,False,False,2,135.87,2301.18
9,48.75,93,0.99,False,False,2,128.14,2171.05
10,48.75,84,0.88,False,False,2,124.28,2045.44
11,48.75,99,1.08,False,False,2,72.76,1971.36
12,48.75,86,1.12,False,False,2,108.28,1860.79
13,48.75,80,1.35,False,False,2,95.05,1764.43
14,48.75,79,1.16,False,False,2,39.87,1723.83
15,48.75,67,1.37,False,False,2,26.98,1695.74
16,48.75,101,1.36,False,False,2,134.75,1560.46
17,48.75,73,1.02,False,False,2,40.49,1518.83
18,48.75,104,1.19,False,False,2,95.23,1422.82
19,48.75,82,0.52,False,False,2,127.48,1293.75
20,48.75,69,0.7,False,False,2,90.42,1202.51
21,48.75,73,0.66,False,False,2,125.1,1076.44
22,48.75,71,0.5,False,False,2,52.61,1022.43
1,49.12,75,0.69,False,False,2,20.74,0.01
2,49.12,90,0.68,False,False,2,58.67,2614.47
3,49.12,71,1.11,False,False,2,41.87,2571.74
4,49.12,75,1.92,False,False,2,114.26,2455.1
5,49.12,112,1.94,False,False,2,41.59,2412.02
6,49.12,82,0.88,False,False,2,91.96,2319.39
7,49.12,103,0.78,False,False,2,40.15,2278.09
8,49.12,60,0.79,False,False,2,31.89,2245.05
9,49.12,92,0.64,False,False,2,121.04,2123.29
10,49.12,87,1.07,False,False,2,134.94,1987.43
12,49.12,83,1.13,False,False,2,41.18,1944.99
13,49.12,82,0.76,False,False,2,66.25,1877.84
14,49.12,77,0.56,False,False,2,117.16,1759.74
15,49.12,70,0.61,False,False,2,127.36,1629.29
16,49.12,99,1.15,False,False,2,31.73,1596.55
17,49.12,75,1.12,False,False,2,42.19,1553.68
18,49.12,105,0.93,False,False,2,38.74,1514.04
19,49.12,82,1.68,False,False,2,96.41,1417.04
20,49.12,66,1.41,False,False,2,90.08,1325.72
21,49.12,71,1.75,False,False,2,149.39,1175.26
22,49.12,74,1.65,False,False,2,87.49,1084.94
1,49.5,73,1.4,False,False,2,83.38,0.01
2,49.5,91,0.75,False,False,2,32.73,3079.63
3,49.5,72,1.26,False,False,2,147.48,2930.55
4,49.5,77,0.73,False,False,2,126.68,2802.76
5,49.5,112,0.58,False,False,2,69.65,2730.62
6,49.5,82,1.2,False,False,2,85.38,2644.29
7,49.5,103,0.95,False,False,2,84.86,2558.63
8,49.5,60,0.99,False,False,2,126.42,2431.32
9,49.5,95,0.77,False,False,2,131.41,2298.2
10,49.5,87,1.45,False,False,2,131.48,2165.67
11,49.5,100,0.7,False,False,2,46.3,2118.63
12,49.5,83,0.78,False,False,2,103.15,2013.63
13,49.5,84,0.77,False,False,2,147.15,1865.91
14,49.5,74,1.32,False,False,2,41.44,1822.04
15,49.5,67,1.84,False,False,2,73.79,1747.54
16,49.5,100,0.79,False,False,2,130.75,1615.89
17,49.5,72,1.33,False,False,2,64.45,1548.74
18,49.5,108,1.71,False,False,2,88.21,1459.84
19,49.5,81,1.95,False,False,2,130.25,1327.38
20,49.5,68,0.9,False,False,2,73.61,1252.76
21,49.5,69,0.67,False,False,2,45.62,1206.23
22,49.5,75,1.93,False,False,2,61.44,1144.02
1,49.88,73,1.8,False,False,2,141.54,0.01
2,49.88,91,0.95,False,False,2,50.42,2963.22
3,49.88,75,1.91,False,False,2,137.93,2823.63
4,49.88,79,0.75,False,False,2,81.06,2740.53
5,49.88,112,0.86,False,False,2,56.73,2682.57
6,49.88,84,0.62,False,False,2,134.63,2547.15
7,49.88,106,1.55,False,False,2,114.88,2431.45
8,49.88,60,1.29,False,False,2,123.76,2306.24
9,49.88,95,1.75,False,False,2,117.27,2188.25
10,49.88,89,1.67,False,False,2,122.37,2064.84
11,49.88,98,0.51,False,False,2,67.57,1996.56
12,49.88,85,0.65,False,False,2,31.39,1964.54
13,49.88,85,1.8,False,False,2,30.36,1933.14
14,49.88,74,1.39,False,False,2,146.26,1786.19
15,49.88,67,1.48,False,False,2,35.69,1749.66
16,49.88,99,0.95,False,False,2,97.71,1650.15
17,49.88,72,1.87,False,False,2,25.61,1622.01
18,49.88,111,1.69,False,False,2,131.98,1489.23
19,49.88,84,1.58,False,False,2,114.4,1373.68
20,49.88,66,1.46,False,False,2,136.28,1236.62
21,49.88,72,1.58,False,False,2,57.77,1177.44
22,49.88,77,1.53,False,False,2,138.38,1036.48
1,50.25,74,1.26,False,False,2,34.84,0.01
2,50.25,92,1.7,False,False,2,45.01,2943.08
3,50.25,76,1.57,False,False,2,105.81,2836.6
4,50.25,78,1.52,False,False,2,66.91,2769.02
5,50.25,114,1.29,False,False,2,39.82,2728.51
6,50.25,82,0.56,False,False,2,22.1,2704.01
7,50.25,109,1.11,False,False,2,111.01,2592.2
8,50.25,60,1.46,False,False,2,128.25,2459.18
9,50.25,96,0.8,False,False,2,43.97,2412.78
10,50.25,88,0.59,False,False,2,105.27,2306.75
11,50.25,95,1.68,False,False,2,50.59,2254.09
12,50.25,85,1.63,False,False,2,126.08,2127.1
13,50.25,88,1.02,False,False,2,27.36,2098.58
14,50.25,75,1.79,False,False,2,142.15,1955.45
15,50.25,70,0.77,False,False,2,121.3,1833.32
16,50.25,101,0.78,False,False,2,74.87,1756.11
17,50.25,75,1.06,False,False,2,136.65,1618.85
18,50.25,111,0.53,False,False,2,145.95,1472.41
19,50.25,81,1.94,False,False,2,82.24,1388.53
20,50.25,69,1.87,False,False,2,142.52,1243.89
21,50.25,74,1.72,False,False,2,125.82,1117.28
22,50.25,75,1.62,False,False,2,25.25,1091.37
1,50.62,77,1.77,False,False,2,90.47,0.02
2,50.62,91,1.5,False,False,2,31.77,2624.79
3,50.62,75,0.63,False,False,2,44.91,2578.09
4,50.62,78,0.85,False,False,2,47.01,2530.28
5,50.62,116,0.54,False,False,2,110.27,2419.69
6,50.62,80,1.7,False,False,2,42.14,2376.71
7,50.62,111,0.76,False,False,2,95.27,2279.18
9,50.62,99,1.69,False,False,2,78.83,2199.03
10,50.62,90,1.08,False,False,2,75.09,2122.6
11,50.62,92,1.29,False,False,2,89.2,2032.2
12,50.62,86,1.71,False,False,2,118.05,1912.03
13,50.62,91,1.31,False,False,2,54.67,1854.78
14,50.62,76,0.97,False,False,2,126.47,1727.67
15,50.62,72,1.75,False,False,2,110.91,1616.07
16,50.62,103,1.48,False,False,2,44.6,1570.58
17,50.62,74,1.17,False,False,2,99.89,1468.6
18,50.62,113,0.79,False,False,2,23.72,1443.11
19,50.62,81,0.72,False,False,2,45.51,1397.05
20,50.62,70,1.16,False,False,2,110.37,1285.94
21,50.62,72,1.09,False,False,2,139.8,1145.55
22,50.62,76,1.54,False,False,2,24.93,1120.02
1,51.0,79,1.05,False,False,2,118.59,0.02
2,51.0,93,1.08,False,False,2,95.29,2709.83
3,51.0,75,1.71,False,False,2,42.46,2665.82
4,51.0,81,1.92,False,False,2,29.69,2634.17
5,51.0,114,1.75,False,False,2,145.98,2486.15
6,51.0,82,1.68,False,False,2,99.25,2385.94
7,51.0,110,1.09,False,False,2,112.22,2272.88
8,51.0,62,1.77,False,False,2,108.42,2163.26
9,51.0,101,1.71,False,False,2,118.54,2044.11
10,51.0,92,1.99,False,False,2,131.05,1911.77
11,51.0,92,1.9,False,False,2,20.02,1889.22
12,51.0,85,1.4,False,False,2,65.62,1822.91
13,51.0,93,1.18,False,False,2,88.28,1733.67
14,51.0,79,0.71,False,False,2,33.12,1698.64
15,51.0,71,0.95,False,False,2,72.22,1625.4
16,51.0,100,1.98,False,False,2,126.25,1497.2
17,51.0,71,0.59,False,False,2,44.71,1451.68
18,51.0,115,1.77,False,False,2,27.75,1423.16
19,51.0,84,0.69,False,False,2,119.3,1302.57
20,51.0,70,1.67,False,False,2,85.79,1215.53
21,51.0,73,0.96,False,False,2,94.95,1119.81
22,51.0,77,0.56,False,False,2,61.54,1057.27
1,51.38,78,1.32,False,False,2,55.66,0.02
2,51.38,95,0.54,False,False,2,42.26,2671.46
3,51.38,76,1.62,False,False,2,59.55,2611.23
4,51.38,79,1.86,False,False,2,88.79,2520.74
5,51.38,113,1.66,False,False,2,134.99,2384.74
6,51.38,80,0.83,False,False,2,37.37,2345.01
7,51.38,107,1.26,False,False,2,143.96,2200.26
8,51.38,64,1.63,False,False,2,40.07,2159.21
9,51.38,100,0.55,False,False,2,40.14,2118.44
10,51.38,91,0.69,False,False,2,84.44,2032.01
11,51.38,91,0.9,False,False,2,66.17,1965.2
12,51.38,82,0.93,False,False,2,123.14,1841.1
13,51.38,95,0.79,False,False,2,35.89,1804.19
14,51.38,76,0.91,False,False,2,84.16,1719.34
15,51.38,71,0.88,False,False,2,55.87,1662.84
16,51.38,101,1.97,False,False,2,132.11,1529.7
17,51.38,73,1.56,False,False,2,31.83,1497.35
18,51.38,116,0.69,False,False,2,42.17,1454.42
19,51.38,82,1.88,False,False,2,135.35,1318.49
20,51.38,67,1.97,False,False,2,38.83,1279.08
21,51.38,76,0.71,False,False,2,130.89,1147.53
22,51.38,79,0.73,False,False,2,108.14,1038.52
1,51.75,78,0.77,False,False,2,34.88,0.01
2,51.75,96,1.92,False,False,2,86.9,2944.22
3,51.75,79,1.02,False,False,2,61.04,2882.16
4,51.75,79,1.29,False,False,2,117.45,2763.02
5,51.75,110,1.81,False,False,2,132.32,2628.07
6,51.75,77,1.87,False,False,2,46.88,2579.91
7,51.75,104,1.27,False,False,2,77.11,2501.85
8,51.75,66,0.81,False,False,2,135.62,2365.16
9,51.75,102,1.95,False,False,2,113.32,2250.82
10,51.75,90,1.04,False,False,2,30.76,2217.79
11,51.75,89,1.12,False,False,2,130.86,2086.13
12,51.75,82,0.8,False,False,2,101.11,1983.31
13,51.75,98,0.78,False,False,2,47.75,1933.84
14,51.75,75,1.45,False,False,2,120.81,1809.23
15,51.75,71,1.57,False,False,2,81.47,1726.8
16,51.75,104,0.68,False,False,2,101.96,1623.09
17,51.75,73,0.81,False,False,2,49.41,1572.47
18,51.75,113,1.12,False,False,2,123.43,1447.51
19,51.75,85,1.32,False,False,2,84.7,1362.08
20,51.75,67,0.71,False,False,2,49.8,1311.48
21,51.75,78,1.93,False,False,2,135.59,1175.2
22,51.75,76,0.58,False,False,2,137.28,1037.29
1,52.12,76,1.04,False,False,2,35.64,0.01
2,52.12,94,0.66,False,False,2,121.15,2668.03
3,52.12,80,0.76,False,False,2,77.68,2589.58
4,52.12,78,1.27,False,False,2,88.55,2500.04
5,52.12,108,1.07,False,False,2,40.99,2458.15
6,52.12,77,1.76,False,False,2,90.62,2366.61
7,52.12,104,0.58,False,False,2,56.98,2308.35
8,52.12,67,1.26,False,False,2,78.24,2228.32
9,52.12,104,1.41,False,False,2,31.89,2194.92
10,52.12,93,0.8,False,False,2,27.53,2166.51
11,52.12,92,1.36,False,False,2,59.34,2106.31
12,52.12,80,0.88,False,False,2,111.34,1994.29
13,52.12,98,1.16,False,False,2,102.65,1891.06
14,52.12,75,0.57,False,False,2,117.89,1772.26
15,52.12,69,1.82,False,False,2,146.71,1623.77
16,52.12,106,1.15,False,False,2,103.61,1519.19
17,52.12,72,1.93,False,False,2,61.14,1456.99
18,52.12,114,1.02,False,False,2,56.84,1398.37
19,52.12,87,1.05,False,False,2,136.16,1261.53
20,52.12,69,0.54,False,False,2,104.54,1155.58
21,52.12,81,1.62,False,False,2,21.26,1132.74
22,52.12,79,1.02,False,False,2,103.06,1027.07
1,52.5,77,1.34,False,False,2,26.12,0.01
2,52.5,92,1.94,False,False,2,48.72,2882.66
3,52.5,77,1.83,False,False,2,99.97,2781.5
4,52.5,78,1.74,False,False,2,99.37,2680.7
5,52.5,105,1.05,False,False,2,67.83,2611.83
6,52.5,76,1.61,False,False,2,56.65,2554.43
7,52.5,102,1.85,False,False,2,129.64,2424.15
8,52.5,64,1.51,False,False,2,116.31,2307.13
9,52.5,102,0.57,False,False,2,132.1,2174.38
10,52.5,95,1.86,False,False,2,132.26,2039.82
11,52.5,90,1.5,False,False,2,88.2,1951.19
12,52.5,79,1.82,False,False,2,58.2,1892.14
13,52.5,96,1.2,False,False,2,107.36,1783.54
14,52.5,75,1.82,False,False,2,48.83,1733.75
15,52.5,71,1.52,False,False,2,97.21,1635.65
16,52.5,105,1.47,False,False,2,146.24,1488.72
17,52.5,70,1.07,False,False,2,88.56,1398.53
18,52.5,117,0.53,False,False,2,51.0,1345.31
19,52.5,87,1.87,False,False,2,52.81,1290.11
20,52.5,66,1.33,False,False,2,94.43,1194.83
21,52.5,81,1.68,False,False,2,73.98,1119.92
22,52.5,82,1.49,False,False,2,69.59,1049.68
1,52.88,76,0.87,False,False,2,48.12,0.02
2,52.88,95,1.09,False,False,2,140.73,2631.22
3,52.88,74,0.8,False,False,2,100.42,2530.02
4,52.88,79,0.52,False,False,2,126.67,2402.55
5,52.88,105,1.72,False,False,2,95.45,2305.96
6,52.88,74,0.76,False,False,2,79.37,2225.62
7,52.88,99,1.83,False,False,2,36.72,2186.32
8,52.88,61,1.38,False,False,2,23.55,2161.79
9,52.88,99,1.73,False,False,2,26.39,2134.42
10,52.88,93,1.8,False,False,2,121.22,2011.76
11,52.88,93,1.77,False,False,2,76.65,1934.15
12,52.88,80,1.6,False,False,2,76.01,1857.3
13,52.88,97,1.77,False,False,2,57.31,1799.14
14,52.88,77,1.25,False,False,2,115.16,1683.11
15,52.88,70,0.9,False,False,2,40.12,1642.24
16,52.88,108,1.31,False,False,2,38.49,1602.92
17,52.88,73,0.63,False,False,2,57.36,1544.92
18,52.88,118,1.45,False,False,2,120.31,1423.37
19,52.88,85,0.59,False,False,2,54.86,1367.86
20,52.88,67,0.7,False,False,2,143.76,1223.0
21,52.88,82,1.66,False,False,2,117.65,1104.43
22,52.88,82,0.75,False,False,2,56.94,1046.44
1,53.25,79,1.94,False,False,2,44.95,0.01
2,53.25,95,0.97,False,False,2,61.11,2595.95
3,53.25,72,1.08,False,False,2,66.48,2528.72
4,53.25,77,1.86,False,False,2,116.06,2411.95
5,53.25,108,0.84,False,False,2,34.18,2377.01
6,53.25,73,0.66,False,False,2,77.92,2298.38
7,53.25,99,1.0,False,False,2,95.31,2202.34
8,53.25,62,1.42,False,False,2,46.78,2153.01
9,53.25,96,1.16,False,False,2,67.82,2084.0
10,53.25,91,1.8,False,False,2,89.16,1992.5
11,53.25,93,0.79,False,False,2,95.95,1895.49
12,53.25,81,0.91,False,False,2,63.69,1830.41
13,53.25,95,0.78,False,False,2,60.01,1769.69
14,53.25,78,1.76,False,False,2,126.64,1641.03
15,53.25,67,1.51,False,False,2,27.66,1611.15
16,53.25,107,1.2,False,False,2,37.76,1572.31
17,53.25,74,1.81,False,False,2,111.77,1459.78
18,53.25,116,1.33,False,False,2,22.47,1436.85
19,53.25,86,0.86,False,False,2,127.15,1308.74
20,53.25,67,0.97,False,False,2,61.73,1245.5
21,53.25,82,0.89,False,False,2,116.75,1126.68
22,53.25,84,1.31,False,False,2,101.49,1023.84
1,53.62,82,0.55,False,False,2,22.0,0.01
2,53.62,93,0.54,False,False,2,128.79,2764.71
3,53.62,74,0.85,False,False,2,143.42,2619.37
4,53.62,77,1.13,False,False,2,96.95,2520.6
5,53.62,105,1.45,False,False,2,99.37,2418.43
6,53.62,72,0.97,False,False,2,61.2,2356.49
7,53.62,96,1.72,False,False,2,70.9,2284.84
8,53.62,63,1.89,False,False,2,41.03,2243.09
9,53.62,93,0.66,False,False,2,52.57,2188.79
10,53.62,93,1.79,False,False,2,94.56,2093.19
11,53.62,90,0.86,False,False,2,43.11,2048.99
12,53.62,81,1.49,False,False,2,141.26,1907.05
13,53.62,93,1.32,False,False,2,91.8,1814.6
14,53.62,75,1.69,False,False,2,44.2,1769.46
15,53.62,69,1.79,False,False,2,30.25,1737.58
16,53.62,106,1.0,False,False,2,111.73,1625.32
17,53.62,76,1.18,False,False,2,40.76,1581.85
18,53.62,115,0.69,False,False,2,39.7,1541.42
19,53.62,83,1.89,False,False,2,54.56,1485.87
20,53.62,66,1.56,False,False,2,93.79,1391.31
21,53.62,80,0.88,False,False,2,130.3,1259.95
22,53.62,82,1.01,False,False,2,131.09,1128.14
1,54.0,80,1.65,False,False,2,126.69,0.02
2,54.0,92,1.48,False,False,2,89.63,2707.45
3,54.0,73,1.23,False,False,2,105.12,2601.66
4,54.0,78,0.58,False,False,2,84.59,2516.15
5,54.0,102,0.68,False,False,2,63.86,2451.35
6,54.0,70,1.49,False,False,2,145.97,2304.15
8,54.0,61,1.01,False,False,2,61.5,2241.55
9,54.0,90,0.77,False,False,2,55.42,2185.43
10,54.0,94,1.46,False,False,2,79.07,2105.86
11,54.0,90,0.57,False,False,2,138.53,1966.46
12,54.0,81,0.91,False,False,2,76.04,1889.47
13,54.0,94,1.13,False,False,2,44.06,1842.91
14,54.0,73,0.72,False,False,2,20.35,1821.76
15,54.0,71,1.37,False,False,2,132.77,1688.26
16,54.0,103,1.54,False,False,2,92.0,1593.64
17,54.0,76,0.73,False,False,2,81.45,1511.4
18,54.0,116,1.95,False,False,2,35.63,1474.99
19,54.0,84,0.96,False,False,2,30.13,1444.22
20,54.0,68,1.7,False,False,2,69.14,1374.26
21,54.0,82,1.08,False,False,2,144.68,1228.88
22,54.0,85,1.2,False,False,2,78.37,1149.89
1,54.38,83,1.9,False,False,2,148.46,0.01
2,54.38,93,1.37,False,False,2,67.01,2897.78
3,54.38,73,1.22,False,False,2,92.82,2804.21
4,54.38,77,0.98,False,False,2,132.96,2670.47
5,54.38,102,1.02,False,False,2,36.52,2632.61
6,54.38,68,1.84,False,False,2,57.39,2574.38
7,54.38,92,1.91,False,False,2,42.4,2530.86
8,54.38,60,1.42,False,False,2,149.2,2380.85
9,54.38,87,1.5,False,False,2,146.37,2232.9
10,54.38,91,1.55,False,False,2,94.38,2136.11
11,54.38,87,1.98,False,False,2,117.42,2017.41
12,54.38,83,1.19,False,False,2,141.7,1874.33
13,54.38,93,1.54,False,False,2,54.42,1818.19
15,54.38,73,0.53,False,False,2,106.4,1710.58
16,54.38,102,0.7,False,False,2,127.28,1582.27
17,54.38,75,1.16,False,False,2,140.35,1440.07
18,54.38,115,1.73,False,False,2,59.39,1379.8
19,54.38,86,1.31,False,False,2,53.73,1324.66
20,54.38,67,1.71,False,False,2,82.2,1241.06
21,54.38,81,0.8,False,False,2,76.78,1163.19
22,54.38,83,1.02,False,False,2,119.21,1042.95
1,54.75,82,1.54,False,False,2,39.88,0.01
2,54.75,91,1.16,False,False,2,44.18,2688.96
3,54.75,76,1.32,False,False,2,79.73,2608.49
4,54.75,74,1.57,False,False,2,65.16,2542.66
5,54.75,104,1.82,False,False,2,55.93,2486.07
6,54.75,71,1.17,False,False,2,100.06,2384.34
7,54.75,92,0.99,False,False,2,106.56,2276.66
8,54.75,60,0.99,False,False,2,33.54,2240.93
9,54.75,87,1.41,False,False,2,32.19,2207.57
10,54.75,92,0.9,False,False,2,67.09,2139.64
11,54.75,84,1.0,False,False,2,23.98,2114.83
12,54.75,85,0.52,False,False,2,58.81,2055.34
13,54.75,95,1.11,False,False,2,130.88,1923.21
14,54.75,71,0.7,False,False,2,67.63,1854.64
15,54.75,74,1.12,False,False,2,28.58,1825.12
16,54.75,99,1.15,False,False,2,84.25,1740.09
17,54.75,77,1.82,False,False,2,146.08,1593.41
18,54.75,116,0.65,False,False,2,36.23,1555.03
19,54.75,88,1.17,False,False,2,114.88,1439.4
20,54.75,65,1.12,False,False,2,40.43,1398.0
21,54.75,84,1.32,False,False,2,118.79,1278.38
22,54.75,84,1.52,False,False,2,129.94,1146.11
1,55.12,81,1.9,False,False,2,144.63,0.01
2,55.12,89,1.34,False,False,2,120.21,2605.66
3,55.12,79,1.53,False,False,2,56.54,2548.45
4,55.12,76,0.56,False,False,2,139.81,2407.73
5,55.12,101,1.38,False,False,2,80.53,2326.46
6,55.12,68,1.16,False,False,2,126.68,2198.12
7,55.12,94,0.91,False,False,2,131.55,2065.51
8,55.12,60,1.52,False,False,2,65.12,1999.33
9,55.12,88,1.21,False,False,2,49.69,1948.7
10,55.12,94,0.8,False,False,2,39.72,1906.74
11,55.12,84,1.03,False,False,2,120.77,1784.56
13,55.12,95,1.52,False,False,2,96.16,1686.98
14,55.12,74,1.81,False,False,2,124.31,1561.79
15,55.12,76,0.82,False,False,2,145.09,1416.0
16,55.12,98,1.63,False,False,2,31.48,1382.74
17,55.12,74,1.7,False,False,2,80.63,1300.72
18,55.12,113,1.32,False,False,2,35.0,1264.5
19,55.12,89,0.68,False,False,2,24.65,1239.11
20,55.12,66,0.88,False,False,2,29.58,1208.67
21,55.12,82,1.35,False,False,2,50.07,1156.89
22,55.12,81,1.05,False,False,2,31.53,1122.99
1,55.5,81,1.42,False,False,2,121.98,0.01
2,55.5,86,1.88,False,False,2,59.85,1990.26
3,55.5,82,0.69,False,False,2,112.79,1876.7
4,55.5,76,0.75,False,False,2,127.4,1748.53
5,55.5,103,1.58,False,False,2,115.28,1632.52
6,55.5,66,0.53,False,False,2,45.98,1585.75
7,55.5,94,0.77,False,False,2,85.58,1499.4
8,55.5,63,0.71,False,False,2,113.62,1384.69
9,55.5,85,0.77,False,False,2,95.28,1288.6
10,55.5,94,1.46,False,False,2,65.25,1221.36
11,55.5,86,1.54,False,False,2,111.87,1108.74
12,55.5,85,1.14,False,False,2,94.28,1011.74
13,55.5,94,1.22,False,False,2,134.69,874.5
14,55.5,73,1.86,False,False,2,72.8,800.85
15,55.5,79,0.98,False,False,2,84.79,715.14
16,55.5,98,0.63,False,False,2,49.8,663.09
17,55.5,73,1.1,False,False,2,102.92,559.63
18,55.5,112,1.11,False,False,2,113.69,445.21
19,55.5,86,1.3,False,False,2,30.15,412.37
20,55.5,65,1.96,False,False,2,139.95,271.49
21,55.5,83,0.82,False,False,2,127.11,143.57
22,55.5,81,1.8,False,False,2,141.66,0.01
1,55.88,80,0.94,False,False,2,42.73,992.33
2,55.88,84,1.1,False,False,2,80.1,911.38
3,55.88,84,1.45,False,False,2,124.66,784.36
4,55.88,76,1.59,False,False,2,102.52,669.65
5,55.88,100,1.69,False,False,2,103.78,565.27
6,55.88,65,0.81,False,False,2,83.79,480.63
7,55.88,97,1.52,False,False,2,72.47,407.46
8,55.88,64,0.93,False,False,2,75.25,331.36
9,55.88,85,0.71,False,False,2,70.11,258.76
10,55.88,95,0.89,False,False,2,127.27,126.74
11,55.88,85,1.82,False,False,2,125.9,0.01
12,55.88,84,0.5,False,False,2,149.38,1975.47
13,55.88,92,0.73,False,False,2,77.7,1896.75
14,55.88,73,0.97,False,False,2,125.99,1770.06
15,55.88,77,1.7,False,False,2,29.76,1739.16
16,55.88,99,1.61,False,False,2,100.89,1637.63
17,55.88,76,1.45,False,False,2,81.78,1553.71
18,55.88,114,1.99,False,False,2,72.92,1480.17
19,55.88,85,1.29,False,False,2,105.54,1373.98
20,55.88,64,1.92,False,False,2,86.79,1284.31
21,55.88,83,0.99,False,False,2,107.26,1176.02
22,55.88,82,1.11,False,False,2,48.43,1126.25
2,56.25,87,0.92,False,False,2,124.62,0.01
3,56.25,82,1.19,False,False,2,94.71,2349.94
4,56.25,78,0.82,False,False,2,73.67,2275.15
5,56.25,102,1.01,False,False,2,42.16,2232.02
6,56.25,66,0.92,False,False,2,28.05,2203.48
7,56.25,98,1.51,False,False,2,91.73,2111.05
8,56.25,64,1.88,False,False,2,41.87,2068.32
9,56.25,85,1.3,False,False,2,124.75,1942.83
10,56.25,97,1.97,False,False,2,59.67,1882.39
11,56.25,84,1.05,False,False,2,47.41,1834.21
12,56.25,85,1.32,False,False,2,142.51,1691.07
13,56.25,94,0.54,False,False,2,62.15,1627.01
14,56.25,70,0.81,False,False,2,76.11,1549.94
15,56.25,74,1.43,False,False,2,76.24,1473.01
16,56.25,98,0.56,False,False,2,96.81,1374.95
17,56.25,78,1.04,False,False,2,44.25,1328.36
18,56.25,115,1.94,False,False,2,33.4,1294.3
19,56.25,87,1.18,False,False,2,58.56,1235.3
20,56.25,63,0.78,False,False,2,90.88,1143.73
21,56.25,81,0.75,False,False,2,35.61,1105.08
22,56.25,79,0.61,False,False,2,41.46,1063.12
1,56.62,76,0.84,False,False,2,61.95,0.01
2,56.62,86,1.06,False,False,2,26.06,2990.59
3,56.62,80,0.57,False,False,2,41.6,2947.97
4,56.62,79,1.58,False,False,2,75.35,2871.91
5,56.62,104,1.25,False,False,2,51.25,2819.88
6,56.62,63,1.21,False,False,2,104.86,2712.68
7,56.62,99,1.1,False,False,2,93.96,2615.98
8,56.62,63,1.68,False,False,2,101.16,2513.22
9,56.62,87,1.23,False,False,2,76.5,2434.93
10,56.62,96,1.61,False,False,2,149.43,2282.77
11,56.62,82,1.91,False,False,2,69.87,2212.19
12,56.62,85,0.55,False,False,2,149.77,2061.52
13,56.62,93,0.86,False,False,2,135.39,1925.56
14,56.62,70,1.65,False,False,2,33.2,1889.75
15,56.62,71,0.77,False,False,2,111.63,1776.68
16,56.62,100,0.98,False,False,2,118.8,1656.52
17,56.62,78,1.7,False,False,2,87.28,1568.42
18,56.62,117,1.36,False,False,2,100.27,1467.11
19,56.62,84,0.78,False,False,2,20.38,1445.78
20,56.62,65,1.98,False,False,2,120.08,1324.67
21,56.62,84,1.81,False,False,2,138.0,1185.89
22,56.62,78,1.3,False,False,2,89.94,1094.17
1,57.0,75,0.58,False,False,2,92.5,0.02
2,57.0,88,1.87,False,False,2,95.8,1937.28
3,57.0,83,1.34,False,False,2,149.21,1786.95
4,57.0,80,1.05,False,False,2,142.06,1642.77
5,57.0,106,0.56,False,False,2,125.62,1514.66
6,57.0,63,1.7,False,False,2,59.51,1454.07
7,57.0,100,1.92,False,False,2,142.71,1309.67
8,57.0,64,1.39,False,False,2,51.51,1257.5
9,57.0,89,0.74,False,False,2,91.76,1164.99
10,57.0,98,1.63,False,False,2,35.98,1128.31
11,57.0,80,1.0,False,False,2,119.32,1007.93
12,57.0,82,0.82,False,False,2,145.13,860.59
13,57.0,90,1.75,False,False,2,40.92,818.8
14,57.0,73,0.52,False,False,2,102.58,715.55
15,57.0,71,1.27,False,False,2,112.27,600.9
16,57.0,103,0.97,False,False,2,137.19,462.57
17,57.0,75,1.66,False,False,2,37.6,423.54
18,57.0,117,1.91,False,False,2,56.39,366.29
19,57.0,81,1.85,False,False,2,113.65,252.06
20,57.0,66,1.44,False,False,2,53.76,197.4
21,57.0,87,1.58,False,False,2,57.41,139.25
22,57.0,77,0.77,False,False,2,138.79,0.01
1,57.38,78,0.95,False,False,2,87.33,964.78
2,57.38,85,1.34,False,False,2,37.28,926.65
3,57.38,86,1.63,False,False,2,71.06,854.1
4,57.38,78,1.97,False,False,2,73.57,779.71
5,57.38,109,1.1,False,False,2,110.5,668.23
6,57.38,65,1.29,False,False,2,56.92,610.55
7,57.38,101,1.98,False,False,2,149.47,460.22
9,57.38,88,1.75,False,False,2,41.41,414.6
10,57.38,101,1.43,False,False,2,133.21,280.86
11,57.38,79,1.46,False,False,2,134.93,145.18
12,57.38,83,1.17,False,False,2,143.97,0.01
13,57.38,93,1.64,False,False,2,64.29,1964.43
14,57.38,74,1.84,False,False,2,59.79,1903.97
15,57.38,70,1.65,False,False,2,110.74,1792.28
16,57.38,101,1.79,False,False,2,46.63,1745.13
17,57.38,77,1.61,False,False,2,147.79,1596.82
18,57.38,117,1.15,False,False,2,108.16,1486.11
19,57.38,83,0.95,False,False,2,32.95,1452.56
20,57.38,64,1.99,False,False,2,145.52,1306.21
21,57.38,87,1.92,False,False,2,130.24,1175.12
22,57.38,78,1.06,False,False,2,129.82,1044.37
1,57.75,75,1.07,False,False,2,43.37,0.02
2,57.75,88,1.92,False,False,2,80.46,1939.71
3,57.75,87,1.21,False,False,2,34.66,1902.94
4,57.75,79,1.3,False,False,2,123.29,1777.21
5,57.75,109,0.9,False,False,2,72.75,1703.55
6,57.75,67,1.76,False,False,2,113.01,1589.74
7,57.75,101,0.62,False,False,2,135.41,1453.62
8,57.75,67,0.73,False,False,2,95.78,1356.08
9,57.75,86,0.76,False,False,2,83.28,1271.63
10,57.75,101,1.63,False,False,2,146.76,1123.97
11,57.75,76,1.36,False,False,2,118.81,1004.25
12,57.75,81,1.24,False,False,2,79.78,921.52
13,57.75,96,1.2,False,False,2,76.94,843.99
14,57.75,76,1.12,False,False,2,110.11,732.84
15,57.75,69,1.63,False,False,2,139.75,592.27
16,57.75,98,1.1,False,False,2,76.22,514.51
17,57.75,74,0.74,False,False,2,24.68,488.55
18,57.75,117,1.67,False,False,2,110.65,375.87
19,57.75,83,1.18,False,False,2,125.35,249.94
20,57.75,67,1.93,False,False,2,113.84,135.49
21,57.75,90,0.68,False,False,2,134.45,0.01
22,57.75,77,1.41,False,False,2,149.55,1887.05
1,58.12,74,0.61,False,False,2,62.86,822.81
2,58.12,88,1.73,False,False,2,140.76,681.01
3,58.12,90,1.2,False,False,2,63.37,616.88
4,58.12,80,1.26,False,False,2,103.94,510.43
5,58.12,107,1.03,False,False,2,47.61,461.02
6,58.12,66,1.23,False,False,2,42.97,417.37
7,58.12,104,1.24,False,False,2,57.02,359.46
8,58.12,66,1.14,False,False,2,62.43,296.27
9,58.12,88,1.69,False,False,2,123.01,172.37
10,58.12,98,1.28,False,False,2,125.43,46.29
11,58.12,78,1.26,False,False,2,45.8,0.01
12,58.12,79,0.79,False,False,2,143.82,1944.52
13,58.12,96,1.51,False,False,2,94.63,1846.9
14,58.12,75,0.93,False,False,2,51.42,1794.63
15,58.12,66,0.54,False,False,2,142.02,1651.88
16,58.12,100,0.7,False,False,2,35.9,1614.72
17,58.12,76,1.98,False,False,2,135.49,1478.15
18,58.12,117,1.94,False,False,2,34.4,1442.9
19,58.12,86,1.04,False,False,2,21.97,1419.81
20,58.12,69,1.27,False,False,2,105.86,1313.09
21,58.12,93,1.43,False,False,2,73.03,1237.54
22,58.12,77,1.52,False,False,2,116.77,1119.71
1,58.5,76,1.04,False,False,2,117.1,0.01
2,58.5,85,0.73,False,False,2,107.59,2732.89
3,58.5,93,1.36,False,False,2,46.55,2685.48
4,58.5,80,1.71,False,False,2,121.32,2563.13
5,58.5,109,1.92,False,False,2,87.37,2474.77
6,58.5,64,0.92,False,False,2,118.56,2353.91
7,58.5,105,1.35,False,False,2,78.85,2274.58
8,58.5,69,0.74,False,False,2,55.33,2217.87
9,58.5,85,1.95,False,False,2,26.97,2189.62
10,58.5,98,1.36,False,False,2,116.21,2072.38
11,58.5,81,1.0,False,False,2,25.11,2045.61
12,58.5,82,1.38,False,False,2,133.11,1910.52
13,58.5,97,1.35,False,False,2,125.43,1784.19
14,58.5,74,0.86,False,False,2,117.61,1666.01
15,58.5,66,1.56,False,False,2,21.36,1643.78
16,58.5,97,1.85,False,False,2,88.52,1554.28
17,58.5,76,0.55,False,False,2,40.77,1510.76
18,58.5,117,1.76,False,False,2,106.02,1402.63
19,58.5,86,1.11,False,False,2,37.24,1364.52
20,58.5,70,0.65,False,False,2,136.59,1227.32
21,58.5,92,1.68,False,False,2,108.51,1117.94
22,58.5,77,1.2,False,False,2,40.09,1077.16
1,58.88,73,1.89,False,False,2,75.61,0.01
2,58.88,83,1.64,False,False,2,77.02,2507.58
3,58.88,91,1.95,False,False,2,79.2,2427.35
4,58.88,77,0.71,False,False,2,66.6,2359.87
5,58.88,107,0.97,False,False,2,88.83,2270.19
6,58.88,66,1.91,False,False,2,46.54,2222.76
8,58.88,70,1.52,False,False,2,33.55,2186.29
9,58.88,88,0.82,False,False,2,50.61,2133.04
10,58.88,95,0.85,False,False,2,35.74,2096.43
11,58.88,83,0.98,False,False,2,67.88,2027.91
12,58.88,81,1.63,False,False,2,79.27,1947.59
13,58.88,98,1.15,False,False,2,23.89,1923.0
14,58.88,74,1.41,False,False,2,89.01,1833.14
15,58.88,66,1.19,False,False,2,139.04,1693.48
16,58.88,95,1.9,False,False,2,58.03,1634.39
17,58.88,79,0.87,False,False,2,128.26,1504.13
18,58.88,118,0.77,False,False,2,60.6,1442.61
19,58.88,86,0.97,False,False,2,62.91,1379.11
20,58.88,72,1.81,False,False,2,100.13,1278.08
21,58.88,89,0.81,False,False,2,86.28,1190.14
22,58.88,78,1.04,False,False,2,117.47,1070.6
1,59.25,74,1.07,False,False,2,67.07,0.01
2,59.25,83,1.52,False,False,2,117.29,2485.98
3,59.25,94,0.56,False,False,2,27.11,2458.0
4,59.25,78,1.34,False,False,2,27.34,2430.0
5,59.25,106,1.08,False,False,2,34.79,2394.0
6,59.25,67,0.96,False,False,2,50.14,2342.39
7,59.25,103,1.33,False,False,2,104.68,2236.67
8,59.25,67,0.89,False,False,2,40.17,2193.6
9,59.25,89,1.47,False,False,2,69.96,2121.27
10,59.25,92,1.56,False,False,2,20.57,2099.85
11,59.25,81,1.09,False,False,2,31.49,2067.39
12,59.25,79,1.62,False,False,2,134.64,1932.12
13,59.25,99,0.69,False,False,2,38.16,1893.2
14,59.25,72,1.76,False,False,2,141.61,1750.52
15,59.25,69,0.7,False,False,2,98.07,1651.85
16,59.25,97,1.01,False,False,2,22.1,1628.78
17,59.25,79,1.52,False,False,2,131.3,1496.49
18,59.25,117,1.6,False,False,2,117.63,1376.46
19,59.25,83,1.92,False,False,2,118.85,1256.43
20,59.25,75,1.65,False,False,2,101.13,1153.37
21,59.25,86,1.41,False,False,2,99.15,1053.49
22,59.25,78,1.0,False,False,2,29.44,1023.01
1,59.62,71,1.74,False,False,2,21.32,0.02
2,59.62,83,1.68,False,False,2,43.52,3082.64
3,59.62,96,1.5,False,False,2,144.2,2936.12
4,59.62,78,1.36,False,False,2,95.42,2839.95
5,59.62,107,0.85,False,False,2,77.81,2761.01
6,59.62,68,1.27,False,False,2,138.22,2621.13
7,59.62,100,0.53,False,False,2,113.21,2507.15
8,59.62,66,1.92,False,False,2,80.13,2426.07
9,59.62,91,0.57,False,False,2,45.16,2380.07
10,59.62,91,1.81,False,False,2,143.03,2236.4
11,59.62,78,0.55,False,False,2,116.91,2118.36
12,59.62,76,1.35,False,False,2,77.5,2039.78
13,59.62,98,0.8,False,False,2,95.47,1943.23
14,59.62,74,1.43,False,False,2,123.59,1818.62
15,59.62,72,1.31,False,False,2,83.73,1734.05
16,59.62,99,0.76,False,False,2,89.83,1643.16
17,59.62,80,1.02,False,False,2,40.84,1601.59
18,59.62,118,1.54,False,False,2,124.82,1476.13
19,59.62,81,0.72,False,False,2,116.29,1358.05
20,59.62,74,1.69,False,False,2,49.3,1307.64
21,59.62,85,1.48,False,False,2,29.32,1277.56
22,59.62,77,0.87,False,False,2,143.79,1132.23
1,60.0,69,0.87,False,False,2,131.23,0.01
2,60.0,85,1.9,False,False,2,39.06,2712.48
3,60.0,95,0.75,False,False,2,90.35,2620.79
4,60.0,80,1.05,False,False,2,52.37,2567.81
5,60.0,109,1.24,False,False,2,122.15,2443.32
6,60.0,66,1.46,False,False,2,52.53,2390.35
7,60.0,98,1.98,False,False,2,109.83,2280.12
8,60.0,67,1.51,False,False,2,144.12,2134.94
9,60.0,90,0.84,False,False,2,40.47,2093.89
10,60.0,93,0.7,False,False,2,54.46,2038.82
11,60.0,79,1.6,False,False,2,64.33,1973.54
12,60.0,73,0.88,False,False,2,48.35,1924.54
13,60.0,96,1.5,False,False,2,33.22,1888.99
14,60.0,72,1.33,False,False,2,118.67,1769.2
15,60.0,73,0.92,False,False,2,35.61,1733.14
16,60.0,96,0.93,False,False,2,122.01,1609.42
17,60.0,80,1.32,False,False,2,123.3,1485.54
18,60.0,120,1.97,False,False,2,43.53,1441.51
19,60.0,79,1.54,False,False,2,40.2,1400.42
20,60.0,74,1.7,False,False,2,101.07,1298.77
21,60.0,84,1.23,False,False,2,138.43,1159.74
22,60.0,77,1.82,False,False,2,75.66,1083.19
1,60.38,70,1.55,False,False,2,81.55,0.01
2,60.38,86,0.8,False,False,2,144.11,1900.28
3,60.38,98,0.85,False,False,2,58.92,1840.27
4,60.38,78,1.12,False,False,2,91.28,1747.09
5,60.38,107,1.23,False,False,2,58.68,1687.58
6,60.38,67,0.53,False,False,2,87.47,1599.39
7,60.38,96,1.77,False,False,2,62.56,1536.06
8,60.38,65,0.6,False,False,2,44.98,1490.17
9,60.38,91,0.75,False,False,2,96.47,1392.57
10,60.38,95,1.35,False,False,2,139.77,1251.6
11,60.38,82,1.07,False,False,2,125.72,1124.22
12,60.38,75,1.31,False,False,2,121.65,1001.67
13,60.38,95,1.13,False,False,2,71.38,929.2
14,60.38,70,0.98,False,False,2,97.26,831.03
15,60.38,71,1.92,False,False,2,141.41,688.06
16,60.38,94,0.87,False,False,2,132.14,555.0
17,60.38,79,1.37,False,False,2,125.18,427.89
18,60.38,123,0.94,False,False,2,77.65,349.67
19,60.38,82,1.12,False,False,2,145.46,202.79
20,60.38,77,1.74,False,False,2,66.69,135.26
21,60.38,86,1.03,False,False,2,134.45,0.01
22,60.38,80,0.98,False,False,2,127.73,1934.8
1,60.75,71,0.86,False,False,2,24.72,908.52
2,60.75,87,0.77,False,False,2,66.35,841.55
3,60.75,100,0.6,False,False,2,104.41,734.37
4,60.75,77,0.97,False,False,2,140.1,593.52
5,60.75,104,0.95,False,False,2,114.29,478.59
6,60.75,68,0.63,False,False,2,99.32,378.47
7,60.75,99,1.88,False,False,2,104.05,273.83
8,60.75,67,1.85,False,False,2,148.62,124.1
9,60.75,88,1.95,False,False,2,123.36,0.02
10,60.75,96,1.37,False,False,2,84.3,1922.25
11,60.75,80,1.8,False,False,2,43.18,1878.24
12,60.75,73,1.98,False,False,2,88.75,1788.52
13,60.75,96,1.27,False,False,2,115.83,1671.76
14,60.75,72,1.57,False,False,2,40.9,1628.99
15,60.75,71,1.91,False,False,2,73.62,1554.42
16,60.75,94,0.76,False,False,2,49.17,1504.5
17,60.75,77,0.57,False,False,2,100.15,1403.63
18,60.75,124,1.66,False,False,2,57.55,1344.9
19,60.75,83,1.53,False,False,2,86.87,1257.34
20,60.75,78,1.33,False,False,2,28.17,1227.13
21,60.75,83,1.07,False,False,2,37.85,1186.96
22,60.75,81,0.98,False,False,2,107.95,1076.86
1,61.12,72,1.43,False,False,2,75.65,0.01
2,61.12,88,1.86,False,False,2,128.98,2716.28
3,61.12,97,0.74,False,False,2,119.9,2595.7
4,61.12,80,1.79,False,False,2,66.11,2527.49
5,61.12,103,0.73,False,False,2,57.37,2469.42
6,61.12,68,0.81,False,False,2,31.07,2437.27
7,61.12,102,1.86,False,False,2,56.88,2379.49
8,61.12,68,1.07,False,False,2,59.32,2316.88
9,61.12,85,0.64,False,False,2,35.36,2280.65
10,61.12,94,1.08,False,False,2,106.76,2173.03
11,61.12,82,1.22,False,False,2,34.55,2137.73
12,61.12,75,1.09,False,False,2,122.36,2014.79
13,61.12,95,1.25,False,False,2,124.08,1890.17
14,61.12,73,0.52,False,False,2,28.58,1860.22
15,61.12,74,0.69,False,False,2,99.57,1759.81
16,61.12,96,0.82,False,False,2,82.12,1676.65
17,61.12,76,0.72,False,False,2,77.48,1597.59
18,61.12,124,0.8,False,False,2,74.18,1522.49
19,61.12,83,1.56,False,False,2,145.23,1376.46
20,61.12,79,1.35,False,False,2,148.68,1226.77
21,61.12,81,1.86,False,False,2,144.85,1081.23
22,61.12,79,1.17,False,False,2,49.26,1030.71
1,61.5,74,0.6,False,False,2,29.42,0.01
2,61.5,85,1.61,False,False,2,109.72,2602.27
3,61.5,97,1.66,False,False,2,39.24,2560.39
4,61.5,79,0.94,False,False,2,129.48,2429.97
5,61.5,106,1.14,False,False,2,53.81,2375.11
6,61.5,70,1.74,False,False,2,46.84,2326.57
7,61.5,101,1.57,False,False,2,29.67,2296.19
8,61.5,70,0.54,False,False,2,40.65,2255.04
9,61.5,85,1.81,False,False,2,105.43,2147.95
10,61.5,97,0.54,False,False,2,85.3,2061.94
11,61.5,85,1.88,False,False,2,121.4,1939.77
12,61.5,76,0.78,False,False,2,27.82,1910.76
13,61.5,93,1.26,False,False,2,147.79,1762.39
14,61.5,73,1.44,False,False,2,76.58,1684.91
15,61.5,71,0.55,False,False,2,102.94,1581.38
16,61.5,97,1.63,False,False,2,98.77,1481.16
17,61.5,73,0.87,False,False,2,78.95,1401.36
18,61.5,121,1.46,False,False,2,25.21,1374.09
19,61.5,80,0.79,False,False,2,63.59,1309.44
20,61.5,82,1.17,False,False,2,129.63,1178.29
21,61.5,83,1.0,False,False,2,37.28,1140.2
22,61.5,78,0.65,False,False,2,83.25,1056.04
1,61.88,71,1.44,False,False,2,54.44,0.01
2,61.88,83,0.56,False,False,2,33.93,2616.96
3,61.88,97,1.12,False,False,2,93.19,2522.81
4,61.88,81,0.83,False,False,2,102.1,2419.77
5,61.88,105,0.58,False,False,2,30.57,2387.77
6,61.88,68,1.56,False,False,2,140.57,2244.74
7,61.88,98,1.64,False,False,2,101.23,2142.47
8,61.88,72,1.96,False,False,2,32.41,2109.24
9,61.88,84,1.61,False,False,2,23.91,2083.87
10,61.88,99,0.61,False,False,2,81.22,2001.73
11,61.88,84,0.57,False,False,2,33.85,1966.73
12,61.88,73,1.36,False,False,2,121.87,1844.27
13,61.88,91,0.96,False,False,2,95.57,1747.09
14,61.88,72,1.63,False,False,2,41.22,1705.29
15,61.88,70,1.15,False,False,2,145.66,1558.71
16,61.88,97,1.42,False,False,2,30.09,1527.55
17,61.88,70,1.74,False,False,2,138.22,1387.35
18,61.88,122,1.2,False,False,2,40.25,1345.88
19,61.88,79,1.03,False,False,2,136.07,1208.34
20,61.88,81,1.81,False,False,2,36.35,1170.44
21,61.88,86,1.83,False,False,2,37.85,1131.39
22,61.88,81,1.21,False,False,2,22.34,1108.43
1,62.25,74,1.98,False,False,2,105.71,0.01
2,62.25,81,1.48,False,False,2,66.03,2698.48
3,62.25,100,0.65,False,False,2,76.44,2621.07
4,62.25,80,2.0,False,False,2,35.02,2585.38
5,62.25,105,1.51,False,False,2,38.36,2546.16
6,62.25,66,1.98,False,False,2,138.4,2407.03
7,62.25,100,1.34,False,False,2,32.62,2373.41
8,62.25,74,1.39,False,False,2,53.33,2319.1
9,62.25,86,1.75,False,False,2,42.37,2275.55
10,62.25,98,0.61,False,False,2,71.11,2203.42
11,62.25,87,1.93,False,False,2,146.95,2055.82
12,62.25,74,0.7,False,False,2,88.69,1966.1
13,62.25,92,1.7,False,False,2,140.61,1824.46
14,62.25,70,1.64,False,False,2,114.4,1707.16
15,62.25,69,1.37,False,False,2,65.78,1640.28
16,62.25,94,0.67,False,False,2,118.42,1520.86
17,62.25,71,0.55,False,False,2,37.99,1481.16
18,62.25,125,0.55,False,False,2,110.16,1369.96
19,62.25,79,0.97,False,False,2,20.87,1346.48
20,62.25,82,0.53,False,False,2,137.15,1207.42
21,62.25,85,1.54,False,False,2,31.73,1174.54
22,62.25,79,1.45,False,False,2,67.56,1106.2
1,62.62,75,1.37,False,False,2,104.78,0.02
2,62.62,84,1.72,False,False,2,67.42,2688.95
3,62.62,101,1.92,False,False,2,149.36,2538.62
4,62.62,77,1.89,False,False,2,114.17,2423.45
5,62.62,106,0.9,False,False,2,123.36,2298.9
6,62.62,69,1.49,False,False,2,56.4,2241.81
7,62.62,97,0.62,False,False,2,103.29,2138.05
8,62.62,74,1.42,False,False,2,27.36,2109.51
9,62.62,89,1.2,False,False,2,60.57,2047.5
10,62.62,100,1.79,False,False,2,85.9,1960.88
11,62.62,84,1.53,False,False,2,106.69,1852.87
12,62.62,71,1.04,False,False,2,49.89,1802.18
13,62.62,94,0.73,False,False,2,22.71,1778.61
14,62.62,69,1.24,False,False,2,24.63,1753.4
15,62.62,66,1.99,False,False,2,58.62,1693.44
16,62.62,93,1.32,False,False,2,89.5,1603.23
17,62.62,68,1.15,False,False,2,110.98,1491.59
18,62.62,123,1.58,False,False,2,44.83,1445.74
19,62.62,79,1.38,False,False,2,73.21,1371.95
20,62.62,84,1.46,False,False,2,118.55,1252.26
21,62.62,88,1.46,False,False,2,63.83,1187.78
22,62.62,82,1.16,False,False,2,139.9,1046.73
1,63.0,75,1.61,False,False,2,45.46,0.01
2,63.0,87,1.64,False,False,2,116.56,2591.75
3,63.0,101,0.95,False,False,2,26.88,2562.75
4,63.0,74,1.27,False,False,2,51.41,2510.64
5,63.0,106,1.44,False,False,2,57.62,2452.29
6,63.0,68,0.52,False,False,2,38.52,2413.2
7,63.0,96,1.45,False,False,2,48.52,2363.0
8,63.0,74,1.2,False,False,2,140.57,2220.71
9,63.0,88,0.71,False,False,2,34.3,2185.12
10,63.0,100,0.69,False,False,2,40.2,2143.7
11,63.0,85,0.92,False,False,2,127.64,2013.58
12,63.0,71,1.58,False,False,2,119.25,1893.52
13,63.0,97,1.05,False,False,2,37.35,1854.61
14,63.0,69,1.31,False,False,2,103.35,1749.82
15,63.0,64,0.8,False,False,2,119.85,1629.06
16,63.0,93,1.48,False,False,2,77.79,1550.45
17,63.0,69,1.64,False,False,2,35.69,1514.12
18,63.0,123,1.66,False,False,2,48.17,1465.02
19,63.0,78,1.46,False,False,2,128.77,1335.57
20,63.0,83,1.11,False,False,2,45.42,1288.44
21,63.0,89,0.52,False,False,2,82.75,1204.87
22,63.0,85,1.51,False,False,2,84.31,1119.72
1,63.38,76,1.77,False,False,2,116.8,0.01
2,63.38,85,1.03,False,False,2,142.4,2635.15
3,63.38,102,0.69,False,False,2,78.26,2554.52
4,63.38,73,1.62,False,False,2,52.01,2500.95
5,63.38,109,1.91,False,False,2,60.75,2439.39
6,63.38,70,0.64,False,False,2,42.83,2395.29
7,63.38,95,1.35,False,False,2,39.66,2354.8
8,63.38,72,1.32,False,False,2,84.56,2268.98
9,63.38,85,0.84,False,False,2,68.56,2198.85
10,63.38,98,1.58,False,False,2,69.18,2128.69
11,63.38,85,1.39,False,False,2,101.4,2026.6
12,63.38,68,1.97,False,False,2,125.26,1898.97
13,63.38,96,1.33,False,False,2,78.6,1819.64
14,63.38,68,1.68,False,False,2,70.35,1748.48
15,63.38,62,0.99,False,False,2,96.01,1650.93
16,63.38,96,1.37,False,False,2,125.35,1523.53
17,63.38,71,1.22,False,False,2,30.94,1491.88
18,63.38,124,0.64,False,False,2,145.58,1345.77
19,63.38,77,0.54,False,False,2,91.13,1253.76
20,63.38,84,1.59,False,False,2,57.01,1195.69
21,63.38,90,0.51,False,False,2,38.01,1156.89
22,63.38,86,0.83,False,False,2,104.09,1052.1
1,63.75,79,1.88,False,False,2,50.63,0.01
2,63.75,88,1.98,False,False,2,62.39,2596.58
3,63.75,99,1.71,False,False,2,30.34,2565.56
4,63.75,74,0.71,False,False,2,70.17,2494.41
5,63.75,111,0.77,False,False,2,68.04,2425.25
6,63.75,70,1.27,False,False,2,47.4,2376.92
7,63.75,98,0.8,False,False,2,29.07,2346.93
8,63.75,75,0.54,False,False,2,147.17,2199.28
9,63.75,86,0.52,False,False,2,64.68,2133.74
10,63.75,100,1.66,False,False,2,81.94,2051.01
11,63.75,82,0.85,False,False,2,65.54,1984.9
12,63.75,67,1.74,False,False,2,31.66,1952.19
13,63.75,99,1.74,False,False,2,81.14,1870.53
14,63.75,66,0.73,False,False,2,29.08,1840.43
15,63.75,64,0.83,False,False,2,146.44,1693.25
16,63.75,98,0.69,False,False,2,49.34,1643.27
17,63.75,69,1.78,False,False,2,117.95,1524.71
19,63.75,80,0.61,False,False,2,97.83,1425.33
20,63.75,84,1.76,False,False,2,113.16,1311.19
21,63.75,93,1.36,False,False,2,146.74,1163.84
22,63.75,86,1.18,False,False,2,101.17,1062.12
1,64.12,82,1.71,False,False,2,60.84,0.04
2,64.12,85,1.03,False,False,2,88.76,2836.39
3,64.12,100,0.58,False,False,2,99.41,2736.26
4,64.12,71,1.09,False,False,2,139.72,2595.42
5,64.12,113,0.79,False,False,2,92.93,2501.22
6,64.12,68,1.43,False,False,2,97.04,2403.62
7,64.12,96,1.76,False,False,2,66.75,2335.83
8,64.12,77,1.09,False,False,2,134.58,2200.25
9,64.12,87,1.51,False,False,2,98.89,2100.41
10,64.12,99,1.54,False,False,2,121.38,1977.93
11,64.12,83,0.7,False,False,2,86.33,1891.02
12,64.12,67,1.57,False,False,2,44.8,1845.69
13,64.12,96,1.82,False,False,2,73.49,1771.57
14,64.12,69,1.32,False,False,2,102.32,1667.23
15,64.12,66,1.21,False,False,2,98.78,1566.7
16,64.12,101,1.17,False,False,2,28.26,1537.77
17,64.12,68,0.93,False,False,2,39.62,1497.03
18,64.12,127,0.73,False,False,2,43.69,1452.38
19,64.12,79,1.77,False,False,2,25.19,1426.45
20,64.12,82,1.84,False,False,2,94.31,1330.94
21,64.12,94,1.56,False,False,2,138.07,1192.1
22,64.12,89,1.24,False,False,2,148.4,1042.82
1,64.5,83,1.77,False,False,2,41.19,0.01
2,64.5,87,0.74,False,False,2,56.48,1949.11
3,64.5,99,1.35,False,False,2,145.53,1802.83
4,64.5,73,1.44,False,False,2,145.23,1656.65
5,64.5,114,0.83,False,False,2,141.26,1514.32
6,64.5,65,1.2,False,False,2,145.0,1367.46
7,64.5,96,1.54,False,False,2,116.02,1249.53
8,64.5,80,1.88,False,False,2,117.4,1131.1
9,64.5,90,1.04,False,False,2,35.07,1092.87
10,64.5,98,0.53,False,False,2,123.3,968.78
11,64.5,83,1.74,False,False,2,80.79,887.09
13,64.5,95,1.57,False,False,2,93.05,791.76
14,64.5,71,0.97,False,False,2,135.08,655.19
15,64.5,68,1.67,False,False,2,105.73,548.42
16,64.5,98,1.38,False,False,2,122.78,424.84
17,64.5,66,0.61,False,False,2,95.89,328.19
18,64.5,127,0.65,False,False,2,68.38,258.97
19,64.5,81,1.68,False,False,2,51.38,206.74
20,64.5,84,0.61,False,False,2,37.21,168.6
21,64.5,94,1.05,False,False,2,108.25,59.63
22,64.5,86,1.56,False,False,2,58.68,0.02
1,64.88,80,0.93,False,False,2,67.81,948.28
2,64.88,87,0.66,False,False,2,59.15,888.03
3,64.88,97,1.63,False,False,2,106.13,780.92
4,64.88,71,0.86,False,False,2,56.15,723.46
5,64.88,111,0.68,False,False,2,60.02,661.85
6,64.88,66,1.51,False,False,2,102.98,556.52
7,64.88,93,1.74,False,False,2,78.27,477.32
8,64.88,81,1.69,False,False,2,56.83,419.75
9,64.88,88,1.43,False,False,2,117.66,301.36
10,64.88,98,1.79,False,False,2,53.8,246.61
11,64.88,86,1.38,False,False,2,39.62,205.86
12,64.88,70,0.81,False,False,2,67.87,136.73
13,64.88,93,0.63,False,False,2,60.15,75.47
14,64.88,74,1.19,False,False,2,73.99,0.01
15,64.88,67,0.89,False,False,2,117.23,1894.39
16,64.88,100,1.17,False,False,2,104.93,1788.77
17,64.88,69,1.93,False,False,2,63.35,1722.91
18,64.88,126,1.84,False,False,2,128.52,1593.43
19,64.88,79,0.88,False,False,2,122.39,1470.09
20,64.88,85,1.75,False,False,2,72.24,1396.55
21,64.88,92,1.28,False,False,2,41.7,1353.85
22,64.88,89,0.95,False,False,2,90.75,1260.51
1,65.25,82,1.65,False,False,2,145.94,113.53
2,65.25,88,1.14,False,False,2,86.89,24.64
3,65.25,95,1.73,False,False,2,23.36,0.01
4,65.25,69,1.46,False,False,2,125.09,2777.5
5,65.25,114,1.46,False,False,2,131.03,2645.33
6,65.25,63,0.69,False,False,2,144.3,2498.02
7,65.25,92,1.13,False,False,2,116.58,2379.87
8,65.25,79,1.65,False,False,2,124.2,2254.94
9,65.25,87,1.78,False,False,2,105.6,2148.52
10,65.25,99,1.12,False,False,2,43.59,2104.22
11,65.25,83,1.39,False,False,2,49.45,2054.13
12,65.25,72,1.48,False,False,2,105.8,1947.3
13,65.25,95,1.93,False,False,2,29.5,1916.9
14,65.25,72,1.33,False,False,2,134.21,1781.19
15,65.25,66,0.52,False,False,2,95.86,1684.24
16,65.25,100,1.71,False,False,2,24.49,1657.29
17,65.25,66,0.57,False,False,2,134.09,1522.46
18,65.25,129,1.32,False,False,2,107.75,1412.88
19,65.25,77,1.15,False,False,2,38.16,1374.01
20,65.25,88,1.83,False,False,2,82.35,1291.0
21,65.25,90,1.08,False,False,2,100.93,1189.14
22,65.25,89,1.28,False,False,2,48.67,1136.9
1,65.62,81,1.82,False,False,2,135.45,0.01
2,65.62,90,1.07,False,False,2,120.36,1987.61
3,65.62,96,1.49,False,False,2,51.9,1934.9
4,65.62,68,1.97,False,False,2,110.68,1823.37
5,65.62,117,1.95,False,False,2,62.71,1758.7
6,65.62,60,0.57,False,False,2,116.64,1640.96
7,65.62,91,0.7,False,False,2,111.57,1528.82
8,65.62,80,1.33,False,False,2,145.93,1381.77
9,65.62,84,1.78,False,False,2,58.04,1322.5
10,65.62,101,1.4,False,False,2,127.11,1194.55
11,65.62,81,1.51,False,False,2,94.39,1099.25
12,65.62,69,1.66,False,False,2,79.45,1018.25
13,65.62,94,0.98,False,False,2,108.01,909.21
14,65.62,71,1.58,False,False,2,136.34,771.78
15,65.62,64,0.75,False,False,2,67.42,703.52
16,65.62,99,1.06,False,False,2,99.08,603.27
17,65.62,65,1.4,False,False,2,38.7,564.05
18,65.62,130,0.73,False,False,2,133.26,430.22
19,65.62,77,0.86,False,False,2,38.69,390.43
20,65.62,88,1.31,False,False,2,144.67,243.23
21,65.62,93,1.57,False,False,2,99.5,142.73
22,65.62,91,1.64,False,False,2,141.84,0.01
1,66.0,78,1.2,False,False,2,147.95,937.04
2,66.0,90,1.16,False,False,2,48.05,887.65
3,66.0,99,0.59,False,False,2,83.3,801.88
4,66.0,70,1.93,False,False,2,143.86,656.96
6,66.0,60,2.0,False,False,2,71.87,583.9
7,66.0,93,0.62,False,False,2,100.84,482.03
8,66.0,79,1.91,False,False,2,147.88,333.19
9,66.0,85,1.8,False,False,2,47.99,283.02
10,66.0,103,1.71,False,False,2,71.62,209.25
11,66.0,84,1.22,False,False,2,112.53,95.71
12,66.0,66,1.03,False,False,2,94.39,0.01
13,66.0,92,0.65,False,False,2,64.44,1943.87
14,66.0,73,1.39,False,False,2,43.73,1899.26
15,66.0,66,1.03,False,False,2,62.72,1835.86
16,66.0,99,0.67,False,False,2,92.9,1742.05
17,66.0,64,0.95,False,False,2,76.94,1663.72
18,66.0,128,0.53,False,False,2,122.57,1539.38
19,66.0,75,1.46,False,False,2,60.58,1478.11
20,66.0,89,1.74,False,False,2,75.73,1401.18
21,66.0,94,0.79,False,False,2,36.88,1361.55
22,66.0,92,1.55,False,False,2,79.23,1281.33
1,66.38,75,0.8,False,False,2,60.82,218.61
2,66.38,92,0.76,False,False,2,69.63,148.33
3,66.38,97,1.02,False,False,2,145.62,0.01
4,66.38,68,1.65,False,False,2,82.27,2646.95
5,66.38,121,1.35,False,False,2,71.99,2573.95
6,66.38,62,1.69,False,False,2,75.48,2497.87
7,66.38,91,1.09,False,False,2,59.52,2437.51
8,66.38,81,1.89,False,False,2,58.2,2377.44
9,66.38,84,1.35,False,False,2,136.76,2240.16
10,66.38,104,1.24,False,False,2,88.39,2150.15
11,66.38,81,1.26,False,False,2,61.03,2085.59
12,66.38,63,0.69,False,False,2,135.73,1947.62
13,66.38,93,1.6,False,False,2,53.79,1893.12
14,66.38,75,0.96,False,False,2,125.75,1766.44
15,66.38,69,1.64,False,False,2,137.06,1628.47
16,66.38,97,1.48,False,False,2,146.4,1481.14
17,66.38,64,0.53,False,False,2,108.69,1370.85
18,66.38,131,1.76,False,False,2,36.4,1332.37
19,66.38,78,0.84,False,False,2,85.07,1246.34
20,66.38,88,0.5,False,False,2,79.78,1165.98
21,66.38,92,1.91,False,False,2,65.5,1099.57
22,66.38,93,0.6,False,False,2,37.03,1061.5
1,66.75,75,1.8,False,False,2,60.62,0.02
2,66.75,89,0.96,False,False,2,142.15,2748.38
3,66.75,98,1.31,False,False,2,61.15,2683.26
4,66.75,65,1.8,False,False,2,27.63,2654.99
5,66.75,118,0.81,False,False,2,57.88,2596.23
6,66.75,62,0.84,False,False,2,115.78,2479.42
7,66.75,91,1.51,False,False,2,107.59,2370.19
8,66.75,78,0.82,False,False,2,112.45,2256.96
9,66.75,87,0.88,False,False,2,59.16,2195.32
11,66.75,81,0.55,False,False,2,147.14,2047.18
12,66.75,63,1.74,False,False,2,143.9,1901.3
13,66.75,91,1.61,False,False,2,115.07,1782.97
14,66.75,74,1.37,False,False,2,43.38,1738.54
15,66.75,71,1.09,False,False,2,42.21,1695.48
16,66.75,100,0.97,False,False,2,144.45,1548.64
17,66.75,61,0.96,False,False,2,115.26,1432.8
18,66.75,130,0.87,False,False,2,59.01,1373.14
19,66.75,78,1.02,False,False,2,52.59,1319.45
20,66.75,89,0.68,False,False,2,126.97,1191.56
21,66.75,91,0.61,False,False,2,64.92,1125.67
22,66.75,96,1.42,False,False,2,20.54,1103.96
1,67.12,73,1.03,False,False,2,101.12,0.01
2,67.12,92,0.53,False,False,2,116.01,2444.59
3,67.12,96,1.13,False,False,2,28.0,2415.55
4,67.12,66,0.82,False,False,2,37.26,2377.24
5,67.12,121,1.36,False,False,2,59.4,2316.44
6,67.12,64,0.86,False,False,2,40.63,2274.87
7,67.12,90,0.82,False,False,2,49.6,2223.65
8,67.12,76,0.52,False,False,2,41.42,2180.98
9,67.12,84,1.03,False,False,2,141.03,2037.29
10,67.12,100,1.39,False,False,2,148.33,1888.13
11,67.12,84,1.31,False,False,2,74.51,1812.92
12,67.12,63,1.91,False,False,2,97.52,1713.36
13,67.12,90,1.07,False,False,2,55.77,1657.18
14,67.12,76,1.59,False,False,2,38.95,1617.09
15,67.12,68,0.96,False,False,2,26.13,1590.37
16,67.12,102,1.74,False,False,2,81.07,1508.49
17,67.12,60,0.83,False,False,2,106.82,1398.66
18,67.12,130,1.01,False,False,2,87.93,1307.58
19,67.12,75,1.77,False,False,2,25.37,1281.48
20,67.12,92,1.32,False,False,2,78.04,1201.3
21,67.12,91,1.04,False,False,2,62.09,1138.24
22,67.12,95,1.81,False,False,2,25.41,1112.07
1,67.5,70,1.2,False,False,2,110.69,0.01
2,67.5,95,1.46,False,False,2,100.29,2812.74
3,67.5,94,0.68,False,False,2,43.09,2768.73
4,67.5,68,1.84,False,False,2,117.02,2650.08
5,67.5,123,1.39,False,False,2,33.8,2614.69
6,67.5,65,1.61,False,False,2,101.69,2511.81
7,67.5,88,1.34,False,False,2,103.68,2407.5
8,67.5,79,0.98,False,False,2,64.86,2341.83
9,67.5,87,0.73,False,False,2,146.78,2193.65
10,67.5,101,0.93,False,False,2,57.23,2134.7
11,67.5,81,0.8,False,False,2,148.56,1985.17
12,67.5,63,0.96,False,False,2,52.81,1931.38
13,67.5,87,1.29,False,False,2,103.95,1826.49
14,67.5,77,0.52,False,False,2,48.26,1777.69
15,67.5,65,1.81,False,False,2,136.22,1640.67
16,67.5,105,1.18,False,False,2,40.03,1599.79
17,67.5,62,0.77,False,False,2,59.1,1540.21
18,67.5,131,0.6,False,False,2,38.59,1501.19
19,67.5,76,1.07,False,False,2,113.88,1386.79
20,67.5,90,0.91,False,False,2,49.08,1336.81
21,67.5,93,0.83,False,False,2,123.11,1212.65
22,67.5,93,1.12,False,False,2,101.97,1110.06
1,67.88,67,1.73,False,False,2,109.15,0.02
2,67.88,97,1.68,False,False,2,22.36,3003.74
3,67.88,97,1.45,False,False,2,32.59,2970.27
4,67.88,68,1.64,False,False,2,130.6,2838.77
5,67.88,124,1.51,False,False,2,40.93,2797.28
6,67.88,66,1.81,False,False,2,118.67,2677.47
7,67.88,89,1.89,False,False,2,124.26,2551.88
8,67.88,76,1.5,False,False,2,126.51,2424.71
9,67.88,84,1.01,False,False,2,73.46,2350.19
10,67.88,100,1.27,False,False,2,71.58,2278.06
11,67.88,78,1.58,False,False,2,122.41,2154.78
12,67.88,62,1.69,False,False,2,23.98,2130.01
13,67.88,85,0.91,False,False,2,132.43,1996.9
14,67.88,78,0.84,False,False,2,133.35,1862.68
15,67.88,65,0.85,False,False,2,101.72,1760.2
16,67.88,107,0.56,False,False,2,109.9,1649.34
17,67.88,63,0.73,False,False,2,99.76,1548.58
18,67.88,128,1.89,False,False,2,102.88,1445.02
19,67.88,75,1.83,False,False,2,79.55,1364.73
20,67.88,89,1.8,False,False,2,142.69,1221.36
21,67.88,90,0.63,False,False,2,75.15,1145.37
22,67.88,96,1.61,False,False,2,107.36,1037.36
1,68.25,69,0.59,False,False,2,36.08,0.01
2,68.25,96,1.43,False,False,2,99.67,2504.54
3,68.25,94,1.12,False,False,2,22.27,2481.12
4,68.25,68,0.72,False,False,2,102.17,2378.27
5,68.25,126,1.78,False,False,2,31.43,2345.17
6,68.25,63,1.46,False,False,2,144.79,2199.62
7,68.25,91,0.81,False,False,2,37.53,2161.01
8,68.25,77,1.04,False,False,2,87.9,2071.91
9,68.25,82,0.94,False,False,2,78.14,1992.79
10,68.25,98,1.99,False,False,2,28.9,1962.94
11,68.25,79,1.64,False,False,2,24.73,1937.48
12,68.25,60,0.79,False,False,2,146.5,1790.32
13,68.25,83,1.27,False,False,2,87.23,1702.02
14,68.25,75,1.31,False,False,2,115.18,1585.01
15,68.25,64,1.9,False,False,2,35.77,1547.43
16,68.25,105,1.18,False,False,2,78.11,1468.74
17,68.25,64,1.91,False,False,2,38.17,1429.76
18,68.25,126,0.87,False,False,2,65.17,1363.67
19,68.25,78,1.16,False,False,2,45.56,1317.35
20,68.25,86,0.57,False,False,2,100.78,1214.18
21,68.25,87,1.16,False,False,2,74.44,1137.09
22,68.25,96,1.06,False,False,2,104.57,1031.93
1,68.62,66,1.79,False,False,2,30.85,0.01
2,68.62,94,1.65,False,False,2,102.53,2280.62
3,68.62,92,1.17,False,False,2,22.95,2256.91
4,68.62,68,1.79,False,False,2,36.64,2219.32
5,68.62,125,0.93,False,False,2,43.48,2175.17
6,68.62,64,0.66,False,False,2,34.67,2139.8
7,68.62,88,0.5,False,False,2,148.27,1990.55
8,68.62,79,1.6,False,False,2,79.49,1910.49
9,68.62,82,1.18,False,False,2,47.8,1861.78
10,68.62,99,1.9,False,False,2,78.57,1780.97
11,68.62,81,1.46,False,False,2,23.3,1757.13
12,68.62,61,0.58,False,False,2,52.35,1704.14
13,68.62,83,0.7,False,False,2,21.33,1682.37
14,68.62,77,0.59,False,False,2,39.83,1639.79
15,68.62,63,1.46,False,False,2,22.65,1616.62
16,68.62,104,1.96,False,False,2,97.7,1518.02
17,68.62,65,0.73,False,False,2,131.53,1385.67
18,68.62,125,1.87,False,False,2,105.48,1279.16
19,68.62,79,1.06,False,False,2,24.36,1253.95
20,68.62,87,1.24,False,False,2,25.13,1227.92
21,68.62,86,1.77,False,False,2,100.18,1125.35
22,68.62,94,1.0,False,False,2,100.79,1022.47
1,69.0,63,0.97,False,False,2,21.08,0.01
2,69.0,95,1.54,False,False,2,55.35,2750.85
3,69.0,89,1.9,False,False,2,128.6,2621.11
4,69.0,65,1.14,False,False,2,140.14,2480.03
5,69.0,124,1.08,False,False,2,133.83,2345.25
6,69.0,63,1.96,False,False,2,75.76,2268.0
7,69.0,88,1.48,False,False,2,67.65,2199.72
8,69.0,81,1.67,False,False,2,25.7,2172.58
9,69.0,83,1.25,False,False,2,38.2,2133.74
10,69.0,99,1.72,False,False,2,134.45,1998.64
11,69.0,84,0.9,False,False,2,141.92,1855.85
12,69.0,64,1.85,False,False,2,40.5,1814.46
13,69.0,84,1.61,False,False,2,110.0,1703.46
14,69.0,75,1.1,False,False,2,66.92,1634.8
15,69.0,65,0.96,False,False,2,126.6,1507.47
16,69.0,104,1.9,False,False,2,22.74,1483.75
17,69.0,65,0.57,False,False,2,25.71,1457.57
18,69.0,125,0.71,False,False,2,25.7,1430.91
19,69.0,82,1.14,False,False,2,102.72,1327.46
20,69.0,89,1.16,False,False,2,118.08,1208.55
21,69.0,84,1.85,False,False,2,76.14,1131.58
22,69.0,92,0.66,False,False,2,67.39,1063.46
1,69.38,63,1.88,False,False,2,62.21,0.01
2,69.38,92,1.84,False,False,2,114.05,1929.1
3,69.38,92,1.99,False,False,2,31.21,1897.37
4,69.38,66,0.78,False,False,2,44.31,1851.54
5,69.38,126,1.21,False,False,2,143.22,1706.29
6,69.38,63,0.54,False,False,2,120.81,1584.89
7,69.38,91,1.24,False,False,2,99.85,1484.4
8,69.38,81,1.86,False,False,2,119.58,1364.16
9,69.38,85,1.65,False,False,2,70.09,1292.4
10,69.38,102,0.65,False,False,2,138.36,1153.11
11,69.38,84,1.51,False,False,2,130.44,1021.24
12,69.38,66,1.43,False,False,2,144.44,876.05
13,69.38,87,0.7,False,False,2,94.86,780.5
14,69.38,72,1.93,False,False,2,118.01,661.9
15,69.38,64,1.22,False,False,2,69.76,591.1
16,69.38,104,1.19,False,False,2,145.76,444.55
17,69.38,62,1.85,False,False,2,48.97,392.72
18,69.38,123,1.78,False,False,2,139.07,253.0
19,69.38,79,1.64,False,False,2,135.21,117.03
20,69.38,90,1.94,False,False,2,48.52,66.82
21,69.38,87,0.51,False,False,2,65.72,0.02
22,69.38,95,0.7,False,False,2,92.53,1953.53
1,69.75,62,0.64,False,False,2,73.89,878.8
2,69.75,95,1.14,False,False,2,127.4,749.5
3,69.75,92,1.77,False,False,2,88.14,660.48
4,69.75,68,1.89,False,False,2,28.36,629.99
5,69.75,125,0.56,False,False,2,130.89,497.76
6,69.75,63,1.51,False,False,2,81.35,415.75
7,69.75,91,1.14,False,False,2,43.83,370.31
8,69.75,84,0.56,False,False,2,63.04,306.42
9,69.75,86,1.33,False,False,2,87.43,217.86
10,69.75,105,1.89,False,False,2,67.96,149.11
11,69.75,86,1.07,False,False,2,28.72,119.62
12,69.75,65,1.9,False,False,2,118.62,0.02
13,69.75,87,0.56,False,False,2,133.72,1975.04
14,69.75,74,1.05,False,False,2,130.79,1842.46
15,69.75,62,0.72,False,False,2,81.31,1759.03
16,69.75,101,1.14,False,False,2,50.13,1708.03
17,69.75,62,1.06,False,False,2,74.42,1631.97
18,69.75,126,1.2,False,False,2,42.49,1588.7
19,69.75,77,1.94,False,False,2,65.75,1522.11
20,69.75,90,0.65,False,False,2,136.45,1384.48
21,69.75,90,1.81,False,False,2,143.83,1238.66
22,69.75,98,0.82,False,False,2,120.06,1117.61
1,70.12,60,1.85,False,False,2,116.26,0.01
2,70.12,92,1.55,False,False,2,122.73,2823.0
3,70.12,92,1.57,False,False,2,96.67,2725.05
4,70.12,70,1.36,False,False,2,66.46,2656.59
5,70.12,127,1.77,False,False,2,149.07,2506.48
7,70.12,94,1.97,False,False,2,88.38,2415.43
8,70.12,84,0.83,False,False,2,98.5,2315.89
9,70.12,88,0.99,False,False,2,75.81,2238.67
10,70.12,106,1.25,False,False,2,37.08,2200.4
11,70.12,85,0.75,False,False,2,51.66,2147.82
12,70.12,64,1.06,False,False,2,112.32,2034.68
13,70.12,85,1.9,False,False,2,117.14,1916.74
14,70.12,75,1.09,False,False,2,145.44,1770.37
15,70.12,62,1.7,False,False,2,68.43,1701.0
16,70.12,104,1.78,False,False,2,119.22,1580.34
17,70.12,64,1.45,False,False,2,120.75,1458.77
18,70.12,123,1.71,False,False,2,104.75,1353.05
19,70.12,78,0.64,False,False,2,97.59,1254.61
20,70.12,89,1.0,False,False,2,28.42,1225.21
21,70.12,93,1.52,False,False,2,68.46,1155.69
22,70.12,101,1.09,False,False,2,108.62,1046.01
1,70.5,62,1.53,False,False,2,44.33,0.01
2,70.5,91,0.92,False,False,2,109.48,2797.31
3,70.5,90,0.84,False,False,2,134.79,2661.64
4,70.5,73,1.73,False,False,2,125.45,2534.34
5,70.5,124,0.79,False,False,2,27.62,2505.63
6,70.5,60,1.04,False,False,2,54.22,2449.58
7,70.5,96,1.7,False,False,2,101.72,2346.99
8,70.5,87,1.02,False,False,2,138.54,2207.31
9,70.5,85,0.84,False,False,2,115.37,2091.21
10,70.5,107,0.5,False,False,2,88.87,2001.35
11,70.5,87,0.58,False,False,2,84.42,1915.94
12,70.5,65,1.45,False,False,2,78.07,1836.36
13,70.5,85,1.55,False,False,2,117.81,1717.74
14,70.5,75,0.82,False,False,2,47.84,1668.32
15,70.5,65,0.62,False,False,2,22.32,1644.39
16,70.5,107,1.23,False,False,2,122.84,1519.97
17,70.5,65,1.97,False,False,2,63.94,1454.7
18,70.5,122,1.19,False,False,2,107.5,1346.16
19,70.5,76,1.59,False,False,2,105.34,1240.16
20,70.5,90,1.52,False,False,2,39.17,1200.29
21,70.5,96,1.94,False,False,2,89.96,1109.28
22,70.5,102,0.99,False,False,2,44.69,1062.59
1,70.88,61,1.01,False,False,2,60.63,0.01
2,70.88,93,0.81,False,False,2,86.2,2682.17
3,70.88,92,1.3,False,False,2,135.65,2545.5
4,70.88,73,1.65,False,False,2,102.57,2441.48
5,70.88,125,1.43,False,False,2,105.14,2335.59
6,70.88,62,1.79,False,False,2,52.62,2282.13
7,70.88,97,0.55,False,False,2,28.27,2252.96
8,70.88,90,1.85,False,False,2,113.01,2138.89
9,70.88,86,1.94,False,False,2,91.93,2045.65
10,70.88,107,0.67,False,False,2,69.02,1975.89
11,70.88,86,1.26,False,False,2,86.94,1888.21
12,70.88,68,0.84,False,False,2,73.13,1812.25
13,70.88,84,1.72,False,False,2,39.2,1772.66
14,70.88,73,1.96,False,False,2,101.47,1670.42
15,70.88,64,1.32,False,False,2,47.18,1622.46
16,70.88,106,0.69,False,False,2,78.37,1542.2
17,70.88,64,0.82,False,False,2,102.35,1438.78
18,70.88,124,1.42,False,False,2,62.63,1375.61
19,70.88,74,1.64,False,False,2,56.58,1316.46
20,70.88,89,1.68,False,False,2,56.75,1258.29
21,70.88,96,1.17,False,False,2,53.44,1203.9
22,70.88,104,1.1,False,False,2,99.22,1103.68
1,71.25,61,1.92,False,False,2,102.29,0.01
2,71.25,90,1.7,False,False,2,87.54,2760.63
3,71.25,93,1.54,False,False,2,146.75,2612.51
4,71.25,73,0.83,False,False,2,105.47,2505.45
5,71.25,123,0.77,False,False,2,100.23,2403.92
6,71.25,60,1.3,False,False,2,128.37,2273.05
7,71.25,96,1.39,False,False,2,143.13,2129.07
8,71.25,91,1.69,False,False,2,107.38,2019.55
9,71.25,89,1.04,False,False,2,25.29,1993.69
10,71.25,105,1.27,False,False,2,149.77,1842.81
11,71.25,86,1.73,False,False,2,48.28,1793.25
12,71.25,71,1.78,False,False,2,50.98,1741.64
13,71.25,81,1.79,False,False,2,25.71,1715.22
14,71.25,70,0.82,False,False,2,55.97,1658.5
15,71.25,63,1.12,False,False,2,54.2,1603.33
16,71.25,105,1.03,False,False,2,128.32,1474.09
17,71.25,63,1.96,False,False,2,88.94,1383.66
18,71.25,126,0.95,False,False,2,25.46,1357.12
19,71.25,72,1.58,False,False,2,148.27,1208.11
20,71.25,91,0.69,False,False,2,31.92,1174.91
21,71.25,98,1.25,False,False,2,96.5,1077.57
22,71.25,102,1.65,False,False,2,43.94,1032.69
1,71.62,64,0.89,False,False,2,31.34,0.01
2,71.62,88,1.23,False,False,2,105.24,2820.23
3,71.62,92,1.21,False,False,2,75.65,2743.72
4,71.62,71,1.17,False,False,2,94.0,2648.73
5,71.62,121,0.54,False,False,2,105.88,2540.61
6,71.62,60,1.61,False,False,2,67.58,2471.6
7,71.62,99,1.57,False,False,2,23.01,2447.9
8,71.62,90,0.53,False,False,2,29.65,2416.08
9,71.62,90,1.35,False,False,2,120.74,2293.77
10,71.62,102,0.94,False,False,2,102.25,2190.25
11,71.62,89,0.84,False,False,2,120.48,2066.95
12,71.62,68,1.46,False,False,2,131.06,1933.51
13,71.62,84,0.63,False,False,2,134.19,1798.19
14,71.62,72,0.77,False,False,2,77.2,1720.03
15,71.62,64,0.67,False,False,2,72.98,1646.45
16,71.62,103,0.89,False,False,2,133.47,1511.88
17,71.62,62,1.14,False,False,2,39.23,1471.36
18,71.62,126,1.97,False,False,2,126.9,1343.4
19,71.62,74,1.68,False,False,2,43.26,1298.94
20,71.62,90,1.95,False,False,2,20.19,1277.56
21,71.62,97,1.29,False,False,2,54.22,1222.29
22,71.62,103,1.91,False,False,2,89.04,1132.34
1,72.0,64,1.91,False,False,2,131.05,0.02
2,72.0,88,1.64,False,False,2,149.52,2845.43
3,72.0,92,1.76,False,False,2,141.81,2701.33
4,72.0,73,1.47,False,False,2,43.16,2657.43
5,72.0,124,0.86,False,False,2,20.86,2635.48
6,72.0,60,1.27,False,False,2,60.1,2574.25
7,72.0,100,1.29,False,False,2,82.67,2490.34
8,72.0,91,1.06,False,False,2,78.5,2410.99
9,72.0,93,0.86,False,False,2,44.56,2365.42
10,72.0,100,1.73,False,False,2,38.1,2326.28
11,72.0,90,0.66,False,False,2,148.28,2177.22
12,72.0,70,0.91,False,False,2,21.89,2154.39
13,72.0,86,1.73,False,False,2,130.98,2022.39
14,72.0,73,1.94,False,False,2,132.11,1889.51
15,72.0,62,0.78,False,False,2,27.42,1860.7
16,72.0,104,1.39,False,False,2,118.18,1741.09
17,72.0,60,1.85,False,False,2,112.01,1628.1
18,72.0,124,1.74,False,False,2,130.82,1496.24
19,72.0,71,0.78,False,False,2,46.77,1448.42
20,72.0,90,1.59,False,False,2,146.98,1300.45
21,72.0,97,1.37,False,False,2,77.81,1221.63
22,72.0,100,0.84,False,False,2,146.22,1073.99
1,72.38,61,1.66,False,False,2,72.3,0.01
2,72.38,90,1.71,False,False,2,80.34,2694.93
3,72.38,92,1.05,False,False,2,26.81,2667.54
4,72.38,73,1.11,False,False,2,31.28,2634.68
5,72.38,124,1.25,False,False,2,145.23,2488.61
6,72.38,60,0.92,False,False,2,49.79,2437.98
7,72.38,97,0.57,False,False,2,39.19,2397.79
8,72.38,94,1.58,False,False,2,128.51,2266.5
9,72.38,90,0.53,False,False,2,99.45,2165.88
10,72.38,97,1.37,False,False,2,78.54,2085.19
11,72.38,87,1.2,False,False,2,54.92,2029.25
12,72.38,67,1.22,False,False,2,88.91,1939.53
13,72.38,86,1.72,False,False,2,47.99,1889.84
14,72.38,72,1.11,False,False,2,73.58,1815.1
15,72.38,65,1.92,False,False,2,49.23,1765.18
16,72.38,106,1.5,False,False,2,126.01,1638.17
17,72.38,60,1.18,False,False,2,78.85,1558.28
18,72.38,127,1.07,False,False,2,74.8,1482.49
19,72.38,69,1.32,False,False,2,52.8,1428.37
20,72.38,88,0.68,False,False,2,99.21,1328.47
21,72.38,99,1.25,False,False,2,125.75,1201.8
22,72.38,98,1.2,False,False,2,113.31,1087.72
1,72.75,61,1.18,False,False,2,85.84,0.01
2,72.75,93,0.64,False,False,2,113.85,2798.95
3,72.75,92,1.25,False,False,2,84.76,2713.52
4,72.75,75,1.3,False,False,2,122.73,2589.85
5,72.75,124,1.75,False,False,2,70.94,2517.74
6,72.75,60,1.01,False,False,2,71.85,2444.79
7,72.75,97,0.88,False,False,2,86.71,2357.21
8,72.75,95,1.13,False,False,2,138.15,2217.97
9,72.75,90,1.57,False,False,2,40.99,2176.54
10,72.75,94,1.48,False,False,2,80.37,2095.3
11,72.75,87,1.25,False,False,2,58.55,2035.18
12,72.75,66,1.57,False,False,2,149.19,1885.25
13,72.75,85,0.86,False,False,2,76.58,1806.21
14,72.75,69,0.94,False,False,2,44.22,1761.36
15,72.75,64,1.73,False,False,2,91.05,1669.84
16,72.75,105,0.83,False,False,2,148.0,1520.27
17,72.75,60,1.76,False,False,2,60.85,1458.2
18,72.75,126,0.68,False,False,2,72.14,1385.15
19,72.75,71,1.73,False,False,2,115.43,1269.08
20,72.75,85,0.8,False,False,2,53.65,1214.43
21,72.75,99,1.35,False,False,2,71.04,1142.71
22,72.75,96,0.6,False,False,2,113.63,1028.6
1,73.12,60,0.99,False,False,2,26.15,0.01
2,73.12,92,1.95,False,False,2,26.47,2778.42
3,73.12,90,1.73,False,False,2,117.7,2660.35
4,73.12,75,0.94,False,False,2,68.09,2591.38
5,73.12,123,1.09,False,False,2,51.66,2539.3
6,73.12,60,0.64,False,False,2,137.54,2400.07
7,73.12,96,1.78,False,False,2,35.81,2362.81
8,73.12,95,0.88,False,False,2,130.53,2231.48
9,73.12,92,0.62,False,False,2,65.49,2164.98
10,73.12,91,1.57,False,False,2,102.06,2061.43
11,73.12,90,1.66,False,False,2,42.13,2018.07
12,73.12,66,1.38,False,False,2,47.24,1969.17
13,73.12,85,1.24,False,False,2,147.15,1821.48
14,73.12,70,1.49,False,False,2,33.92,1786.57
15,73.12,64,0.99,False,False,2,129.91,1655.98
16,73.12,103,1.0,False,False,2,131.54,1523.32
17,73.12,60,1.39,False,False,2,38.79,1484.17
18,73.12,129,1.41,False,False,2,108.21,1375.37
19,73.12,74,1.14,False,False,2,137.46,1237.04
20,73.12,85,1.13,False,False,2,33.4,1203.21
21,73.12,102,1.23,False,False,2,131.57,1070.9
22,73.12,95,0.95,False,False,2,40.06,1030.23
1,73.5,60,1.5,False,False,2,29.03,0.01
2,73.5,89,9.72,True,False,1,45.54,2899.62
3,73.5,89,1.44,False,False,2,28.18,2870.6
4,73.5,72,1.37,False,False,2,48.54,2821.07
5,73.5,126,0.79,False,False,2,142.9,2677.5
6,73.5,62,0.78,False,False,2,44.96,2631.47
7,73.5,99,0.72,False,False,2,147.1,2483.94
8,73.5,93,0.98,False,False,2,137.43,2345.72
9,73.5,95,1.76,False,False,2,124.21,2220.9
10,73.5,92,1.56,False,False,2,130.34,2089.85
11,73.5,93,1.08,False,False,2,56.96,2032.24
12,73.5,65,1.25,False,False,2,137.79,1893.6
13,73.5,83,0.8,False,False,2,82.41,1810.6
14,73.5,67,0.79,False,False,2,21.64,1787.52
15,73.5,67,1.99,False,False,2,125.15,1661.93
16,73.5,102,1.14,False,False,2,60.76,1600.43
18,73.5,127,0.98,False,False,2,124.54,1474.61
19,73.5,72,1.89,False,False,2,116.54,1357.15
20,73.5,83,1.97,False,False,2,140.42,1215.85
21,73.5,105,1.69,False,False,2,79.92,1135.13
22,73.5,96,1.45,False,False,2,35.31,1098.81
1,73.88,63,1.92,False,False,2,97.73,0.01
2,73.88,91,0.87,False,False,2,53.87,1996.57
3,73.88,86,1.9,False,False,2,22.82,1972.97
4,73.88,73,1.56,False,False,2,104.07,1868.16
5,73.88,127,0.67,False,False,2,28.58,1838.92
6,73.88,63,1.91,False,False,2,101.23,1736.71
7,73.88,96,1.31,False,False,2,149.74,1586.48
8,73.88,91,0.99,False,False,2,127.47,1457.99
9,73.88,92,0.79,False,False,2,92.99,1364.19
10,73.88,89,1.8,False,False,2,98.96,1264.65
11,73.88,96,1.4,False,False,2,80.02,1183.86
12,73.88,67,0.76,False,False,2,138.06,1045.21
13,73.88,86,1.16,False,False,2,77.03,967.29
14,73.88,65,0.93,False,False,2,130.72,835.83
15,73.88,70,1.91,False,False,2,143.79,691.43
16,73.88,102,1.98,False,False,2,109.64,580.95
17,73.88,60,1.01,False,False,2,120.28,459.85
18,73.88,128,1.28,False,False,2,148.06,311.28
19,73.88,74,1.28,False,False,2,127.48,182.54
20,73.88,80,0.74,False,False,2,45.27,136.78
21,73.88,108,1.22,False,False,2,135.68,0.01
22,73.88,93,1.76,False,False,2,65.19,2016.6
1,74.25,65,1.89,False,False,2,45.59,970.26
2,74.25,92,1.41,False,False,2,143.92,825.64
3,74.25,89,1.18,False,False,2,34.84,789.62
4,74.25,72,1.66,False,False,2,142.78,646.15
5,74.25,126,1.0,False,False,2,92.72,551.92
6,74.25,66,0.77,False,False,2,101.65,448.5
7,74.25,94,1.74,False,False,2,38.71,409.46
8,74.25,93,0.89,False,False,2,81.1,327.77
9,74.25,94,1.16,False,False,2,85.27,240.83
10,74.25,91,0.96,False,False,2,126.47,113.83
11,74.25,98,1.66,False,False,2,113.28,0.01
12,74.25,66,1.6,False,False,2,72.47,1963.31
13,74.25,83,1.75,False,False,2,46.28,1916.53
14,74.25,66,0.93,False,False,2,87.26,1828.55
15,74.25,71,1.0,False,False,2,47.01,1780.67
16,74.25,105,1.1,False,False,2,136.41,1643.72
17,74.25,63,1.91,False,False,2,69.16,1573.68
18,74.25,125,1.11,False,False,2,141.64,1431.56
19,74.25,77,0.67,False,False,2,27.64,1403.02
20,74.25,80,1.73,False,False,2,42.36,1359.8
21,74.25,111,0.91,False,False,2,121.8,1236.79
22,74.25,91,1.6,False,False,2,120.96,1114.85
1,74.62,66,1.73,False,False,2,30.99,82.74
2,74.62,91,1.08,False,False,2,24.86,57.07
3,74.62,89,1.97,False,False,2,55.63,0.01
4,74.62,70,1.92,False,False,2,87.07,2730.45
5,74.62,126,0.66,False,False,2,106.54,2623.29
6,74.62,68,0.73,False,False,2,37.66,2583.69
7,74.62,92,0.59,False,False,2,84.48,2497.94
8,74.62,96,1.44,False,False,2,75.65,2421.62
9,74.62,95,1.26,False,False,2,106.67,2313.69
10,74.62,90,1.52,False,False,2,58.3,2254.75
11,74.62,99,1.06,False,False,2,53.85,2200.05
12,74.62,69,1.27,False,False,2,99.34,2099.81
13,74.62,86,1.38,False,False,2,107.33,1991.89
14,74.62,68,1.81,False,False,2,126.13,1865.06
15,74.62,73,1.67,False,False,2,136.35,1728.14
16,74.62,104,1.45,False,False,2,52.17,1675.04
17,74.62,63,1.08,False,False,2,127.2,1546.88
18,74.62,128,1.59,False,False,2,70.89,1475.0
19,74.62,80,1.8,False,False,2,103.35,1370.65
20,74.62,78,1.08,False,False,2,21.27,1348.51
21,74.62,111,1.53,False,False,2,130.73,1216.97
22,74.62,88,1.99,False,False,2,117.2,1099.27
1,75.0,65,1.44,False,False,2,97.39,0.01
2,75.0,89,1.34,False,False,2,145.69,2532.44
3,75.0,89,1.01,False,False,2,109.8,2421.86
4,75.0,67,1.1,False,False,2,119.82,2301.2
5,75.0,128,1.0,False,False,2,112.01,2187.73
6,75.0,67,1.94,False,False,2,30.84,2156.05
7,75.0,94,1.22,False,False,2,94.73,2060.46
8,75.0,97,0.94,False,False,2,26.3,2033.44
9,75.0,93,0.59,False,False,2,104.41,1928.21
10,75.0,90,0.56,False,False,2,66.45,1860.62
11,75.0,100,1.29,False,False,2,29.76,1829.78
12,75.0,70,0.92,False,False,2,65.38,1763.63
13,75.0,83,0.51,False,False,2,54.58,1707.92
14,75.0,69,1.31,False,False,2,92.63,1614.42
15,75.0,73,1.67,False,False,2,46.94,1566.57
16,75.0,106,1.31,False,False,2,27.3,1538.51
17,75.0,66,1.16,False,False,2,54.55,1481.37
18,75.0,131,1.65,False,False,2,22.34,1456.37
19,75.0,78,1.8,False,False,2,22.15,1433.57
20,75.0,78,0.67,False,False,2,115.48,1317.07
21,75.0,112,0.96,False,False,2,93.86,1221.36
22,75.0,90,0.68,False,False,2,69.44,1150.64
1,75.38,63,1.88,False,False,2,149.48,0.06
2,75.38,87,0.55,False,False,2,32.96,2450.57
4,75.38,70,0.73,False,False,2,77.16,2371.76
5,75.38,127,0.83,False,False,2,37.34,2333.26
6,75.38,65,1.83,False,False,2,81.4,2250.24
7,75.38,92,1.37,False,False,2,127.0,2122.78
8,75.38,98,1.37,False,False,2,22.42,2099.56
9,75.38,93,1.62,False,False,2,104.41,1993.81
10,75.38,87,1.88,False,False,2,52.56,1940.07
11,75.38,102,1.98,False,False,2,57.85,1879.67
12,75.38,72,1.76,False,False,2,46.56,1832.31
13,75.38,84,0.85,False,False,2,116.29,1714.95
14,75.38,69,0.58,False,False,2,50.42,1663.41
15,75.38,72,1.09,False,False,2,51.8,1610.32
16,75.38,106,0.77,False,False,2,112.14,1497.18
17,75.38,68,0.86,False,False,2,54.71,1441.64
18,75.38,134,1.27,False,False,2,39.02,1401.9
19,75.38,76,0.5,False,False,2,25.68,1375.34
20,75.38,81,0.99,False,False,2,114.86,1259.92
21,75.38,109,0.79,False,False,2,112.73,1146.28
22,75.38,90,1.32,False,False,2,49.26,1095.31
1,75.75,62,0.86,False,False,2,94.18,0.01
2,75.75,87,1.2,False,False,2,93.12,2713.98
3,75.75,84,0.65,False,False,2,118.88,2592.45
4,75.75,70,1.98,False,False,2,55.45,2536.48
5,75.75,124,1.47,False,False,2,142.15,2393.43
6,75.75,62,1.47,False,False,2,54.1,2338.76
7,75.75,95,0.95,False,False,2,117.78,2220.5
8,75.75,99,0.78,False,False,2,82.34,2136.87
9,75.75,95,1.38,False,False,2,28.47,2107.99
10,75.75,88,1.78,False,False,2,40.43,2066.85
11,75.75,105,1.85,False,False,2,55.09,2010.41
12,75.75,69,0.63,False,False,2,114.3,1895.4
13,75.75,86,0.6,False,False,2,33.98,1860.92
14,75.75,67,0.55,False,False,2,116.61,1743.72
15,75.75,69,1.47,False,False,2,52.83,1690.22
16,75.75,105,1.16,False,False,2,124.98,1561.58
17,75.75,71,0.66,False,False,2,29.43,1531.63
18,75.75,136,0.76,False,False,2,73.29,1457.61
19,75.75,79,1.17,False,False,2,93.66,1363.09
20,75.75,81,1.71,False,False,2,68.12,1293.58
21,75.75,111,1.77,False,False,2,91.07,1201.51
22,75.75,93,0.64,False,False,2,122.32,1078.69
1,76.12,65,1.84,False,False,2,75.98,0.01
2,76.12,89,1.37,False,False,2,73.34,2493.25
3,76.12,84,1.57,False,False,2,42.92,2449.25
4,76.12,70,0.62,False,False,2,114.28,2334.03
5,76.12,126,0.76,False,False,2,48.46,2284.97
6,76.12,62,1.48,False,False,2,39.08,2244.07
7,76.12,96,1.53,False,False,2,144.48,2099.02
8,76.12,101,1.81,False,False,2,23.12,2074.97
9,76.12,98,0.57,False,False,2,113.99,1960.42
10,76.12,90,0.67,False,False,2,28.34,1931.36
11,76.12,103,1.06,False,False,2,36.97,1893.73
12,76.12,70,1.63,False,False,2,87.95,1803.62
13,76.12,89,1.81,False,False,2,66.97,1735.64
14,76.12,68,1.31,False,False,2,142.33,1592.48
15,76.12,68,1.14,False,False,2,36.0,1555.54
16,76.12,108,0.69,False,False,2,35.35,1519.31
17,76.12,73,0.65,False,False,2,125.31,1393.2
18,76.12,133,1.3,False,False,2,28.74,1363.75
19,76.12,80,0.86,False,False,2,26.52,1336.15
20,76.12,81,0.82,False,False,2,43.93,1291.1
21,76.12,112,1.43,False,False,2,116.49,1173.68
22,76.12,95,0.58,False,False,2,83.11,1089.72
1,76.5,63,0.72,False,False,2,88.35,0.01
2,76.5,92,0.79,False,False,2,113.58,2418.98
3,76.5,85,0.7,False,False,2,100.9,2317.34
4,76.5,67,1.27,False,False,2,43.65,2272.87
5,76.5,129,1.09,False,False,2,35.56,2236.8
6,76.5,62,1.42,False,False,2,135.77,2100.16
7,76.5,97,1.85,False,False,2,119.76,1979.7
8,76.5,102,1.31,False,False,2,67.93,1911.01
9,76.5,96,1.97,False,False,2,44.48,1865.49
10,76.5,88,0.82,False,False,2,22.94,1841.94
11,76.5,100,1.89,False,False,2,54.24,1786.89
12,76.5,67,1.64,False,False,2,81.07,1704.78
13,76.5,88,0.81,False,False,2,75.57,1628.72
14,76.5,70,1.18,False,False,2,92.21,1535.71
15,76.5,71,1.42,False,False,2,61.33,1473.57
16,76.5,109,0.92,False,False,2,22.29,1450.29
17,76.5,73,0.87,False,False,2,141.24,1307.87
18,76.5,131,1.31,False,False,2,40.2,1266.75
19,76.5,81,0.99,False,False,2,70.57,1194.73
20,76.5,82,1.4,False,False,2,51.47,1141.61
21,76.5,114,1.78,False,False,2,88.74,1051.03
22,76.5,93,1.85,False,False,2,27.92,1022.57
1,76.88,64,1.11,False,False,2,20.01,0.01
2,76.88,92,0.67,False,False,2,87.83,2499.93
3,76.88,82,1.53,False,False,2,40.98,2457.92
4,76.88,65,1.42,False,False,2,30.82,2425.4
5,76.88,126,1.66,False,False,2,28.0,2395.26
6,76.88,60,1.43,False,False,2,58.17,2336.06
7,76.88,98,1.57,False,False,2,68.16,2266.97
8,76.88,100,1.05,False,False,2,78.22,2187.94
9,76.88,94,1.55,False,False,2,138.25,2049.11
10,76.88,86,0.53,False,False,2,141.25,1907.02
11,76.88,97,0.67,False,False,2,22.24,1884.01
12,76.88,68,1.79,False,False,2,45.08,1837.46
13,76.88,86,1.7,False,False,2,35.17,1801.81
14,76.88,69,1.67,False,False,2,72.3,1728.67
15,76.88,73,1.84,False,False,2,97.69,1630.08
16,76.88,111,1.17,False,False,2,147.47,1481.95
17,76.88,74,0.81,False,False,2,83.07,1397.9
18,76.88,133,1.61,False,False,2,79.23,1317.91
19,76.88,79,0.92,False,False,2,31.21,1286.2
20,76.88,79,1.66,False,False,2,55.95,1229.44
21,76.88,115,1.25,False,False,2,40.23,1188.4
22,76.88,93,1.47,False,False,2,60.71,1126.67
1,77.25,63,0.58,False,False,2,125.24,0.01
2,77.25,93,0.83,False,False,2,109.95,2817.61
3,77.25,84,1.4,False,False,2,33.04,2783.52
4,77.25,66,0.98,False,False,2,135.21,2647.25
5,77.25,125,1.76,False,False,2,111.9,2534.64
6,77.25,61,1.1,False,False,2,23.17,2510.63
7,77.25,96,1.82,False,False,2,34.02,2476.19
8,77.25,97,1.2,False,False,2,123.22,2352.27
9,77.25,91,1.01,False,False,2,115.89,2235.75
10,77.25,83,1.3,False,False,2,46.68,2188.25
11,77.25,96,1.57,False,False,2,60.17,2126.29
12,77.25,71,1.0,False,False,2,22.66,2102.28
13,77.25,87,0.96,False,False,2,103.42,1998.11
14,77.25,69,0.91,False,False,2,61.84,1935.4
15,77.25,75,1.04,False,False,2,73.21,1861.34
16,77.25,114,1.39,False,False,2,23.62,1836.82
17,77.25,74,1.35,False,False,2,97.17,1738.62
18,77.25,134,1.06,False,False,2,138.04,1599.65
19,77.25,82,0.7,False,False,2,128.59,1470.29
20,77.25,78,0.74,False,False,2,144.07,1325.55
21,77.25,113,1.99,False,False,2,34.65,1290.13
22,77.25,95,1.2,False,False,2,140.2,1148.98
1,77.62,63,1.61,False,False,2,147.84,0.01
2,77.62,94,1.72,False,False,2,85.56,2964.88
3,77.62,87,0.57,False,False,2,136.79,2827.33
4,77.62,66,1.63,False,False,2,52.13,2773.76
5,77.62,122,1.13,False,False,2,140.65,2632.19
6,77.62,64,0.76,False,False,2,31.41,2600.1
7,77.62,98,0.53,False,False,2,126.58,2473.01
8,77.62,96,0.81,False,False,2,61.06,2411.32
9,77.62,91,0.83,False,False,2,81.63,2328.8
10,77.62,83,1.75,False,False,2,123.71,2204.15
11,77.62,94,0.83,False,False,2,34.52,2168.99
12,77.62,74,1.1,False,False,2,123.09,2045.41
13,77.62,89,0.63,False,False,2,27.71,2016.84
14,77.62,69,1.08,False,False,2,51.59,1964.81
15,77.62,77,1.05,False,False,2,64.18,1899.65
16,77.62,113,1.82,False,False,2,102.1,1796.65
17,77.62,76,0.78,False,False,2,140.46,1654.06
18,77.62,137,0.5,False,False,2,130.75,1521.96
19,77.62,79,1.13,False,False,2,140.58,1380.37
20,77.62,80,1.85,False,False,2,117.39,1262.28
21,77.62,114,1.38,False,False,2,92.95,1168.53
22,77.62,95,0.91,False,False,2,99.08,1067.92
1,78.0,63,1.37,False,False,2,66.59,0.01
2,78.0,94,0.88,False,False,2,125.6,2700.47
3,78.0,89,1.76,False,False,2,133.71,2565.83
4,78.0,66,0.81,False,False,2,47.31,2517.79
5,78.0,122,1.63,False,False,2,67.44,2447.24
6,78.0,62,1.44,False,False,2,82.96,2363.1
8,78.0,98,0.83,False,False,2,138.8,2222.97
9,78.0,89,1.38,False,False,2,117.27,2105.31
10,78.0,85,0.62,False,False,2,56.11,2048.65
11,78.0,93,1.33,False,False,2,21.34,2025.94
12,78.0,73,0.77,False,False,2,42.77,1982.36
13,78.0,87,1.24,False,False,2,86.86,1894.73
14,78.0,67,0.95,False,False,2,59.23,1834.66
15,78.0,79,1.59,False,False,2,102.22,1731.86
16,78.0,113,0.92,False,False,2,147.91,1582.81
17,78.0,76,0.81,False,False,2,127.09,1454.12
18,78.0,137,1.6,False,False,2,112.91,1338.56
19,78.0,80,1.73,False,False,2,137.62,1200.09
20,78.0,79,1.25,False,False,2,44.92,1154.54
21,78.0,113,1.36,False,False,2,34.37,1119.29
22,78.0,97,1.24,False,False,2,27.8,1090.38
1,78.38,66,1.81,False,False,2,89.15,0.01
2,78.38,96,1.91,False,False,2,54.79,2649.53
3,78.38,86,1.45,False,False,2,27.89,2621.13
4,78.38,65,0.67,False,False,2,121.12,2499.6
5,78.38,120,1.59,False,False,2,25.97,2472.03
6,78.38,64,1.07,False,False,2,44.99,2425.44
7,78.38,98,0.56,False,False,2,34.23,2390.42
8,78.38,98,1.86,False,False,2,52.11,2337.7
9,78.38,88,1.7,False,False,2,143.41,2192.56
10,78.38,83,1.7,False,False,2,56.7,2134.89
11,78.38,91,0.51,False,False,2,126.07,2008.4
12,78.38,76,0.69,False,False,2,39.57,1967.8
13,78.38,90,1.93,False,False,2,122.19,1842.04
14,78.38,65,0.61,False,False,2,121.0,1719.51
15,78.38,82,1.0,False,False,2,92.0,1626.74
16,78.38,114,0.82,False,False,2,54.02,1571.67
17,78.38,77,0.5,False,False,2,120.45,1450.0
18,78.38,134,1.53,False,False,2,69.21,1379.43
19,78.38,80,1.61,False,False,2,25.01,1353.86
20,78.38,82,0.78,False,False,2,115.64,1237.29
21,78.38,114,1.48,False,False,2,123.79,1112.21
22,78.38,96,1.71,False,False,2,36.37,1075.15
1,78.75,69,1.85,False,False,2,73.74,0.01
2,78.75,94,1.83,False,False,2,129.11,2734.88
3,78.75,83,0.72,False,False,2,48.97,2685.32
4,78.75,66,1.56,False,False,2,73.0,2611.25
5,78.75,123,1.3,False,False,2,107.44,2503.14
6,78.75,65,1.81,False,False,2,108.78,2393.28
7,78.75,96,1.04,False,False,2,25.43,2367.16
8,78.75,96,1.34,False,False,2,121.19,2243.31
9,78.75,91,1.02,False,False,2,87.83,2154.69
10,78.75,81,1.5,False,False,2,145.26,2008.42
11,78.75,94,0.88,False,False,2,66.64,1940.8
12,78.75,79,0.76,False,False,2,110.8,1829.19
13,78.75,88,1.45,False,False,2,73.6,1754.63
14,78.75,64,0.72,False,False,2,84.14,1669.09
15,78.75,83,0.67,False,False,2,125.14,1543.06
16,78.75,113,1.52,False,False,2,45.0,1497.44
17,78.75,79,0.84,False,False,2,108.55,1387.86
18,78.75,131,0.89,False,False,2,55.08,1331.76
19,78.75,83,0.81,False,False,2,85.02,1245.18
20,78.75,84,0.73,False,False,2,44.07,1200.62
21,78.75,113,0.71,False,False,2,55.73,1143.04
22,78.75,98,1.85,False,False,2,72.27,1069.8
1,79.12,70,0.59,False,False,2,68.51,0.02
2,79.12,95,1.19,False,False,2,62.56,2009.79
3,79.12,84,0.83,False,False,2,122.04,1887.1
4,79.12,69,1.11,False,False,2,144.13,1742.27
5,79.12,126,0.77,False,False,2,66.56,1674.7
6,79.12,68,1.97,False,False,2,139.17,1534.44
7,79.12,96,1.84,False,False,2,80.41,1453.41
8,79.12,98,1.69,False,False,2,121.14,1331.41
9,79.12,94,1.75,False,False,2,67.95,1262.86
10,79.12,82,0.61,False,False,2,125.13,1136.77
11,79.12,93,1.06,False,False,2,101.97,1033.7
12,79.12,79,1.99,False,False,2,27.14,1005.44
13,79.12,87,0.69,False,False,2,98.29,905.48
14,79.12,65,1.09,False,False,2,65.74,838.81
15,79.12,82,1.17,False,False,2,149.55,688.24
16,79.12,116,0.9,False,False,2,103.05,584.66
17,79.12,82,0.98,False,False,2,39.78,543.97
18,79.12,128,1.96,False,False,2,142.6,399.11
19,79.12,83,1.63,False,False,2,86.37,312.26
20,79.12,87,1.43,False,False,2,90.89,220.59
21,79.12,115,1.16,False,False,2,93.67,125.09
22,79.12,100,0.67,False,False,2,122.91,0.01
1,79.5,71,1.67,False,False,2,113.84,900.37
2,79.5,93,1.61,False,False,2,35.88,863.79
3,79.5,84,1.22,False,False,2,89.03,773.76
4,79.5,67,1.4,False,False,2,92.02,680.62
5,79.5,125,1.49,False,False,2,116.27,563.6
6,79.5,68,1.63,False,False,2,28.13,534.89
8,79.5,101,0.97,False,False,2,91.23,442.29
9,79.5,97,0.53,False,False,2,61.17,380.12
10,79.5,85,1.85,False,False,2,50.22,329.09
11,79.5,91,0.77,False,False,2,99.93,228.29
12,79.5,82,0.94,False,False,2,23.37,204.32
13,79.5,88,0.59,False,False,2,52.15,151.13
14,79.5,65,0.57,False,False,2,149.97,0.01
15,79.5,84,1.96,False,False,2,97.47,1936.73
16,79.5,118,1.0,False,False,2,127.02,1809.15
17,79.5,81,1.42,False,False,2,71.46,1737.21
18,79.5,128,1.94,False,False,2,140.99,1594.93
19,79.5,86,0.81,False,False,2,69.05,1523.58
20,79.5,90,1.94,False,False,2,111.18,1411.42
21,79.5,117,0.61,False,False,2,69.53,1340.87
22,79.5,100,0.99,False,False,2,53.48,1286.32
1,79.88,72,1.08,False,False,2,72.48,212.17
2,79.88,92,0.79,False,False,2,105.56,106.07
3,79.88,81,1.31,False,False,2,104.88,0.01
4,79.88,68,1.75,False,False,2,138.72,2563.1
5,79.88,127,0.88,False,False,2,20.88,2541.44
6,79.88,69,1.34,False,False,2,23.15,2517.5
7,79.88,96,1.62,False,False,2,124.18,2390.81
8,79.88,103,1.84,False,False,2,149.97,2239.46
9,79.88,95,0.97,False,False,2,59.61,2178.38
10,79.88,85,1.77,False,False,2,79.78,2096.99
11,79.88,89,1.3,False,False,2,127.44,1968.86
12,79.88,80,1.25,False,False,2,96.42,1871.76
13,79.88,89,1.08,False,False,2,111.08,1759.54
14,79.88,65,0.59,False,False,2,139.8,1618.16
15,79.88,87,1.99,False,False,2,100.33,1516.9
16,79.88,117,1.89,False,False,2,140.53,1374.76
17,79.88,84,1.58,False,False,2,72.73,1300.62
18,79.88,130,0.61,False,False,2,48.02,1251.59
20,79.88,91,0.82,False,False,2,29.8,1219.57
21,79.88,115,1.04,False,False,2,47.51,1170.91
22,79.88,103,1.37,False,False,2,113.37,1055.98
1,80.25,75,1.61,False,False,2,54.83,0.01
2,80.25,93,1.84,False,False,2,108.29,2691.27
3,80.25,78,0.55,False,False,2,63.72,2626.21
4,80.25,69,1.07,False,False,2,144.44,2479.13
5,80.25,130,1.96,False,False,2,81.01,2397.57
6,80.25,69,0.56,False,False,2,54.04,2342.61
7,80.25,98,0.61,False,False,2,78.63,2262.96
8,80.25,104,1.13,False,False,2,55.73,2206.47
9,80.25,96,1.95,False,False,2,68.26,2137.13
10,80.25,83,0.77,False,False,2,92.25,2044.06
11,80.25,88,1.11,False,False,2,134.43,1908.53
12,80.25,78,1.89,False,False,2,101.53,1806.46
13,80.25,89,1.37,False,False,2,121.56,1684.0
14,80.25,65,1.48,False,False,2,112.63,1570.93
15,80.25,84,1.54,False,False,2,37.8,1531.19
16,80.25,117,1.11,False,False,2,63.63,1466.77
17,80.25,87,1.27,False,False,2,48.29,1417.21
18,80.25,127,0.96,False,False,2,144.19,1271.31
19,80.25,82,1.01,False,False,2,95.18,1175.41
20,80.25,91,1.24,False,False,2,21.04,1153.84
21,80.25,117,0.53,False,False,2,60.44,1092.58
22,80.25,100,1.66,False,False,2,36.24,1054.95
1,80.62,75,1.54,False,False,2,53.02,0.01
2,80.62,93,1.99,False,False,2,92.47,2892.13
3,80.62,76,1.21,False,False,2,24.47,2866.96
4,80.62,68,1.79,False,False,2,91.97,2772.8
5,80.62,128,1.84,False,False,2,100.38,2671.12
6,80.62,68,2.0,False,False,2,37.35,2632.63
7,80.62,98,1.19,False,False,2,121.45,2510.54
8,80.62,106,1.05,False,False,2,89.11,2420.49
9,80.62,94,0.76,False,False,2,100.5,2318.42
10,80.62,86,0.81,False,False,2,131.91,2185.88
11,80.62,85,1.84,False,False,2,67.15,2117.85
12,80.62,76,0.66,False,False,2,143.7,1973.13
13,80.62,87,1.45,False,False,2,103.99,1868.59
14,80.62,63,1.55,False,False,2,20.46,1847.0
15,80.62,82,1.38,False,False,2,95.79,1750.22
16,80.62,117,1.01,False,False,2,130.9,1618.77
17,80.62,90,0.8,False,False,2,105.3,1512.31
18,80.62,128,1.18,False,False,2,81.01,1429.73
19,80.62,84,1.6,False,False,2,131.38,1297.67
20,80.62,88,1.76,False,False,2,48.52,1248.67
21,80.62,114,0.6,False,False,2,136.9,1111.06
22,80.62,103,1.38,False,False,2,22.73,1087.53
1,81.0,74,1.76,False,False,2,86.41,0.02
2,81.0,94,1.46,False,False,2,108.21,2935.65
3,81.0,79,1.23,False,False,2,65.65,2867.13
4,81.0,66,1.15,False,False,2,99.48,2767.0
5,81.0,130,1.67,False,False,2,37.76,2727.49
6,81.0,67,0.53,False,False,2,141.74,2584.93
7,81.0,98,1.7,False,False,2,88.52,2495.39
8,81.0,108,1.26,False,False,2,39.46,2455.33
9,81.0,97,1.69,False,False,2,138.28,2314.71
10,81.0,88,1.63,False,False,2,37.28,2275.23
11,81.0,83,1.28,False,False,2,102.33,2171.16
12,81.0,73,0.59,False,False,2,130.3,2040.06
13,81.0,90,1.29,False,False,2,142.16,1896.99
14,81.0,65,1.04,False,False,2,142.49,1753.54
15,81.0,85,1.57,False,False,2,30.95,1722.0
16,81.0,120,0.58,False,False,2,26.26,1694.88
17,81.0,90,0.76,False,False,2,58.94,1635.3
18,81.0,130,1.88,False,False,2,102.2,1532.12
19,81.0,83,0.52,False,False,2,34.65,1496.03
20,81.0,88,1.71,False,False,2,144.47,1350.82
21,81.0,113,1.51,False,False,2,126.21,1223.77
22,81.0,104,1.37,False,False,2,125.5,1097.62
1,81.38,76,1.18,False,False,2,96.18,0.01
2,81.38,91,1.25,False,False,2,61.43,2980.39
3,81.38,78,1.44,False,False,2,86.78,2892.8
4,81.38,65,1.79,False,False,2,96.02,2795.95
5,81.38,133,0.94,False,False,2,133.35,2661.96
6,81.38,69,1.16,False,False,2,134.66,2526.66
7,81.38,96,0.5,False,False,2,105.89,2419.6
8,81.38,105,1.72,False,False,2,21.04,2397.46
9,81.38,99,1.82,False,False,2,99.13,2297.46
10,81.38,87,1.03,False,False,2,130.03,2166.92
11,81.38,86,1.75,False,False,2,59.4,2106.9
12,81.38,72,1.1,False,False,2,62.12,2043.92
13,81.38,92,1.13,False,False,2,100.33,1942.85
14,81.38,68,1.88,False,False,2,115.81,1825.8
15,81.38,83,1.2,False,False,2,101.28,1723.45
16,81.38,120,0.95,False,False,2,90.9,1632.0
17,81.38,87,1.34,False,False,2,136.74,1494.28
18,81.38,130,0.91,False,False,2,137.75,1355.68
19,81.38,86,1.55,False,False,2,39.44,1315.69
20,81.38,85,1.43,False,False,2,89.76,1224.49
21,81.38,114,1.49,False,False,2,125.48,1097.94
22,81.38,101,1.84,False,False,2,51.64,1045.45
1,81.75,73,0.72,False,False,2,44.18,0.01
2,81.75,88,0.92,False,False,2,99.51,2692.07
3,81.75,80,0.93,False,False,2,54.55,2636.64
4,81.75,66,0.5,False,False,2,122.5,2512.44
5,81.75,132,1.95,False,False,2,44.34,2465.97
6,81.75,72,0.83,False,False,2,103.71,2361.48
7,81.75,97,1.12,False,False,2,143.67,2216.7
8,81.75,105,0.78,False,False,2,74.97,2141.1
9,81.75,99,0.56,False,False,2,22.2,2118.06
10,81.75,86,1.22,False,False,2,47.94,2069.4
11,81.75,86,1.0,False,False,2,139.28,1929.57
12,81.75,75,0.51,False,False,2,135.31,1792.68
13,81.75,90,1.94,False,False,2,100.69,1691.2
14,81.75,67,0.62,False,False,2,52.47,1637.61
15,81.75,81,1.85,False,False,2,80.29,1555.04
16,81.75,122,1.55,False,False,2,41.65,1512.33
17,81.75,90,1.92,False,False,2,111.97,1399.49
18,81.75,133,1.92,False,False,2,73.08,1325.37
19,81.75,86,1.55,False,False,2,64.2,1258.7
20,81.75,87,1.21,False,False,2,37.23,1220.63
21,81.75,115,1.59,False,False,2,31.22,1188.62
22,81.75,100,1.66,False,False,2,113.47,1074.11
1,82.12,72,1.17,False,False,2,72.17,0.01
2,82.12,87,1.38,False,False,2,94.02,1952.98
3,82.12,82,0.57,False,False,2,132.19,1820.01
4,82.12,67,1.54,False,False,2,118.03,1701.16
5,82.12,133,1.76,False,False,2,106.36,1592.94
6,82.12,74,0.73,False,False,2,130.78,1461.13
7,82.12,97,1.13,False,False,2,132.61,1323.48
8,82.12,105,1.91,False,False,2,56.24,1266.21
9,82.12,98,0.7,False,False,2,118.55,1146.68
10,82.12,88,0.75,False,False,2,92.52,1053.15
11,82.12,87,0.86,False,False,2,39.83,1012.6
12,82.12,78,0.72,False,False,2,82.56,929.49
13,82.12,91,0.7,False,False,2,130.02,798.9
14,82.12,70,1.34,False,False,2,78.34,719.82
15,82.12,82,1.26,False,False,2,132.2,586.08
16,82.12,125,1.85,False,False,2,81.52,503.48
17,82.12,89,0.7,False,False,2,45.62,456.97
18,82.12,135,1.56,False,False,2,70.88,385.19
19,82.12,88,1.32,False,False,2,122.22,262.2
20,82.12,86,1.96,False,False,2,118.38,142.2
21,82.12,118,1.96,False,False,2,140.46,0.02
22,82.12,100,0.74,False,False,2,67.24,2013.12
1,82.5,75,0.78,False,False,2,114.6,897.57
2,82.5,85,1.87,False,False,2,105.08,791.44
3,82.5,84,0.64,False,False,2,24.97,765.97
4,82.5,68,1.23,False,False,2,68.02,696.87
5,82.5,135,1.88,False,False,2,109.01,587.31
6,82.5,75,1.26,False,False,2,28.58,557.81
7,82.5,95,0.91,False,False,2,69.55,487.63
8,82.5,106,0.58,False,False,2,46.09,440.11
9,82.5,96,0.59,False,False,2,92.02,347.4
10,82.5,85,0.96,False,False,2,25.88,320.92
11,82.5,87,1.76,False,False,2,30.91,287.31
12,82.5,81,0.77,False,False,2,21.59,264.92
13,82.5,88,1.88,False,False,2,135.61,126.08
14,82.5,71,1.16,False,False,2,124.96,0.01
15,82.5,81,1.73,False,False,2,47.84,1990.42
16,82.5,123,1.31,False,False,2,74.56,1915.33
17,82.5,87,0.67,False,False,2,126.38,1788.09
18,82.5,133,0.82,False,False,2,85.96,1701.35
19,82.5,91,1.55,False,False,2,109.27,1591.08
20,82.5,83,1.68,False,False,2,123.12,1467.47
21,82.5,120,1.96,False,False,2,133.83,1332.8
22,82.5,101,1.26,False,False,2,134.79,1197.01
1,82.88,78,1.85,False,False,2,89.11,107.18
2,82.88,83,0.84,False,False,2,106.64,0.01
3,82.88,81,1.79,False,False,2,24.71,2704.18
4,82.88,67,1.81,False,False,2,133.01,2570.22
5,82.88,136,1.33,False,False,2,50.93,2517.73
6,82.88,72,0.86,False,False,2,114.05,2401.63
7,82.88,93,0.69,False,False,2,85.42,2315.51
8,82.88,108,1.72,False,False,2,136.15,2178.62
9,82.88,95,1.16,False,False,2,75.81,2102.02
10,82.88,83,1.77,False,False,2,53.52,2047.66
11,82.88,89,1.36,False,False,2,136.14,1909.07
12,82.88,82,0.95,False,False,2,55.99,1852.47
13,82.88,91,0.94,False,False,2,33.94,1817.92
14,82.88,73,0.63,False,False,2,26.01,1791.25
15,82.88,83,0.55,False,False,2,52.34,1737.98
16,82.88,124,1.74,False,False,2,122.77,1614.17
17,82.88,86,0.93,False,False,2,50.72,1562.12
18,82.88,130,0.65,False,False,2,24.02,1536.57
19,82.88,92,1.86,False,False,2,133.08,1402.38
20,82.88,80,1.26,False,False,2,91.22,1310.27
21,82.88,118,1.04,False,False,2,75.54,1233.24
22,82.88,102,1.78,False,False,2,142.69,1089.42
1,83.25,78,0.63,False,False,2,88.29,0.02
2,83.25,86,0.78,False,False,2,101.35,2004.7
3,83.25,84,1.39,False,False,2,144.87,1859.36
4,83.25,64,0.59,False,False,2,63.26,1795.28
5,83.25,138,1.72,False,False,2,96.26,1698.1
6,83.25,74,1.37,False,False,2,146.17,1551.03
7,83.25,93,1.64,False,False,2,132.48,1417.78
8,83.25,105,0.72,False,False,2,94.42,1321.85
9,83.25,98,0.84,False,False,2,49.65,1271.39
10,83.25,83,1.16,False,False,2,93.85,1177.06
11,83.25,91,1.95,False,False,2,142.55,1033.97
12,83.25,79,1.37,False,False,2,143.85,889.67
13,83.25,90,1.84,False,False,2,102.99,784.71
14,83.25,74,0.66,False,False,2,59.87,723.7
15,83.25,86,0.52,False,False,2,50.96,670.57
16,83.25,121,0.85,False,False,2,74.65,595.07
17,83.25,83,1.95,False,False,2,148.44,446.02
18,83.25,130,1.63,False,False,2,90.86,354.14
19,83.25,93,0.57,False,False,2,76.2,277.11
20,83.25,80,1.48,False,False,2,36.76,239.68
21,83.25,118,0.97,False,False,2,119.08,119.17
22,83.25,105,1.77,False,False,2,118.5,0.01
1,83.62,75,1.6,False,False,2,141.91,919.22
2,83.62,89,0.93,False,False,2,86.4,831.28
3,83.62,86,0.63,False,False,2,92.17,738.23
4,83.62,62,1.96,False,False,2,143.24,593.58
5,83.62,138,0.98,False,False,2,137.44,455.2
6,83.62,74,1.35,False,False,2,71.37,381.88
7,83.62,93,0.95,False,False,2,27.45,353.34
8,83.62,102,0.97,False,False,2,112.95,239.78
9,83.62,98,0.85,False,False,2,131.98,106.5
10,83.62,85,0.71,False,False,2,105.61,0.01
11,83.62,92,1.93,False,False,2,35.82,1976.94
12,83.62,81,1.13,False,False,2,43.51,1931.38
13,83.62,87,1.52,False,False,2,66.04,1864.87
14,83.62,76,1.49,False,False,2,49.13,1814.75
15,83.62,83,1.37,False,False,2,23.99,1789.85
16,83.62,121,1.73,False,False,2,61.13,1728.2
17,83.62,84,1.59,False,False,2,73.38,1654.13
18,83.62,127,0.96,False,False,2,74.28,1578.62
19,83.62,92,0.84,False,False,2,146.57,1431.38
20,83.62,79,1.85,False,False,2,124.77,1304.99
21,83.62,115,0.51,False,False,2,21.1,1282.8
22,83.62,102,1.57,False,False,2,114.49,1167.69
1,84.0,77,1.64,False,False,2,65.02,101.77
2,84.0,88,1.73,False,False,2,101.05,0.02
3,84.0,86,0.87,False,False,2,146.7,2759.61
4,84.0,64,1.67,False,False,2,58.37,2700.62
5,84.0,140,0.66,False,False,2,116.53,2583.04
6,84.0,71,1.66,False,False,2,72.39,2509.48
7,84.0,96,1.32,False,False,2,110.43,2397.96
8,84.0,104,1.69,False,False,2,34.73,2361.3
9,84.0,99,1.55,False,False,2,117.32,2243.03
10,84.0,84,0.72,False,False,2,133.83,2108.27
11,84.0,92,1.37,False,False,2,39.34,2068.0
12,84.0,78,1.82,False,False,2,104.75,1962.56
13,84.0,88,1.67,False,False,2,80.87,1880.98
14,84.0,76,1.8,False,False,2,96.41,1784.02
15,84.0,86,0.55,False,False,2,24.74,1757.92
16,84.0,121,1.81,False,False,2,116.27,1640.35
17,84.0,83,1.16,False,False,2,48.76,1590.78
18,84.0,124,1.99,False,False,2,142.41,1447.65
19,84.0,93,1.7,False,False,2,84.95,1361.94
20,84.0,76,1.05,False,False,2,100.55,1260.3
21,84.0,117,1.11,False,False,2,114.95,1144.73
22,84.0,103,0.72,False,False,2,79.62,1064.26
1,84.38,80,1.65,False,False,2,63.16,0.01
2,84.38,89,0.52,False,False,2,59.24,1993.69
3,84.38,89,1.66,False,False,2,65.15,1927.71
4,84.38,67,1.92,False,False,2,55.52,1871.06
5,84.38,139,1.89,False,False,2,131.83,1737.97
6,84.38,68,0.6,False,False,2,96.93,1640.44
7,84.38,93,0.65,False,False,2,64.1,1575.81
8,84.38,105,0.92,False,False,2,131.39,1443.66
9,84.38,98,1.31,False,False,2,76.22,1366.67
10,84.38,84,0.98,False,False,2,106.54,1259.15
11,84.38,89,0.93,False,False,2,102.35,1156.08
12,84.38,77,0.7,False,False,2,103.74,1051.5
13,84.38,85,1.58,False,False,2,82.72,966.89
14,84.38,75,1.89,False,False,2,149.42,816.77
15,84.38,89,1.47,False,False,2,141.15,674.15
16,84.38,124,0.92,False,False,2,143.75,529.64
17,84.38,80,1.07,False,False,2,38.88,489.09
18,84.38,125,0.62,False,False,2,125.04,362.76
19,84.38,91,1.17,False,False,2,43.42,318.23
20,84.38,74,1.92,False,False,2,74.64,242.71
21,84.38,119,1.68,False,False,2,139.74,101.12
22,84.38,103,1.06,False,False,2,100.22,0.05
1,84.75,79,1.72,False,False,2,68.4,1049.07
2,84.75,92,0.56,False,False,2,116.77,931.41
3,84.75,91,1.66,False,False,2,84.8,845.89
4,84.75,66,1.09,False,False,2,30.47,814.83
5,84.75,136,1.97,False,False,2,80.79,733.4
6,84.75,65,1.96,False,False,2,58.47,673.75
7,84.75,96,0.66,False,False,2,26.47,646.73
8,84.75,106,1.52,False,False,2,81.42,563.17
9,84.75,101,1.26,False,False,2,22.43,540.22
10,84.75,85,1.72,False,False,2,71.45,468.22
11,84.75,89,1.63,False,False,2,23.92,443.63
12,84.75,80,1.77,False,False,2,99.09,343.49
13,84.75,85,1.36,False,False,2,64.07,278.51
14,84.75,77,0.98,False,False,2,45.7,231.93
15,84.75,92,1.84,False,False,2,95.44,135.41
16,84.75,121,0.57,False,False,2,134.65,0.01
17,84.75,77,0.88,False,False,2,23.9,2034.49
18,84.75,126,1.09,False,False,2,135.81,1897.92
19,84.75,90,1.28,False,False,2,60.18,1836.89
20,84.75,73,1.48,False,False,2,58.6,1777.3
21,84.75,122,1.95,False,False,2,123.77,1652.53
22,84.75,105,0.63,False,False,2,81.88,1569.65
1,85.12,79,0.73,False,False,2,31.28,536.76
2,85.12,92,1.15,False,False,2,90.06,446.12
3,85.12,92,1.21,False,False,2,32.2,413.15
4,85.12,64,1.63,False,False,2,96.58,316.03
5,85.12,138,1.29,False,False,2,101.04,214.38
6,85.12,67,0.6,False,False,2,131.92,81.54
7,85.12,93,1.09,False,False,2,80.64,0.01
8,85.12,107,1.58,False,False,2,24.17,2360.3
9,85.12,98,1.07,False,False,2,105.54,2253.63
10,85.12,85,1.49,False,False,2,86.0,2167.18
11,85.12,89,0.91,False,False,2,62.42,2104.05
12,85.12,79,1.34,False,False,2,68.48,2034.36
13,85.12,84,1.51,False,False,2,90.85,1942.88
14,85.12,77,1.44,False,False,2,60.65,1880.74
15,85.12,94,1.47,False,False,2,82.87,1797.35
16,85.12,118,1.27,False,False,2,127.2,1668.72
17,85.12,74,0.84,False,False,2,31.68,1636.21
18,85.12,127,1.62,False,False,2,80.9,1554.6
19,85.12,91,0.71,False,False,2,146.59,1407.33
20,85.12,71,0.71,False,False,2,114.05,1292.8
21,85.12,122,1.9,False,False,2,104.74,1186.68
22,85.12,106,0.9,False,False,2,107.39,1076.72
1,85.5,79,0.98,False,False,2,73.86,0.02
2,85.5,95,1.74,False,False,2,82.79,2774.1
3,85.5,95,0.88,False,False,2,44.47,2729.07
4,85.5,66,1.66,False,False,2,137.62,2590.02
5,85.5,137,1.38,False,False,2,143.45,2445.64
6,85.5,67,1.1,False,False,2,87.92,2356.86
7,85.5,94,0.96,False,False,2,33.26,2322.82
8,85.5,106,1.17,False,False,2,99.75,2221.27
9,85.5,100,1.62,False,False,2,99.61,2120.56
10,85.5,87,1.03,False,False,2,22.62,2097.15
11,85.5,92,1.72,False,False,2,148.69,1947.34
12,85.5,78,0.92,False,False,2,20.79,1925.29
13,85.5,85,0.86,False,False,2,126.75,1797.65
14,85.5,74,1.77,False,False,2,52.65,1743.19
15,85.5,93,0.73,False,False,2,122.69,1619.6
16,85.5,119,1.74,False,False,2,57.76,1561.15
17,85.5,71,1.19,False,False,2,59.65,1500.99
18,85.5,126,0.88,False,False,2,149.47,1350.89
19,85.5,94,1.05,False,False,2,138.13,1211.22
20,85.5,71,1.38,False,False,2,47.16,1163.21
21,85.5,121,0.58,False,False,2,29.84,1132.65
22,85.5,104,1.35,False,False,2,83.69,1048.08
1,85.88,79,1.9,False,False,2,46.87,0.01
2,85.88,95,1.62,False,False,2,116.78,2719.93
3,85.88,93,0.94,False,False,2,51.44,2667.88
4,85.88,68,1.62,False,False,2,99.91,2567.02
5,85.88,138,0.95,False,False,2,90.4,2475.61
6,85.88,67,0.82,False,False,2,75.91,2399.15
7,85.88,92,1.2,False,False,2,44.64,2354.03
8,85.88,109,1.29,False,False,2,129.08,2224.32
9,85.88,99,1.51,False,False,2,95.1,2128.01
10,85.88,87,0.61,False,False,2,28.21,2098.96
11,85.88,91,0.75,False,False,2,97.99,1999.76
12,85.88,75,1.1,False,False,2,50.25,1948.93
13,85.88,83,1.84,False,False,2,30.17,1917.79
14,85.88,74,1.78,False,False,2,96.05,1820.94
15,85.88,94,0.66,False,False,2,74.09,1745.63
16,85.88,120,0.65,False,False,2,68.66,1675.57
17,85.88,74,1.53,False,False,2,93.38,1580.93
18,85.88,126,0.72,False,False,2,122.29,1457.88
19,85.88,92,1.08,False,False,2,58.71,1397.73
20,85.88,71,1.07,False,False,2,143.62,1253.54
21,85.88,120,0.55,False,False,2,119.69,1132.97
22,85.88,102,0.59,False,False,2,36.74,1094.95
1,86.25,80,0.53,False,False,2,93.73,0.01
2,86.25,94,0.56,False,False,2,67.26,2685.48
3,86.25,95,1.1,False,False,2,55.38,2628.06
4,86.25,70,1.67,False,False,2,137.18,2490.2
5,86.25,137,1.79,False,False,2,35.74,2453.54
6,86.25,67,1.38,False,False,2,99.54,2353.08
7,86.25,91,1.6,False,False,2,99.7,2252.59
8,86.25,112,0.63,False,False,2,71.98,2179.5
9,86.25,100,0.76,False,False,2,91.33,2087.47
10,86.25,88,1.98,False,False,2,76.7,2010.39
11,86.25,94,1.33,False,False,2,90.75,1918.82
12,86.25,75,1.31,False,False,2,136.99,1780.46
13,86.25,82,0.6,False,False,2,20.25,1758.73
14,86.25,77,1.73,False,False,2,54.64,1703.0
15,86.25,91,1.65,False,False,2,127.39,1575.09
16,86.25,121,1.44,False,False,2,41.73,1532.44
17,86.25,76,1.13,False,False,2,127.72,1403.97
18,86.25,129,1.18,False,False,2,47.01,1355.93
19,86.25,95,1.71,False,False,2,28.48,1326.87
20,86.25,69,0.71,False,False,2,141.91,1182.53
21,86.25,118,1.86,False,False,2,25.67,1156.32
22,86.25,102,0.62,False,False,2,25.85,1129.28
1,86.62,77,1.32,False,False,2,128.31,0.02
2,86.62,94,1.85,False,False,2,147.69,2667.93
3,86.62,98,0.77,False,False,2,74.72,2592.37
4,86.62,72,1.69,False,False,2,30.38,2561.27
5,86.62,137,0.97,False,False,2,36.85,2523.58
6,86.62,67,1.08,False,False,2,49.24,2472.53
7,86.62,92,1.71,False,False,2,120.64,2350.96
8,86.62,111,1.85,False,False,2,38.11,2311.35
9,86.62,100,1.11,False,False,2,41.4,2269.23
10,86.62,86,0.68,False,False,2,134.76,2133.81
11,86.62,96,1.91,False,False,2,88.14,2044.75
12,86.62,75,0.97,False,False,2,30.03,2014.08
13,86.62,84,1.89,False,False,2,114.6,1898.78
14,86.62,76,0.78,False,False,2,90.64,1807.35
15,86.62,88,1.67,False,False,2,87.01,1719.43
16,86.62,121,0.99,False,False,2,40.46,1678.27
17,86.62,77,1.16,False,False,2,108.28,1569.15
18,86.62,128,1.2,False,False,2,100.44,1467.99
19,86.62,97,1.96,False,False,2,119.73,1347.47
20,86.62,67,1.34,False,False,2,50.9,1294.75
21,86.62,115,1.51,False,False,2,117.27,1175.26
22,86.62,101,1.82,False,False,2,128.68,1045.71
1,87.0,80,0.99,False,False,2,43.76,0.01
2,87.0,92,1.52,False,False,2,70.04,2739.66
3,87.0,98,1.92,False,False,2,41.7,2696.95
4,87.0,71,1.18,False,False,2,77.4,2618.84
5,87.0,139,1.04,False,False,2,99.49,2518.44
6,87.0,65,0.83,False,False,2,116.35,2401.05
7,87.0,91,1.99,False,False,2,49.13,2351.09
8,87.0,113,1.59,False,False,2,121.59,2228.96
9,87.0,97,1.35,False,False,2,103.11,2124.94
10,87.0,84,1.54,False,False,2,46.65,2077.34
11,87.0,97,1.44,False,False,2,81.21,1995.33
12,87.0,74,0.64,False,False,2,105.22,1888.06
13,87.0,83,1.39,False,False,2,145.63,1741.56
14,87.0,75,1.9,False,False,2,80.39,1660.59
15,87.0,89,1.13,False,False,2,40.03,1619.83
16,87.0,124,0.5,False,False,2,57.36,1561.83
17,87.0,78,1.3,False,False,2,142.69,1418.59
18,87.0,126,0.63,False,False,2,46.25,1371.61
19,87.0,94,0.61,False,False,2,50.44,1320.46
20,87.0,69,0.77,False,False,2,94.0,1225.63
21,87.0,114,1.27,False,False,2,29.24,1195.29
22,87.0,101,1.58,False,False,2,97.94,1096.45
1,87.38,81,0.56,False,False,2,95.5,0.01
2,87.38,91,1.95,False,False,2,22.06,2860.6
3,87.38,96,0.53,False,False,2,87.36,2772.38
4,87.38,73,1.32,False,False,2,40.26,2731.28
5,87.38,140,0.61,False,False,2,140.0,2590.78
6,87.38,63,0.75,False,False,2,82.02,2507.49
7,87.38,91,1.05,False,False,2,125.37,2381.31
8,87.38,115,1.12,False,False,2,91.82,2288.95
9,87.38,98,1.52,False,False,2,95.62,2192.04
10,87.38,82,0.54,False,False,2,72.95,2117.95
11,87.38,94,0.96,False,False,2,136.6,1980.28
12,87.38,72,0.63,False,False,2,113.81,1865.46
13,87.38,81,1.33,False,False,2,24.99,1838.98
15,87.38,92,1.17,False,False,2,146.77,1690.63
16,87.38,127,1.96,False,False,2,44.03,1645.56
17,87.38,76,1.41,False,False,2,105.65,1539.04
18,87.38,128,0.63,False,False,2,68.35,1469.87
19,87.38,97,1.77,False,False,2,56.12,1412.86
20,87.38,72,1.87,False,False,2,65.36,1346.83
21,87.38,111,0.65,False,False,2,100.85,1244.92
22,87.38,103,1.14,False,False,2,105.88,1138.16
1,87.75,82,1.81,False,False,2,136.86,0.01
2,87.75,88,0.79,False,False,2,97.61,2638.54
3,87.75,95,0.56,False,False,2,116.93,2519.99
4,87.75,70,0.95,False,False,2,69.07,2449.91
5,87.75,141,1.69,False,False,2,52.83,2396.44
6,87.75,61,1.52,False,False,2,49.8,2345.29
7,87.75,94,1.55,False,False,2,104.64,2240.04
8,87.75,117,1.71,False,False,2,46.88,2192.34
9,87.75,101,1.03,False,False,2,114.94,2076.61
10,87.75,84,0.8,False,False,2,117.43,1957.66
11,87.75,91,1.09,False,False,2,134.93,1821.63
12,87.75,70,1.71,False,False,2,49.99,1770.58
13,87.75,78,0.58,False,False,2,133.85,1636.05
14,87.75,79,1.46,False,False,2,24.87,1610.59
15,87.75,91,0.94,False,False,2,53.65,1555.7
16,87.75,124,0.61,False,False,2,58.83,1496.2
17,87.75,77,0.74,False,False,2,42.89,1452.24
18,87.75,131,0.76,False,False,2,118.64,1331.98
19,87.75,95,1.98,False,False,2,125.24,1206.28
20,87.75,70,0.61,False,False,2,69.56,1135.68
21,87.75,114,1.24,False,False,2,35.0,1100.14
22,87.75,101,1.36,False,False,2,63.01,1036.3
1,88.12,83,1.57,False,False,2,33.91,0.02
2,88.12,85,1.15,False,False,2,44.02,2826.67
3,88.12,93,0.74,False,False,2,131.7,2694.14
4,88.12,69,1.93,False,False,2,114.09,2579.08
5,88.12,142,0.98,False,False,2,124.89,2453.62
6,88.12,60,1.29,False,False,2,119.71,2332.08
7,88.12,95,0.61,False,False,2,26.61,2304.52
8,88.12,119,1.12,False,False,2,37.66,2266.35
9,88.12,104,1.76,False,False,2,70.73,2194.63
10,88.12,86,0.51,False,False,2,84.07,2109.86
11,88.12,93,0.71,False,False,2,27.5,2081.46
12,88.12,71,0.9,False,False,2,43.79,2036.34
13,88.12,81,0.88,False,False,2,147.22,1888.23
14,88.12,81,1.32,False,False,2,84.69,1802.7
15,88.12,89,1.49,False,False,2,148.41,1653.57
16,88.12,122,1.09,False,False,2,36.92,1615.99
17,88.12,79,1.3,False,False,2,128.17,1486.88
18,88.12,131,0.99,False,False,2,67.06,1418.46
19,88.12,98,0.79,False,False,2,126.73,1290.93
20,88.12,71,1.56,False,False,2,30.04,1259.99
21,88.12,117,0.52,False,False,2,112.78,1146.52
22,88.12,99,0.57,False,False,2,67.27,1078.46
1,88.5,81,0.79,False,False,2,76.97,0.01
2,88.5,86,0.75,False,False,2,116.37,2853.19
3,88.5,94,1.07,False,False,2,109.9,2742.6
4,88.5,67,1.93,False,False,2,146.14,2594.84
5,88.5,140,1.86,False,False,2,117.7,2476.28
6,88.5,60,0.58,False,False,2,133.12,2342.18
7,88.5,94,1.6,False,False,2,29.7,2311.19
8,88.5,118,1.2,False,False,2,24.15,2286.19
9,88.5,103,1.77,False,False,2,50.16,2235.63
10,88.5,89,1.35,False,False,2,91.12,2143.47
11,88.5,91,1.67,False,False,2,123.74,2019.0
12,88.5,72,1.98,False,False,2,31.21,1987.11
13,88.5,82,1.92,False,False,2,43.35,1942.36
14,88.5,79,1.09,False,False,2,101.26,1840.19
15,88.5,89,0.6,False,False,2,148.74,1690.82
16,88.5,123,0.67,False,False,2,92.62,1596.32
17,88.5,77,0.67,False,False,2,53.55,1541.75
18,88.5,133,0.55,False,False,2,69.37,1471.72
19,88.5,96,1.46,False,False,2,121.3,1349.36
20,88.5,73,1.46,False,False,2,128.56,1220.09
21,88.5,116,1.71,False,False,2,102.77,1116.51
22,88.5,102,1.41,False,False,2,76.88,1038.95
1,88.88,80,0.75,False,False,2,36.98,0.01
2,88.88,83,1.9,False,False,2,120.98,1926.2
3,88.88,94,1.87,False,False,2,97.52,1827.8
4,88.88,69,1.77,False,False,2,130.84,1695.84
5,88.88,139,1.51,False,False,2,106.42,1588.56
6,88.88,60,1.47,False,False,2,138.23,1449.35
7,88.88,96,1.64,False,False,2,89.71,1358.55
8,88.88,116,1.57,False,False,2,85.11,1272.69
9,88.88,106,1.29,False,False,2,63.94,1207.89
10,88.88,89,1.66,False,False,2,52.69,1154.66
11,88.88,91,0.88,False,False,2,75.28,1078.92
12,88.88,74,1.7,False,False,2,142.33,935.53
13,88.88,85,0.84,False,False,2,133.01,801.71
14,88.88,80,1.92,False,False,2,20.26,780.52
15,88.88,86,1.65,False,False,2,141.19,637.9
16,88.88,123,1.83,False,False,2,121.43,515.71
17,88.88,77,1.64,False,False,2,115.47,399.36
18,88.88,135,1.47,False,False,2,32.41,366.22
19,88.88,99,0.84,False,False,2,90.87,274.44
20,88.88,74,1.63,False,False,2,98.14,174.67
21,88.88,118,1.08,False,False,2,108.07,65.86
22,88.88,102,1.86,False,False,2,64.21,0.01
1,89.25,78,1.46,False,False,2,36.66,1041.49
2,89.25,80,1.54,False,False,2,46.52,994.28
3,89.25,91,1.89,False,False,2,66.85,925.34
4,89.25,70,1.12,False,False,2,109.73,814.62
5,89.25,137,1.19,False,False,2,36.19,777.62
6,89.25,60,0.7,False,False,2,24.76,752.1
7,89.25,94,1.36,False,False,2,76.7,674.6
8,89.25,115,1.77,False,False,2,70.35,602.03
9,89.25,103,1.21,False,False,2,139.04,462.1
10,89.25,87,1.62,False,False,2,63.53,396.55
11,89.25,88,1.97,False,False,2,105.68,290.28
12,89.25,75,1.04,False,False,2,131.01,158.34
13,89.25,84,1.34,False,False,2,26.68,130.9
14,89.25,77,1.99,False,False,2,129.96,0.02
15,89.25,88,1.35,False,False,2,75.03,1983.33
16,89.25,121,1.17,False,False,2,84.07,1898.2
17,89.25,77,1.28,False,False,2,20.09,1877.02
18,89.25,138,1.93,False,False,2,60.38,1815.65
19,89.25,100,1.44,False,False,2,131.67,1683.24
20,89.25,72,0.78,False,False,2,68.18,1614.06
21,89.25,119,1.6,False,False,2,85.65,1527.28
22,89.25,102,1.47,False,False,2,23.25,1502.55
1,89.62,76,1.45,False,False,2,90.14,411.19
2,89.62,77,1.2,False,False,2,149.9,260.46
3,89.62,89,1.63,False,False,2,109.41,150.43
4,89.62,70,1.68,False,False,2,149.01,0.02
5,89.62,139,1.76,False,False,2,115.47,2661.46
6,89.62,63,1.57,False,False,2,43.1,2617.72
7,89.62,96,1.94,False,False,2,148.96,2467.89
8,89.62,112,0.67,False,False,2,129.9,2337.24
9,89.62,104,1.94,False,False,2,136.44,2199.59
10,89.62,84,1.04,False,False,2,29.3,2169.45
11,89.62,85,1.96,False,False,2,112.77,2055.74
12,89.62,74,0.72,False,False,2,71.47,1983.45
13,89.62,82,0.85,False,False,2,66.72,1915.77
14,89.62,76,1.27,False,False,2,58.25,1856.67
15,89.62,88,0.95,False,False,2,135.58,1720.27
16,89.62,121,1.48,False,False,2,87.24,1632.12
17,89.62,74,1.29,False,False,2,139.5,1491.59
18,89.62,139,0.67,False,False,2,143.39,1347.4
19,89.62,98,1.83,False,False,2,41.48,1305.51
20,89.62,69,0.79,False,False,2,136.8,1167.36
21,89.62,118,0.81,False,False,2,47.25,1119.39
22,89.62,99,1.14,False,False,2,117.51,1001.28
