player_id,sim_time_min,heart_rate,accel_value,impact_event,major_event,tier,network_delay_ms,edge_latency_ms
1,0,72,1.25,False,False,2,25.26,2016.67
2,0,73,1.51,False,False,2,75.43,1940.51
3,0,86,1.54,False,False,2,137.37,1802.0
4,0,77,1.55,False,False,2,101.18,1699.41
5,0,89,0.89,False,False,2,121.46,1576.35
6,0,88,0.86,False,False,2,148.45,1427.11
7,0,73,1.47,False,False,2,145.51,1280.2
8,0,84,1.65,False,False,2,95.58,1184.21
9,0,75,1.9,False,False,2,108.66,1073.19
10,0,72,1.14,False,False,2,103.39,969.29
11,0,71,0.73,False,False,2,112.93,855.28
12,0,74,1.76,False,False,2,53.61,800.98
13,0,91,1.73,False,False,2,44.44,755.98
14,0,90,1.33,False,False,2,141.63,613.39
15,0,87,0.54,False,False,2,55.08,556.65
16,0,93,0.52,False,False,2,21.95,533.71
17,0,87,0.55,False,False,2,120.24,412.77
18,0,80,1.26,False,False,2,112.52,299.58
19,0,93,1.2,False,False,2,109.04,189.71
20,0,93,0.75,False,False,2,101.88,87.12
21,0,78,1.86,False,False,2,86.37,0.02
22,0,79,1.32,False,False,2,57.38,1987.42
1,0.38,70,1.07,False,False,2,40.53,944.96
2,0.38,74,1.95,False,False,2,122.27,821.91
3,0.38,83,0.57,False,False,2,74.37,746.9
4,0.38,76,1.44,False,False,2,134.73,611.07
5,0.38,87,1.89,False,False,2,53.54,553.94
6,0.38,88,1.32,False,False,2,130.39,422.96
7,0.38,75,1.49,False,False,2,117.34,304.08
8,0.38,85,1.61,False,False,2,85.96,217.55
9,0.38,74,0.52,False,False,2,117.27,99.52
10,0.38,73,1.63,False,False,2,33.56,64.08
11,0.38,71,0.53,False,False,2,63.23,0.02
12,0.38,74,1.13,False,False,2,83.3,1966.72
13,0.38,92,0.66,False,False,2,73.02,1892.87
14,0.38,89,1.3,False,False,2,145.59,1746.23
15,0.38,89,1.48,False,False,2,102.48,1642.76
16,0.38,96,1.05,False,False,2,40.45,1601.28
17,0.38,89,1.41,False,False,2,95.13,1505.42
18,0.38,82,1.42,False,False,2,55.28,1449.64
19,0.38,95,0.73,False,False,2,112.09,1335.29
20,0.38,93,1.63,False,False,2,99.92,1234.4
21,0.38,75,0.87,False,False,2,63.93,1169.57
22,0.38,80,1.67,False,False,2,56.85,1111.84
1,0.75,67,1.83,False,False,2,110.8,0.02
2,0.75,71,0.88,False,False,2,51.93,2627.45
3,0.75,86,1.33,False,False,2,56.87,2570.04
4,0.75,76,0.69,False,False,2,146.8,2422.53
5,0.75,86,0.84,False,False,2,106.02,2314.13
6,0.75,85,1.89,False,False,2,121.55,2191.4
7,0.75,76,0.56,False,False,2,52.91,2137.7
8,0.75,88,0.63,False,False,2,78.15,2058.68
9,0.75,74,0.53,False,False,2,21.2,2036.59
10,0.75,75,0.81,False,False,2,82.88,1952.56
11,0.75,72,1.07,False,False,2,133.37,1818.62
12,0.75,71,1.46,False,False,2,27.28,1790.56
13,0.75,93,1.09,False,False,2,104.29,1683.89
14,0.75,87,1.66,False,False,2,66.58,1616.32
15,0.75,89,1.22,False,False,2,91.88,1521.81
16,0.75,98,1.37,False,False,2,100.04,1420.74
17,0.75,87,0.69,False,False,2,42.63,1377.17
18,0.75,83,0.99,False,False,2,60.78,1315.55
19,0.75,96,1.38,False,False,2,63.98,1250.61
20,0.75,90,1.46,False,False,2,86.69,1163.05
21,0.75,72,1.57,False,False,2,62.6,1099.46
1,1.12,69,1.89,False,False,2,96.93,0.01
2,1.12,73,1.94,False,False,2,47.34,2724.73
3,1.12,89,0.85,False,False,2,31.15,2692.78
4,1.12,74,0.92,False,False,2,138.73,2553.26
5,1.12,84,0.7,False,False,2,136.84,2415.59
6,1.12,83,0.83,False,False,2,42.36,2372.29
7,1.12,77,0.98,False,False,2,29.21,2342.18
8,1.12,86,0.76,False,False,2,79.13,2262.24
9,1.12,75,0.72,False,False,2,28.58,2232.72
10,1.12,78,1.3,False,False,2,30.53,2201.23
11,1.12,72,0.65,False,False,2,34.78,2165.72
12,1.12,69,1.9,False,False,2,57.68,2107.44
13,1.12,95,0.7,False,False,2,70.6,2034.87
14,1.12,85,0.81,False,False,2,145.24,1888.53
15,1.12,92,0.72,False,False,2,137.77,1749.64
16,1.12,97,1.56,False,False,2,90.02,1658.3
17,1.12,89,0.52,False,False,2,91.43,1566.13
18,1.12,81,1.03,False,False,2,59.14,1506.3
19,1.12,93,1.59,False,False,2,142.56,1363.07
20,1.12,92,1.72,False,False,2,129.82,1232.43
21,1.12,74,1.05,False,False,2,41.17,1190.36
22,1.12,77,1.53,False,False,2,124.52,1065.3
1,1.5,69,0.84,False,False,2,63.57,0.02
2,1.5,74,0.97,False,False,2,56.11,2273.78
3,1.5,91,1.06,False,False,2,26.86,2246.12
4,1.5,76,0.76,False,False,2,93.97,2151.36
5,1.5,87,1.56,False,False,2,67.0,2081.68
6,1.5,82,1.03,False,False,2,139.45,1940.52
7,1.5,77,0.73,False,False,2,117.02,1822.29
8,1.5,86,1.84,False,False,2,33.52,1788.11
9,1.5,77,0.83,False,False,2,21.59,1764.88
10,1.5,76,0.61,False,False,2,77.67,1686.52
12,1.5,71,1.58,False,False,2,52.96,1631.94
13,1.5,94,1.46,False,False,2,25.09,1605.43
14,1.5,84,0.87,False,False,2,111.67,1492.91
15,1.5,93,1.62,False,False,2,64.47,1427.52
16,1.5,96,0.69,False,False,2,80.7,1345.5
17,1.5,88,1.55,False,False,2,84.68,1259.22
18,1.5,83,0.7,False,False,2,54.12,1204.41
19,1.5,96,0.67,False,False,2,68.76,1134.58
20,1.5,91,1.71,False,False,2,34.47,1098.59
21,1.5,74,1.21,False,False,2,22.23,1075.06
22,1.5,76,0.53,False,False,2,39.43,1034.56
1,1.88,71,0.8,False,False,2,33.63,0.01
2,1.88,72,1.18,False,False,2,85.48,2758.93
3,1.88,92,0.95,False,False,2,118.79,2639.34
4,1.88,73,1.15,False,False,2,44.84,2592.55
5,1.88,85,1.73,False,False,2,77.31,2514.03
6,1.88,84,0.79,False,False,2,30.1,2481.97
7,1.88,77,1.05,False,False,2,139.09,2340.29
8,1.88,87,1.25,False,False,2,84.11,2255.3
9,1.88,76,1.27,False,False,2,28.0,2226.79
10,1.88,77,0.72,False,False,2,130.76,2095.31
11,1.88,72,0.84,False,False,2,75.36,2019.22
12,1.88,69,0.84,False,False,2,126.91,1883.95
13,1.88,93,1.34,False,False,2,77.81,1803.7
14,1.88,83,1.02,False,False,2,26.14,1773.66
15,1.88,92,1.68,False,False,2,121.56,1646.38
16,1.88,97,1.17,False,False,2,92.64,1552.45
17,1.88,89,0.84,False,False,2,46.06,1504.19
18,1.88,80,1.24,False,False,2,47.46,1454.0
19,1.88,98,0.67,False,False,2,32.24,1419.07
20,1.88,88,1.73,False,False,2,140.34,1275.95
21,1.88,73,1.2,False,False,2,130.65,1142.18
22,1.88,78,1.41,False,False,2,91.62,1044.52
1,2.25,68,0.96,False,False,2,41.71,0.01
2,2.25,70,0.8,False,False,2,52.37,2721.05
3,2.25,95,1.07,False,False,2,143.61,2576.73
4,2.25,76,1.56,False,False,2,52.2,2523.05
5,2.25,83,0.86,False,False,2,46.3,2476.01
6,2.25,85,1.94,False,False,2,116.63,2358.43
7,2.25,74,1.06,False,False,2,21.35,2336.2
8,2.25,86,1.21,False,False,2,87.14,2248.48
9,2.25,78,1.39,False,False,2,35.21,2212.59
10,2.25,75,0.65,False,False,2,96.56,2115.35
11,2.25,75,1.71,False,False,2,104.12,2010.44
12,2.25,72,0.83,False,False,2,57.26,1952.7
13,2.25,93,1.33,False,False,2,126.61,1825.53
14,2.25,86,1.42,False,False,2,148.83,1675.98
15,2.25,94,0.97,False,False,2,104.74,1570.5
16,2.25,96,1.24,False,False,2,42.79,1526.87
17,2.25,90,1.85,False,False,2,144.83,1380.97
18,2.25,81,1.16,False,False,2,62.01,1318.45
19,2.25,100,1.77,False,False,2,70.35,1247.82
20,2.25,88,0.53,False,False,2,53.38,1193.84
21,2.25,74,0.77,False,False,2,56.58,1136.53
22,2.25,75,0.61,False,False,2,49.26,1086.76
1,2.62,68,1.04,False,False,2,84.48,0.01
2,2.62,71,1.78,False,False,2,89.23,1914.8
3,2.62,92,1.99,False,False,2,115.04,1799.17
4,2.62,76,1.05,False,False,2,49.26,1749.62
5,2.62,86,1.63,False,False,2,142.48,1606.87
6,2.62,83,1.64,False,False,2,136.95,1469.25
7,2.62,75,0.99,False,False,2,141.46,1327.03
8,2.62,86,1.35,False,False,2,96.06,1230.46
9,2.62,76,0.52,False,False,2,106.07,1123.8
10,2.62,74,0.52,False,False,2,117.08,1005.87
11,2.62,72,1.54,False,False,2,130.72,874.53
12,2.62,73,1.82,False,False,2,60.87,813.07
13,2.62,93,1.45,False,False,2,95.09,717.31
14,2.62,87,1.53,False,False,2,143.57,573.3
15,2.62,91,0.91,False,False,2,132.85,439.85
16,2.62,99,1.25,False,False,2,144.52,293.19
17,2.62,87,0.55,False,False,2,98.96,193.54
18,2.62,82,1.59,False,False,2,67.74,125.36
19,2.62,97,0.97,False,False,2,72.36,52.53
20,2.62,88,1.54,False,False,2,52.06,0.01
21,2.62,76,1.58,False,False,2,129.11,1944.09
22,2.62,75,1.03,False,False,2,89.2,1854.54
1,3.0,67,1.54,False,False,2,31.21,822.13
2,3.0,70,0.63,False,False,2,97.24,723.92
3,3.0,95,1.48,False,False,2,68.02,655.09
4,3.0,76,1.46,False,False,2,61.03,593.08
5,3.0,89,1.47,False,False,2,127.35,464.79
6,3.0,84,1.0,False,False,2,85.16,378.69
7,3.0,77,1.35,False,False,2,81.15,296.22
8,3.0,89,0.85,False,False,2,23.62,271.52
9,3.0,73,0.99,False,False,2,22.74,248.08
10,3.0,74,0.69,False,False,2,54.67,192.08
11,3.0,70,0.62,False,False,2,24.6,166.52
12,3.0,71,0.79,False,False,2,58.68,106.94
14,3.0,88,1.41,False,False,2,104.61,0.01
15,3.0,94,1.1,False,False,2,120.81,1987.52
16,3.0,102,1.66,False,False,2,83.23,1903.65
17,3.0,86,1.55,False,False,2,110.7,1792.07
18,3.0,81,1.09,False,False,2,70.39,1721.03
19,3.0,96,1.75,False,False,2,89.68,1630.9
20,3.0,90,1.8,False,False,2,20.81,1609.33
21,3.0,77,1.82,False,False,2,114.8,1494.26
22,3.0,74,0.99,False,False,2,85.54,1407.11
1,3.38,64,1.4,False,False,2,58.93,347.25
2,3.38,68,1.81,False,False,2,32.17,313.11
3,3.38,97,0.93,False,False,2,33.56,277.13
5,3.38,92,0.69,False,False,2,29.33,246.17
6,3.38,87,0.61,False,False,2,112.67,132.79
7,3.38,78,1.35,False,False,2,131.94,0.01
8,3.38,86,1.85,False,False,2,78.91,2175.14
9,3.38,74,1.38,False,False,2,99.62,2074.64
10,3.38,71,1.54,False,False,2,141.17,1932.75
11,3.38,67,0.53,False,False,2,48.94,1880.75
12,3.38,71,1.31,False,False,2,46.21,1833.85
13,3.38,90,1.92,False,False,2,49.85,1783.32
14,3.38,87,1.0,False,False,2,106.85,1675.54
15,3.38,95,1.62,False,False,2,39.0,1635.88
16,3.38,103,0.87,False,False,2,31.7,1602.49
17,3.38,85,1.99,False,False,2,112.19,1487.76
18,3.38,79,1.14,False,False,2,72.81,1413.95
19,3.38,98,1.3,False,False,2,72.82,1340.41
20,3.38,87,2.0,False,False,2,75.99,1263.36
21,3.38,74,1.55,False,False,2,33.34,1229.35
22,3.38,74,0.9,False,False,2,82.49,1146.06
1,3.75,64,1.88,False,False,2,143.82,0.02
2,3.75,69,1.42,False,False,2,106.09,1921.87
3,3.75,96,1.61,False,False,2,110.31,1810.74
4,3.75,80,1.11,False,False,2,133.55,1675.04
5,3.75,93,0.55,False,False,2,102.34,1571.92
6,3.75,87,0.89,False,False,2,139.24,1431.88
7,3.75,78,1.02,False,False,2,125.32,1304.26
8,3.75,88,1.51,False,False,2,82.52,1220.99
9,3.75,74,1.67,False,False,2,70.84,1148.86
10,3.75,72,1.25,False,False,2,126.1,1021.54
11,3.75,69,1.84,False,False,2,82.39,938.41
12,3.75,70,1.12,False,False,2,96.97,840.74
13,3.75,92,1.84,False,False,2,133.96,705.79
14,3.75,89,0.65,False,False,2,101.39,603.72
15,3.75,95,1.24,False,False,2,67.22,535.87
16,3.75,102,0.86,False,False,2,72.58,462.72
17,3.75,86,1.1,False,False,2,106.95,353.32
18,3.75,81,0.7,False,False,2,128.43,224.08
19,3.75,101,1.69,False,False,2,42.72,179.87
20,3.75,84,0.62,False,False,2,80.98,97.66
21,3.75,74,1.13,False,False,2,96.36,0.01
22,3.75,77,1.89,False,False,2,71.69,1979.43
1,4.12,66,0.94,False,False,2,134.2,844.03
2,4.12,70,1.26,False,False,2,29.44,813.32
3,4.12,96,0.91,False,False,2,72.26,740.03
4,4.12,78,1.3,False,False,2,95.58,643.91
5,4.12,93,1.39,False,False,2,26.6,616.71
6,4.12,84,0.97,False,False,2,77.77,538.35
7,4.12,78,1.3,False,False,2,59.49,477.96
8,4.12,91,1.01,False,False,2,128.38,348.84
9,4.12,72,1.05,False,False,2,92.58,254.88
10,4.12,69,1.55,False,False,2,23.65,230.1
11,4.12,70,1.23,False,False,2,26.55,203.02
12,4.12,68,1.27,False,False,2,148.46,53.88
13,4.12,92,0.59,False,False,2,52.95,0.01
14,4.12,87,1.63,False,False,2,33.05,1978.15
15,4.12,97,0.54,False,False,2,143.69,1833.78
16,4.12,102,1.2,False,False,2,53.02,1779.52
17,4.12,85,1.14,False,False,2,84.06,1694.48
18,4.12,82,0.63,False,False,2,50.9,1643.04
19,4.12,103,0.57,False,False,2,135.5,1505.64
20,4.12,86,1.8,False,False,2,91.36,1413.37
21,4.12,73,1.42,False,False,2,85.27,1327.61
22,4.12,79,1.54,False,False,2,103.21,1223.2
1,4.5,65,1.55,False,False,2,25.58,194.89
2,4.5,70,1.26,False,False,2,35.16,157.35
3,4.5,97,1.24,False,False,2,20.27,134.31
4,4.5,76,0.88,False,False,2,133.61,0.01
5,4.5,93,0.64,False,False,2,37.63,2569.59
6,4.5,87,1.34,False,False,2,109.51,2459.01
7,4.5,78,1.32,False,False,2,22.96,2434.61
8,4.5,91,0.77,False,False,2,119.19,2314.39
9,4.5,69,1.54,False,False,2,107.82,2205.46
10,4.5,68,0.51,False,False,2,54.68,2149.95
11,4.5,68,1.0,False,False,2,115.45,2033.5
12,4.5,67,1.12,False,False,2,65.96,1966.75
13,4.5,94,1.19,False,False,2,47.95,1918.19
14,4.5,90,1.12,False,False,2,83.95,1833.93
15,4.5,95,0.7,False,False,2,86.27,1746.76
16,4.5,102,1.45,False,False,2,145.36,1600.49
17,4.5,88,1.71,False,False,2,104.86,1495.0
18,4.5,85,1.85,False,False,2,35.09,1459.06
19,4.5,100,1.92,False,False,2,57.66,1400.02
20,4.5,84,1.28,False,False,2,90.03,1309.32
21,4.5,71,0.7,False,False,2,93.12,1215.68
22,4.5,82,1.49,False,False,2,148.56,1066.09
1,4.88,63,1.78,False,False,2,64.22,0.01
2,4.88,67,0.59,False,False,2,87.25,2636.7
3,4.88,100,1.28,False,False,2,32.19,2602.68
4,4.88,78,1.09,False,False,2,148.39,2453.19
5,4.88,93,1.77,False,False,2,51.05,2401.54
6,4.88,84,1.28,False,False,2,101.41,2298.02
7,4.88,75,0.7,False,False,2,110.91,2185.87
8,4.88,89,1.96,False,False,2,123.4,2060.83
9,4.88,71,1.34,False,False,2,127.04,1931.28
10,4.88,71,1.04,False,False,2,141.21,1789.4
11,4.88,65,1.98,False,False,2,32.52,1756.12
12,4.88,67,1.62,False,False,2,35.31,1719.83
13,4.88,92,1.19,False,False,2,26.99,1692.13
14,4.88,90,1.23,False,False,2,58.81,1632.38
15,4.88,96,1.15,False,False,2,95.68,1536.23
16,4.88,102,1.25,False,False,2,97.88,1437.73
17,4.88,87,1.29,False,False,2,25.83,1410.75
18,4.88,85,0.84,False,False,2,74.52,1335.25
19,4.88,99,1.3,False,False,2,45.23,1289.35
20,4.88,81,0.54,False,False,2,144.35,1142.86
21,4.88,70,1.35,False,False,2,67.28,1074.8
22,4.88,85,1.76,False,False,2,38.25,1035.52
1,5.25,64,1.98,False,False,2,33.91,0.02
2,5.25,70,1.94,False,False,2,27.99,2599.23
3,5.25,100,1.35,False,False,2,51.29,2546.45
4,5.25,75,1.31,False,False,2,27.45,2518.18
6,5.25,81,1.35,False,False,2,34.85,2481.83
7,5.25,76,1.58,False,False,2,123.0,2358.12
8,5.25,88,1.17,False,False,2,74.3,2281.46
9,5.25,70,1.11,False,False,2,136.57,2144.15
10,5.25,71,1.78,False,False,2,127.89,2014.66
11,5.25,64,1.11,False,False,2,115.99,1898.12
12,5.25,66,1.7,False,False,2,89.74,1807.51
13,5.25,95,1.8,False,False,2,22.33,1784.11
14,5.25,89,0.97,False,False,2,129.16,1654.06
15,5.25,94,0.82,False,False,2,29.55,1624.05
16,5.25,101,1.09,False,False,2,34.33,1589.14
17,5.25,87,0.61,False,False,2,49.5,1538.62
18,5.25,86,1.95,False,False,2,26.16,1510.91
19,5.25,96,0.53,False,False,2,144.85,1365.01
20,5.25,81,0.93,False,False,2,142.2,1221.93
21,5.25,70,1.22,False,False,2,64.01,1157.2
22,5.25,83,1.36,False,False,2,24.5,1131.38
1,5.62,62,0.86,False,False,2,129.73,0.02
2,5.62,69,1.62,False,False,2,142.52,2768.42
3,5.62,98,0.94,False,False,2,46.99,2720.39
4,5.62,78,1.62,False,False,2,21.15,2698.16
5,5.62,90,1.06,False,False,2,41.3,2656.0
6,5.62,81,1.7,False,False,2,138.31,2515.39
7,5.62,78,1.47,False,False,2,81.18,2431.87
8,5.62,90,0.74,False,False,2,88.55,2342.32
9,5.62,73,1.3,False,False,2,40.21,2300.35
10,5.62,70,1.69,False,False,2,127.26,2172.19
12,5.62,65,1.59,False,False,2,56.95,2112.39
13,5.62,93,1.99,False,False,2,24.94,2086.64
14,5.62,87,1.23,False,False,2,146.86,1938.85
15,5.62,97,0.53,False,False,2,72.08,1865.22
16,5.62,100,0.61,False,False,2,94.97,1769.67
17,5.62,88,1.17,False,False,2,89.84,1678.78
18,5.62,83,1.83,False,False,2,95.03,1582.73
19,5.62,94,0.75,False,False,2,84.1,1496.66
20,5.62,82,0.6,False,False,2,115.1,1380.87
21,5.62,68,1.23,False,False,2,132.6,1247.01
22,5.62,81,1.81,False,False,2,101.53,1144.81
1,6.0,61,1.21,False,False,2,143.18,0.02
2,6.0,71,0.84,False,False,2,25.72,2437.75
3,6.0,100,0.66,False,False,2,43.11,2392.87
5,6.0,93,0.78,False,False,2,126.36,2265.18
6,6.0,84,1.07,False,False,2,48.14,2216.18
7,6.0,77,1.4,False,False,2,76.29,2138.84
8,6.0,89,1.25,False,False,2,36.07,2101.87
9,6.0,71,1.93,False,False,2,65.0,2036.15
10,6.0,69,1.77,False,False,2,74.61,1960.26
11,6.0,64,1.44,False,False,2,58.79,1900.88
12,6.0,66,1.2,False,False,2,28.33,1871.72
14,6.0,88,0.94,False,False,2,56.93,1813.27
15,6.0,96,0.52,False,False,2,23.99,1787.49
16,6.0,103,1.25,False,False,2,147.43,1639.35
17,6.0,90,1.28,False,False,2,127.95,1510.56
18,6.0,82,0.82,False,False,2,36.89,1472.76
19,6.0,96,0.54,False,False,2,86.89,1384.84
20,6.0,84,1.2,False,False,2,33.37,1349.92
21,6.0,66,1.32,False,False,2,85.97,1262.63
22,6.0,84,0.62,False,False,2,121.74,1139.47
1,6.38,63,1.01,False,False,2,138.64,0.01
2,6.38,72,0.76,False,False,2,61.13,2951.02
3,6.38,100,0.5,False,False,2,28.67,2921.26
4,6.38,77,1.28,False,False,2,117.86,2802.74
5,6.38,92,1.8,False,False,2,114.57,2686.57
6,6.38,87,1.79,False,False,2,26.84,2658.54
7,6.38,79,1.53,False,False,2,57.92,2600.04
8,6.38,87,1.16,False,False,2,90.35,2508.93
9,6.38,70,0.51,False,False,2,109.57,2397.69
10,6.38,69,1.31,False,False,2,103.28,2292.39
11,6.38,64,0.54,False,False,2,105.22,2186.59
12,6.38,65,0.98,False,False,2,27.14,2158.8
13,6.38,96,1.31,False,False,2,136.6,2020.28
14,6.38,86,0.7,False,False,2,66.22,1953.19
15,6.38,99,1.97,False,False,2,78.99,1873.44
16,6.38,102,0.57,False,False,2,112.24,1760.09
17,6.38,91,1.64,False,False,2,145.21,1613.74
18,6.38,84,1.2,False,False,2,125.38,1487.76
19,6.38,95,1.77,False,False,2,71.44,1413.85
20,6.38,84,1.9,False,False,2,134.34,1278.69
21,6.38,65,1.33,False,False,2,132.92,1144.54
22,6.38,81,0.88,False,False,2,33.21,1110.67
1,6.75,64,1.27,False,False,2,108.43,0.02
2,6.75,69,0.89,False,False,2,116.87,2862.85
3,6.75,97,1.5,False,False,2,80.63,2781.44
4,6.75,78,0.62,False,False,2,100.32,2680.02
5,6.75,92,0.81,False,False,2,85.21,2592.29
6,6.75,84,1.4,False,False,2,119.33,2472.23
7,6.75,82,1.32,False,False,2,66.79,2404.42
8,6.75,90,0.78,False,False,2,123.29,2280.27
9,6.75,67,0.61,False,False,2,136.73,2142.89
10,6.75,72,1.05,False,False,2,100.5,2040.7
11,6.75,63,1.83,False,False,2,85.61,1954.17
12,6.75,66,1.99,False,False,2,26.94,1925.43
13,6.75,97,1.97,False,False,2,65.72,1858.8
14,6.75,89,1.09,False,False,2,37.2,1821.01
15,6.75,98,1.94,False,False,2,136.93,1683.42
16,6.75,105,1.51,False,False,2,113.33,1569.54
17,6.75,89,1.6,False,False,2,116.24,1451.84
18,6.75,85,1.29,False,False,2,136.48,1313.64
19,6.75,96,1.39,False,False,2,36.22,1276.51
20,6.75,82,0.65,False,False,2,105.18,1170.73
21,6.75,66,1.17,False,False,2,75.75,1094.07
22,6.75,81,1.81,False,False,2,48.17,1045.05
1,7.12,61,1.5,False,False,2,43.81,0.01
2,7.12,71,0.6,False,False,2,61.25,2550.61
3,7.12,99,0.76,False,False,2,43.23,2506.0
4,7.12,76,1.83,False,False,2,39.88,2465.18
5,7.12,94,0.84,False,False,2,52.73,2411.45
6,7.12,81,1.18,False,False,2,32.38,2378.12
7,7.12,84,1.69,False,False,2,83.67,2293.63
8,7.12,91,0.9,False,False,2,34.49,2258.41
9,7.12,70,1.76,False,False,2,49.09,2208.49
10,7.12,72,0.88,False,False,2,141.45,2065.63
11,7.12,63,1.1,False,False,2,34.39,2029.5
12,7.12,63,1.87,False,False,2,118.04,1910.7
13,7.12,98,1.55,False,False,2,113.82,1796.1
14,7.12,88,1.76,False,False,2,60.98,1734.1
15,7.12,100,0.77,False,False,2,81.54,1651.38
16,7.12,106,1.46,False,False,2,59.65,1590.79
17,7.12,90,1.17,False,False,2,116.41,1473.58
18,7.12,83,1.51,False,False,2,109.7,1362.86
19,7.12,97,1.61,False,False,2,72.37,1289.86
20,7.12,80,1.46,False,False,2,25.76,1262.95
21,7.12,69,1.03,False,False,2,42.87,1219.18
22,7.12,81,1.4,False,False,2,79.07,1139.64
1,7.5,63,1.02,False,False,2,138.27,0.02
2,7.5,72,0.61,False,False,2,46.9,2693.26
3,7.5,98,0.99,False,False,2,113.87,2578.02
4,7.5,78,1.04,False,False,2,111.99,2465.18
5,7.5,93,1.47,False,False,2,34.03,2430.42
6,7.5,84,0.99,False,False,2,20.36,2409.18
7,7.5,83,0.5,False,False,2,70.02,2337.55
8,7.5,90,1.97,False,False,2,125.63,2210.97
9,7.5,68,0.97,False,False,2,63.86,2145.43
10,7.5,73,1.85,False,False,2,49.12,2095.38
11,7.5,65,1.35,False,False,2,26.74,2067.68
12,7.5,60,0.67,False,False,2,132.22,1934.74
13,7.5,100,0.8,False,False,2,75.4,1858.73
14,7.5,89,0.54,False,False,2,60.11,1797.7
15,7.5,102,1.45,False,False,2,43.51,1753.44
16,7.5,104,1.04,False,False,2,38.62,1711.32
17,7.5,89,1.89,False,False,2,67.9,1642.94
18,7.5,84,1.71,False,False,2,128.01,1514.03
19,7.5,96,1.98,False,False,2,118.93,1394.23
20,7.5,78,1.79,False,False,2,78.2,1315.05
21,7.5,71,1.94,False,False,2,32.91,1280.81
22,7.5,84,1.11,False,False,2,138.23,1141.99
1,7.88,66,1.54,False,False,2,140.54,0.01
2,7.88,75,1.84,False,False,2,143.38,2694.27
3,7.88,98,1.58,False,False,2,58.26,2634.97
4,7.88,81,1.58,False,False,2,64.89,2569.08
5,7.88,91,1.95,False,False,2,145.36,2423.0
6,7.88,85,1.29,False,False,2,77.03,2344.19
7,7.88,82,1.8,False,False,2,65.62,2277.74
8,7.88,92,1.58,False,False,2,49.98,2226.83
9,7.88,70,0.6,False,False,2,82.75,2142.66
10,7.88,70,0.64,False,False,2,51.09,2089.94
11,7.88,68,1.97,False,False,2,124.94,1963.73
12,7.88,60,0.84,False,False,2,96.43,1866.68
13,7.88,99,1.87,False,False,2,41.6,1824.6
14,7.88,86,0.76,False,False,2,23.75,1799.29
15,7.88,104,1.29,False,False,2,108.63,1688.91
16,7.88,103,0.82,False,False,2,147.75,1540.1
17,7.88,89,1.08,False,False,2,134.68,1403.66
18,7.88,83,1.66,False,False,2,61.97,1340.75
19,7.88,95,1.63,False,False,2,39.56,1300.05
20,7.88,78,0.94,False,False,2,132.8,1166.03
21,7.88,69,0.82,False,False,2,28.38,1137.13
1,8.25,64,1.7,False,False,2,135.57,0.01
2,8.25,75,1.09,False,False,2,74.28,2998.03
3,8.25,100,1.79,False,False,2,138.8,2858.35
4,8.25,80,1.04,False,False,2,38.4,2818.93
5,8.25,91,1.7,False,False,2,133.61,2684.09
6,8.25,85,1.56,False,False,2,83.82,2599.58
7,8.25,82,0.61,False,False,2,30.03,2568.67
8,8.25,89,0.91,False,False,2,105.94,2461.77
9,8.25,72,0.59,False,False,2,89.02,2371.15
10,8.25,70,1.62,False,False,2,96.7,2273.93
11,8.25,65,0.96,False,False,2,63.15,2209.37
12,8.25,63,0.62,False,False,2,67.44,2140.31
13,8.25,101,0.94,False,False,2,56.44,2083.05
14,8.25,86,1.51,False,False,2,115.59,1966.44
15,8.25,102,0.97,False,False,2,142.11,1823.42
16,8.25,102,0.98,False,False,2,139.74,1683.01
17,8.25,90,0.96,False,False,2,109.52,1572.72
18,8.25,85,1.62,False,False,2,36.33,1535.88
19,8.25,95,1.0,False,False,2,86.78,1448.17
20,8.25,76,1.04,False,False,2,84.02,1362.67
21,8.25,69,1.68,False,False,2,108.55,1253.07
22,8.25,84,0.96,False,False,2,131.95,1120.31
1,8.62,62,1.95,False,False,2,118.65,0.01
2,8.62,74,1.6,False,False,2,128.6,1871.96
3,8.62,101,0.75,False,False,2,108.2,1762.72
4,8.62,77,1.28,False,False,2,47.02,1713.65
5,8.62,92,1.64,False,False,2,105.46,1606.12
6,8.62,82,0.77,False,False,2,114.65,1490.51
7,8.62,82,1.25,False,False,2,39.28,1450.61
8,8.62,86,0.85,False,False,2,111.55,1337.78
9,8.62,72,0.8,False,False,2,133.26,1203.1
10,8.62,73,1.29,False,False,2,26.23,1175.75
11,8.62,66,0.61,False,False,2,92.85,1082.19
12,8.62,61,0.64,False,False,2,34.37,1047.02
13,8.62,100,1.3,False,False,2,140.36,905.91
14,8.62,87,1.58,False,False,2,138.54,766.25
15,8.62,104,0.68,False,False,2,60.25,705.18
16,8.62,105,1.63,False,False,2,94.83,609.44
17,8.62,89,1.16,False,False,2,87.92,520.45
18,8.62,82,0.97,False,False,2,131.34,387.9
19,8.62,94,1.32,False,False,2,62.59,324.17
20,8.62,77,1.72,False,False,2,136.01,186.38
21,8.62,71,0.77,False,False,2,126.53,58.54
22,8.62,81,1.76,False,False,2,57.75,0.01
1,9.0,61,1.86,False,False,2,83.28,920.83
2,9.0,76,1.37,False,False,2,51.89,868.15
3,9.0,100,0.64,False,False,2,36.5,829.53
4,9.0,76,1.14,False,False,2,24.53,804.09
5,9.0,92,1.42,False,False,2,42.07,761.35
6,9.0,79,0.59,False,False,2,39.33,721.19
7,9.0,82,1.61,False,False,2,46.62,673.51
8,9.0,84,1.92,False,False,2,89.54,583.06
9,9.0,72,1.11,False,False,2,105.82,475.78
10,9.0,74,1.7,False,False,2,113.7,360.26
11,9.0,68,0.72,False,False,2,143.99,214.33
12,9.0,63,1.77,False,False,2,96.5,116.55
13,9.0,99,1.75,False,False,2,20.02,95.92
14,9.0,90,1.25,False,False,2,93.49,0.02
15,9.0,106,0.79,False,False,2,107.83,1900.71
16,9.0,104,0.54,False,False,2,71.7,1828.03
17,9.0,90,0.83,False,False,2,88.8,1737.98
18,9.0,81,1.25,False,False,2,142.95,1593.79
19,9.0,92,0.72,False,False,2,136.53,1454.98
20,9.0,75,1.82,False,False,2,21.33,1432.81
21,9.0,69,1.73,False,False,2,92.69,1339.15
22,9.0,82,0.81,False,False,2,90.6,1247.28
1,9.38,62,1.34,False,False,2,117.88,127.57
2,9.38,75,0.87,False,False,2,88.6,38.07
3,9.38,102,1.09,False,False,2,37.05,0.01
4,9.38,78,1.08,False,False,2,137.36,2426.05
5,9.38,90,0.91,False,False,2,45.78,2378.66
6,9.38,78,1.43,False,False,2,21.89,2355.53
7,9.38,80,1.29,False,False,2,106.25,2248.31
8,9.38,81,1.83,False,False,2,90.5,2156.73
9,9.38,72,0.71,False,False,2,135.22,2020.39
10,9.38,71,1.09,False,False,2,148.77,1869.3
11,9.38,66,1.8,False,False,2,22.88,1844.68
12,9.38,60,1.72,False,False,2,59.29,1784.31
13,9.38,98,1.29,False,False,2,145.12,1637.94
14,9.38,90,1.3,False,False,2,33.9,1600.62
15,9.38,105,0.96,False,False,2,25.41,1572.78
16,9.38,103,1.37,False,False,2,55.74,1515.98
17,9.38,87,1.51,False,False,2,40.89,1472.21
18,9.38,82,1.53,False,False,2,96.28,1375.22
19,9.38,93,1.45,False,False,2,94.42,1279.88
20,9.38,75,0.98,False,False,2,84.34,1193.85
21,9.38,67,0.6,False,False,2,41.13,1151.91
22,9.38,81,0.64,False,False,2,21.62,1129.17
1,9.75,65,1.08,False,False,2,127.52,0.02
2,9.75,77,1.74,False,False,2,71.6,2716.33
3,9.75,105,0.69,False,False,2,88.97,2626.01
4,9.75,81,1.78,False,False,2,109.39,2515.06
5,9.75,91,0.87,False,False,2,107.2,2407.19
6,9.75,75,1.39,False,False,2,48.41,2357.56
7,9.75,77,0.59,False,False,2,56.08,2300.38
8,9.75,79,1.18,False,False,2,57.45,2242.17
9,9.75,69,1.63,False,False,2,72.7,2167.94
11,9.75,69,1.01,False,False,2,101.26,2062.15
12,9.75,63,0.9,False,False,2,95.13,1966.1
13,9.75,101,0.98,False,False,2,68.31,1896.58
14,9.75,88,0.82,False,False,2,112.19,1783.66
15,9.75,105,1.63,False,False,2,102.84,1679.87
16,9.75,101,0.62,False,False,2,112.88,1566.28
17,9.75,89,1.17,False,False,2,96.21,1469.46
18,9.75,85,1.35,False,False,2,124.63,1343.92
19,9.75,93,1.91,False,False,2,93.75,1246.82
20,9.75,72,1.1,False,False,2,118.97,1126.81
21,9.75,66,1.5,False,False,2,73.31,1052.47
22,9.75,84,1.74,False,False,2,28.58,1022.84
1,10.12,63,1.67,False,False,2,20.61,0.01
2,10.12,76,1.1,False,False,2,42.52,3040.36
3,10.12,105,0.92,False,False,2,82.89,2956.54
4,10.12,84,1.91,False,False,2,100.19,2854.91
5,10.12,93,1.73,False,False,2,87.92,2765.09
6,10.12,75,1.49,False,False,2,108.29,2656.03
7,10.12,75,0.73,False,False,2,142.4,2512.83
8,10.12,79,0.95,False,False,2,115.62,2395.81
9,10.12,67,0.82,False,False,2,76.36,2318.64
10,10.12,70,1.02,False,False,2,92.06,2225.82
11,10.12,70,1.07,False,False,2,52.07,2172.27
12,10.12,62,0.5,False,False,2,50.86,2120.76
13,10.12,100,0.88,False,False,2,109.84,2010.07
14,10.12,87,1.21,False,False,2,93.37,1914.37
15,10.12,105,1.98,False,False,2,114.22,1799.18
16,10.12,100,0.89,False,False,2,114.96,1682.12
17,10.12,86,0.89,False,False,2,49.8,1630.66
18,10.12,87,0.63,False,False,2,84.16,1545.56
19,10.12,90,1.05,False,False,2,121.56,1423.02
20,10.12,70,1.68,False,False,2,59.95,1362.52
21,10.12,69,1.01,False,False,2,125.28,1236.45
22,10.12,87,1.12,False,False,2,102.92,1130.84
1,10.5,65,0.64,False,False,2,128.85,0.01
2,10.5,76,1.32,False,False,2,43.62,3030.42
3,10.5,107,1.95,False,False,2,76.76,2952.31
4,10.5,86,0.79,False,False,2,88.4,2862.75
5,10.5,94,1.61,False,False,2,138.65,2723.21
6,10.5,73,1.7,False,False,2,77.61,2644.15
7,10.5,77,1.88,False,False,2,114.67,2528.61
8,10.5,76,1.34,False,False,2,143.59,2384.11
9,10.5,69,1.07,False,False,2,113.95,2269.15
10,10.5,69,1.71,False,False,2,60.87,2207.59
11,10.5,68,1.5,False,False,2,128.42,2078.03
12,10.5,60,1.99,False,False,2,77.43,1999.77
13,10.5,101,1.64,False,False,2,118.16,1880.53
14,10.5,86,1.9,False,False,2,140.47,1738.76
15,10.5,108,0.61,False,False,2,123.81,1614.14
16,10.5,100,1.4,False,False,2,29.45,1583.53
17,10.5,84,0.68,False,False,2,110.38,1471.73
18,10.5,90,0.92,False,False,2,63.66,1407.14
19,10.5,88,1.67,False,False,2,46.88,1358.38
20,10.5,68,0.99,False,False,2,34.95,1322.95
21,10.5,71,1.8,False,False,2,86.29,1236.11
22,10.5,90,1.65,False,False,2,128.08,1107.32
1,10.88,66,0.55,False,False,2,106.42,0.01
2,10.88,75,1.08,False,False,2,26.81,2732.22
3,10.88,109,1.0,False,False,2,84.24,2646.38
4,10.88,86,1.62,False,False,2,131.17,2514.29
5,10.88,94,1.16,False,False,2,142.71,2370.42
6,10.88,70,1.82,False,False,2,47.91,2320.31
7,10.88,78,0.65,False,False,2,122.8,2196.9
8,10.88,78,1.83,False,False,2,29.79,2165.5
9,10.88,66,0.86,False,False,2,91.5,2073.25
10,10.88,72,0.74,False,False,2,122.44,1950.06
11,10.88,65,1.47,False,False,2,110.4,1838.74
12,10.88,60,1.22,False,False,2,96.4,1741.83
13,10.88,100,0.97,False,False,2,28.41,1712.46
14,10.88,86,0.82,False,False,2,27.2,1684.47
16,10.88,103,0.59,False,False,2,24.46,1657.1
17,10.88,83,1.42,False,False,2,101.86,1554.4
18,10.88,89,1.27,False,False,2,116.28,1437.35
19,10.88,89,0.57,False,False,2,91.85,1344.75
20,10.88,71,1.88,False,False,2,36.25,1307.81
21,10.88,70,1.48,False,False,2,83.19,1223.62
22,10.88,91,0.85,False,False,2,142.25,1080.23
1,11.25,69,0.84,False,False,2,78.79,0.02
2,11.25,78,1.61,False,False,2,34.71,2749.19
3,11.25,111,1.32,False,False,2,75.91,2672.21
4,11.25,83,0.52,False,False,2,137.65,2533.15
5,11.25,92,1.97,False,False,2,103.8,2428.56
6,11.25,73,1.6,False,False,2,68.71,2358.98
7,11.25,81,0.86,False,False,2,62.69,2295.76
8,11.25,81,1.89,False,False,2,30.28,2264.52
9,11.25,67,1.88,False,False,2,91.53,2172.35
10,11.25,69,1.81,False,False,2,108.67,2062.6
11,11.25,66,0.86,False,False,2,67.34,1994.48
12,11.25,60,1.42,False,False,2,87.91,1905.87
13,11.25,102,1.25,False,False,2,128.78,1776.14
14,11.25,85,1.39,False,False,2,98.21,1677.04
15,11.25,108,1.33,False,False,2,58.01,1617.13
16,11.25,103,0.55,False,False,2,111.63,1504.46
17,11.25,81,1.96,False,False,2,59.93,1443.45
18,11.25,91,1.27,False,False,2,57.45,1385.11
19,11.25,90,1.59,False,False,2,75.11,1309.26
20,11.25,71,0.55,False,False,2,26.04,1282.52
21,11.25,68,0.76,False,False,2,130.29,1149.89
22,11.25,90,0.75,False,False,2,59.16,1089.36
1,11.62,71,1.72,False,False,2,88.2,0.01
2,11.62,78,1.66,False,False,2,49.31,2685.88
3,11.62,111,1.85,False,False,2,97.24,2588.0
4,11.62,82,1.49,False,False,2,102.31,2483.86
5,11.62,94,0.72,False,False,2,57.63,2425.0
6,11.62,76,1.2,False,False,2,82.27,2340.4
8,11.62,78,0.84,False,False,2,31.11,2307.46
9,11.62,67,0.94,False,False,2,141.46,2164.96
10,11.62,68,0.52,False,False,2,53.4,2110.85
11,11.62,68,1.56,False,False,2,40.86,2069.06
12,11.62,61,1.47,False,False,2,142.42,1925.74
13,11.62,100,1.1,False,False,2,48.29,1875.85
14,11.62,88,0.88,False,False,2,86.48,1788.46
15,11.62,109,1.1,False,False,2,22.6,1765.11
16,11.62,106,1.19,False,False,2,93.54,1670.66
17,11.62,79,1.05,False,False,2,132.94,1536.94
18,11.62,89,1.71,False,False,2,92.66,1442.14
19,11.62,93,1.65,False,False,2,49.73,1391.75
20,11.62,71,1.43,False,False,2,140.84,1250.1
21,11.62,70,1.94,False,False,2,54.26,1195.05
22,11.62,88,0.93,False,False,2,131.4,1062.16
1,12.0,74,1.3,False,False,2,59.97,0.02
2,12.0,81,1.15,False,False,2,34.85,2796.67
3,12.0,108,0.54,False,False,2,93.11,2702.71
4,12.0,85,1.72,False,False,2,126.41,2575.31
5,12.0,96,0.93,False,False,2,70.81,2503.26
6,12.0,78,1.05,False,False,2,31.34,2470.91
7,12.0,84,0.74,False,False,2,30.56,2438.54
8,12.0,77,1.65,False,False,2,122.19,2314.89
9,12.0,67,1.19,False,False,2,28.3,2285.79
10,12.0,71,1.3,False,False,2,119.92,2165.22
11,12.0,71,1.98,False,False,2,59.88,2104.59
12,12.0,64,1.5,False,False,2,88.8,2014.82
13,12.0,99,1.72,False,False,2,146.51,1867.3
14,12.0,91,1.0,False,False,2,104.41,1762.36
15,12.0,109,0.99,False,False,2,90.97,1670.71
16,12.0,109,0.54,False,False,2,81.79,1587.89
17,12.0,79,1.8,False,False,2,106.22,1480.81
18,12.0,86,1.87,False,False,2,146.18,1333.66
19,12.0,93,1.29,False,False,2,94.83,1237.7
20,12.0,74,1.53,False,False,2,32.51,1204.51
21,12.0,70,0.73,False,False,2,56.01,1147.71
22,12.0,90,2.0,False,False,2,110.92,1035.97
1,12.38,74,0.67,False,False,2,34.66,0.01
2,12.38,79,1.27,False,False,2,136.08,2811.91
3,12.38,107,0.91,False,False,2,127.53,2683.41
4,12.38,83,0.67,False,False,2,148.11,2533.56
5,12.38,93,1.1,False,False,2,47.56,2484.96
6,12.38,77,1.06,False,False,2,35.64,2447.74
7,12.38,84,1.42,False,False,2,82.67,2364.23
8,12.38,78,1.67,False,False,2,44.12,2319.55
9,12.38,64,0.92,False,False,2,78.78,2239.89
10,12.38,70,1.51,False,False,2,106.5,2132.5
11,12.38,72,1.65,False,False,2,135.08,1995.56
12,12.38,61,1.9,False,False,2,81.09,1912.99
13,12.38,98,1.15,False,False,2,22.96,1887.58
14,12.38,88,1.13,False,False,2,47.44,1839.18
15,12.38,109,1.4,False,False,2,114.47,1724.13
16,12.38,112,1.0,False,False,2,137.27,1586.22
17,12.38,77,1.57,False,False,2,131.82,1453.63
18,12.38,84,1.55,False,False,2,47.39,1405.56
19,12.38,96,0.54,False,False,2,136.48,1268.32
20,12.38,71,0.61,False,False,2,22.71,1244.62
21,12.38,68,0.53,False,False,2,31.6,1212.51
22,12.38,89,0.57,False,False,2,74.94,1136.77
1,12.75,73,1.51,False,False,2,135.36,0.02
2,12.75,76,1.68,False,False,2,112.7,2706.86
3,12.75,107,0.93,False,False,2,46.44,2659.84
4,12.75,83,0.81,False,False,2,69.3,2587.94
5,12.75,93,1.05,False,False,2,87.8,2499.5
6,12.75,75,1.19,False,False,2,80.01,2418.62
7,12.75,83,1.91,False,False,2,117.66,2299.92
8,12.75,81,0.93,False,False,2,62.63,2236.13
9,12.75,63,1.09,False,False,2,69.7,2165.03
10,12.75,70,1.73,False,False,2,143.73,2018.5
11,12.75,69,1.8,False,False,2,94.94,1922.49
12,12.75,60,1.68,False,False,2,119.98,1801.39
13,12.75,97,1.11,False,False,2,61.55,1738.99
14,12.75,85,1.53,False,False,2,96.18,1642.04
15,12.75,111,1.11,False,False,2,62.74,1577.86
16,12.75,115,1.11,False,False,2,40.79,1535.6
17,12.75,78,0.96,False,False,2,113.22,1420.66
18,12.75,83,1.85,False,False,2,68.47,1351.13
19,12.75,95,0.7,False,False,2,100.99,1249.4
20,12.75,74,0.96,False,False,2,27.61,1219.59
21,12.75,68,0.77,False,False,2,55.54,1163.08
22,12.75,92,1.33,False,False,2,85.17,1077.15
1,13.12,73,0.5,False,False,2,75.16,0.01
2,13.12,74,0.8,False,False,2,128.39,2687.02
3,13.12,110,1.01,False,False,2,57.92,2628.51
4,13.12,80,1.89,False,False,2,62.57,2565.08
5,13.12,90,0.87,False,False,2,46.69,2517.53
6,13.12,73,0.83,False,False,2,148.65,2368.19
7,13.12,80,0.65,False,False,2,56.31,2310.92
8,13.12,79,1.52,False,False,2,40.54,2269.26
9,13.12,60,1.59,False,False,2,95.05,2172.87
10,13.12,73,0.73,False,False,2,52.13,2119.07
11,13.12,67,1.18,False,False,2,64.47,2053.18
12,13.12,60,1.87,False,False,2,77.71,1974.8
13,13.12,98,1.41,False,False,2,113.24,1860.63
14,13.12,88,1.67,False,False,2,126.97,1732.65
15,13.12,110,0.51,False,False,2,125.71,1606.15
16,13.12,116,0.55,False,False,2,56.21,1548.99
17,13.12,80,1.44,False,False,2,64.03,1484.39
18,13.12,86,0.7,False,False,2,38.56,1444.54
19,13.12,92,0.53,False,False,2,77.86,1365.25
20,13.12,76,1.14,False,False,2,100.8,1263.46
21,13.12,71,0.86,False,False,2,93.04,1169.92
22,13.12,91,1.25,False,False,2,50.48,1118.74
1,13.5,73,1.71,False,False,2,117.23,0.02
2,13.5,72,0.55,False,False,2,95.13,1971.83
3,13.5,109,0.9,False,False,2,121.34,1848.49
4,13.5,80,1.69,False,False,2,112.66,1734.93
5,13.5,88,1.54,False,False,2,139.16,1595.12
6,13.5,76,1.3,False,False,2,128.41,1466.11
7,13.5,79,1.03,False,False,2,135.34,1329.85
8,13.5,80,1.77,False,False,2,22.06,1307.09
9,13.5,60,0.76,False,False,2,46.82,1259.86
10,13.5,70,1.97,False,False,2,123.45,1135.83
11,13.5,69,1.4,False,False,2,84.79,1050.22
12,13.5,62,1.46,False,False,2,65.4,984.07
13,13.5,101,1.73,False,False,2,108.26,875.08
14,13.5,87,0.79,False,False,2,115.3,759.09
15,13.5,113,1.61,False,False,2,58.3,700.19
16,13.5,113,1.27,False,False,2,149.12,550.26
17,13.5,78,1.29,False,False,2,92.39,456.83
18,13.5,85,1.23,False,False,2,86.55,369.38
19,13.5,89,1.83,False,False,2,131.16,236.92
20,13.5,77,0.74,False,False,2,23.33,212.95
21,13.5,71,1.17,False,False,2,82.38,129.68
22,13.5,91,1.61,False,False,2,128.44,0.02
1,13.88,72,1.36,False,False,2,53.56,985.78
2,13.88,71,1.5,False,False,2,24.66,960.15
3,13.88,107,1.05,False,False,2,66.79,892.5
4,13.88,81,1.23,False,False,2,132.19,759.61
5,13.88,86,1.97,False,False,2,53.75,704.75
6,13.88,77,0.6,False,False,2,26.37,677.86
7,13.88,78,1.74,False,False,2,127.3,549.7
8,13.88,82,1.72,False,False,2,112.65,436.38
9,13.88,61,1.4,False,False,2,62.98,372.62
10,13.88,70,0.85,False,False,2,88.2,283.23
11,13.88,68,1.57,False,False,2,140.8,141.76
12,13.88,60,1.25,False,False,2,140.75,0.02
13,13.88,98,1.18,False,False,2,142.74,1922.56
14,13.88,87,1.79,False,False,2,144.19,1777.76
15,13.88,113,1.24,False,False,2,42.75,1733.74
16,13.88,115,1.68,False,False,2,29.77,1702.96
17,13.88,80,0.8,False,False,2,27.16,1675.26
18,13.88,88,1.35,False,False,2,44.16,1630.12
19,13.88,90,1.04,False,False,2,62.62,1566.71
20,13.88,75,1.21,False,False,2,34.38,1531.23
21,13.88,74,1.83,False,False,2,109.17,1421.46
22,13.88,88,0.88,False,False,2,144.99,1275.47
1,14.25,74,0.62,False,False,2,128.74,145.33
2,14.25,74,1.34,False,False,2,144.17,0.01
3,14.25,106,1.98,False,False,2,35.09,2811.59
4,14.25,80,0.65,False,False,2,117.97,2693.04
5,14.25,89,1.48,False,False,2,61.99,2630.36
6,14.25,75,1.99,False,False,2,29.69,2599.89
7,14.25,81,0.53,False,False,2,125.06,2473.94
8,14.25,79,1.22,False,False,2,74.83,2397.79
9,14.25,61,1.03,False,False,2,143.73,2252.29
10,14.25,72,0.59,False,False,2,115.28,2136.04
11,14.25,71,1.53,False,False,2,27.04,2107.24
12,14.25,60,0.89,False,False,2,85.85,2020.48
13,14.25,100,1.15,False,False,2,70.37,1949.32
14,14.25,89,1.16,False,False,2,115.92,1832.86
15,14.25,111,1.3,False,False,2,138.98,1693.16
16,14.25,117,1.75,False,False,2,108.69,1583.56
17,14.25,82,1.45,False,False,2,128.83,1453.86
18,14.25,86,1.54,False,False,2,103.25,1349.82
19,14.25,93,1.83,False,False,2,32.08,1317.11
20,14.25,73,1.58,False,False,2,85.7,1230.49
21,14.25,72,1.96,False,False,2,59.89,1169.74
22,14.25,85,1.52,False,False,2,55.81,1113.06
1,14.62,73,1.96,False,False,2,111.8,0.01
2,14.62,72,1.78,False,False,2,29.95,2706.13
3,14.62,107,1.16,False,False,2,106.27,2599.14
4,14.62,77,1.18,False,False,2,103.67,2494.6
5,14.62,89,1.99,False,False,2,61.4,2432.3
6,14.62,75,1.9,False,False,2,96.71,2335.16
7,14.62,79,1.04,False,False,2,27.0,2307.3
8,14.62,81,1.43,False,False,2,44.02,2262.83
9,14.62,60,1.75,False,False,2,85.49,2176.58
10,14.62,70,1.56,False,False,2,98.49,2077.73
11,14.62,68,1.6,False,False,2,149.11,1928.09
12,14.62,60,1.67,False,False,2,119.72,1807.6
13,14.62,99,1.32,False,False,2,131.05,1676.0
14,14.62,87,0.98,False,False,2,71.15,1604.19
15,14.62,109,0.89,False,False,2,20.22,1581.43
16,14.62,115,1.49,False,False,2,104.31,1476.3
17,14.62,82,1.89,False,False,2,56.31,1417.87
18,14.62,83,1.4,False,False,2,104.98,1310.91
19,14.62,96,1.58,False,False,2,40.77,1268.29
20,14.62,74,1.85,False,False,2,100.29,1167.42
21,14.62,69,1.26,False,False,2,63.02,1103.88
22,14.62,83,0.52,False,False,2,58.3,1044.72
1,15.0,71,0.6,False,False,2,43.43,0.01
2,15.0,75,1.46,False,False,2,68.03,2860.43
3,15.0,108,1.48,False,False,2,81.18,2777.47
4,15.0,78,1.55,False,False,2,70.56,2703.44
5,15.0,87,0.82,False,False,2,66.45,2636.11
6,15.0,78,1.78,False,False,2,29.92,2605.47
7,15.0,77,1.09,False,False,2,102.93,2502.06
8,15.0,81,1.22,False,False,2,149.84,2351.37
9,15.0,61,1.25,False,False,2,112.79,2237.51
10,15.0,67,0.95,False,False,2,115.09,2121.74
11,15.0,67,1.41,False,False,2,58.62,2062.21
12,15.0,63,0.9,False,False,2,90.53,1970.79
13,15.0,96,0.77,False,False,2,81.98,1887.18
14,15.0,85,0.53,False,False,2,110.83,1775.96
15,15.0,110,1.17,False,False,2,85.23,1689.47
16,15.0,115,0.52,False,False,2,56.36,1632.38
17,15.0,80,0.83,False,False,2,29.71,1601.76
18,15.0,80,0.93,False,False,2,109.87,1490.85
19,15.0,95,1.84,False,False,2,67.82,1422.29
20,15.0,71,1.52,False,False,2,108.54,1312.87
21,15.0,67,1.7,False,False,2,103.22,1209.06
22,15.0,84,0.86,False,False,2,76.46,1131.65
1,15.38,73,1.2,False,False,2,130.17,0.01
2,15.38,77,0.72,False,False,2,121.52,2662.17
3,15.38,110,0.9,False,False,2,147.58,2513.73
4,15.38,79,1.63,False,False,2,101.2,2411.14
5,15.38,85,0.99,False,False,2,60.6,2349.67
6,15.38,81,0.55,False,False,2,73.3,2274.76
7,15.38,74,1.63,False,False,2,47.92,2226.06
8,15.38,80,1.93,False,False,2,62.5,2162.48
9,15.38,64,1.69,False,False,2,67.44,2092.29
10,15.38,66,0.73,False,False,2,85.28,2006.02
11,15.38,65,0.61,False,False,2,48.54,1956.45
12,15.38,62,1.66,False,False,2,33.61,1921.61
13,15.38,93,1.14,False,False,2,41.28,1879.52
14,15.38,85,0.83,False,False,2,73.86,1804.96
15,15.38,113,1.38,False,False,2,32.3,1771.64
16,15.38,117,1.9,False,False,2,131.04,1639.64
17,15.38,80,1.27,False,False,2,37.38,1601.3
18,15.38,83,1.83,False,False,2,146.55,1454.24
19,15.38,92,1.09,False,False,2,100.22,1353.08
20,15.38,71,1.48,False,False,2,96.02,1256.48
21,15.38,70,1.31,False,False,2,48.46,1206.85
22,15.38,85,1.45,False,False,2,85.66,1120.67
1,15.75,70,1.81,False,False,2,118.92,0.01
2,15.75,77,0.9,False,False,2,54.86,2683.92
3,15.75,113,1.11,False,False,2,60.02,2623.08
4,15.75,77,0.78,False,False,2,60.09,2561.29
5,15.75,88,1.3,False,False,2,69.6,2490.85
6,15.75,81,1.86,False,False,2,71.61,2418.36
7,15.75,71,1.55,False,False,2,95.55,2322.24
8,15.75,79,1.19,False,False,2,80.96,2240.62
9,15.75,61,1.12,False,False,2,83.85,2155.51
10,15.75,63,1.91,False,False,2,62.31,2092.47
11,15.75,62,1.93,False,False,2,28.32,2063.27
12,15.75,65,1.6,False,False,2,149.17,1912.49
13,15.75,92,0.8,False,False,2,44.53,1866.88
14,15.75,84,0.89,False,False,2,147.83,1718.33
15,15.75,114,0.77,False,False,2,123.56,1593.58
16,15.75,118,0.75,False,False,2,58.38,1533.81
17,15.75,78,1.33,False,False,2,48.37,1484.78
18,15.75,84,1.93,False,False,2,61.22,1422.87
19,15.75,95,1.87,False,False,2,94.14,1327.53
20,15.75,71,1.66,False,False,2,77.02,1250.01
21,15.75,70,1.65,False,False,2,114.87,1134.42
22,15.75,83,0.92,False,False,2,52.68,1081.38
1,16.12,69,1.42,False,False,2,80.04,0.01
2,16.12,80,0.99,False,False,2,117.91,1941.19
3,16.12,115,0.89,False,False,2,78.25,1862.45
4,16.12,76,1.24,False,False,2,144.26,1717.42
5,16.12,88,0.71,False,False,2,128.09,1588.75
6,16.12,78,0.95,False,False,2,112.99,1474.96
7,16.12,68,1.22,False,False,2,108.72,1364.03
8,16.12,79,1.42,False,False,2,94.32,1269.13
9,16.12,60,1.96,False,False,2,97.42,1170.78
10,16.12,63,1.06,False,False,2,102.61,1067.71
11,16.12,61,0.72,False,False,2,102.67,964.14
12,16.12,63,0.55,False,False,2,107.0,856.06
13,16.12,93,1.45,False,False,2,42.51,812.68
14,16.12,85,1.96,False,False,2,144.78,666.69
15,16.12,117,0.91,False,False,2,41.2,624.85
16,16.12,116,0.55,False,False,2,131.67,492.35
17,16.12,76,0.63,False,False,2,147.56,343.7
18,16.12,87,1.58,False,False,2,142.08,200.75
19,16.12,93,0.79,False,False,2,138.01,61.71
20,16.12,70,0.54,False,False,2,61.15,0.01
21,16.12,68,1.8,False,False,2,89.46,1939.4
22,16.12,84,1.55,False,False,2,41.42,1897.06
1,16.5,66,1.04,False,False,2,60.88,834.65
2,16.5,80,1.21,False,False,2,20.39,813.48
3,16.5,113,0.8,False,False,2,50.74,762.17
4,16.5,77,1.61,False,False,2,117.87,643.48
5,16.5,85,1.45,False,False,2,125.77,516.71
6,16.5,76,0.71,False,False,2,95.93,420.25
7,16.5,67,1.13,False,False,2,49.47,370.06
8,16.5,77,1.34,False,False,2,76.47,292.72
9,16.5,60,1.76,False,False,2,82.58,209.24
10,16.5,61,1.85,False,False,2,56.85,151.21
11,16.5,60,1.71,False,False,2,118.05,32.32
12,16.5,62,0.72,False,False,2,31.47,0.02
13,16.5,90,1.95,False,False,2,72.77,1975.34
14,16.5,87,1.45,False,False,2,89.43,1884.93
15,16.5,116,1.58,False,False,2,139.98,1744.33
16,16.5,117,1.38,False,False,2,147.56,1595.82
17,16.5,76,0.65,False,False,2,25.14,1569.24
18,16.5,86,0.59,False,False,2,72.57,1495.9
19,16.5,92,1.65,False,False,2,149.95,1344.86
20,16.5,68,0.8,False,False,2,70.83,1272.96
21,16.5,66,1.41,False,False,2,132.2,1140.22
22,16.5,86,1.92,False,False,2,59.78,1079.63
1,16.88,64,0.77,False,False,2,77.83,0.02
2,16.88,81,1.62,False,False,2,88.48,2794.18
3,16.88,115,1.09,False,False,2,145.99,2647.4
4,16.88,77,1.42,False,False,2,75.18,2571.63
5,16.88,88,1.67,False,False,2,122.62,2448.46
6,16.88,76,1.6,False,False,2,74.38,2372.84
7,16.88,65,0.76,False,False,2,88.1,2284.13
8,16.88,79,1.14,False,False,2,38.4,2244.66
9,16.88,62,0.59,False,False,2,86.05,2156.46
10,16.88,60,0.91,False,False,2,141.61,2013.77
11,16.88,60,1.11,False,False,2,46.6,1966.0
12,16.88,62,1.09,False,False,2,79.81,1883.86
13,16.88,92,1.85,False,False,2,143.44,1739.84
14,16.88,84,1.62,False,False,2,49.68,1688.92
15,16.88,114,0.62,False,False,2,135.25,1552.74
16,16.88,120,1.93,False,False,2,46.04,1504.1
17,16.88,75,2.0,False,False,2,59.37,1443.8
18,16.88,83,1.36,False,False,2,75.82,1365.57
19,16.88,92,1.97,False,False,2,47.76,1316.46
20,16.88,69,1.67,False,False,2,40.63,1274.54
21,16.88,66,1.22,False,False,2,84.82,1188.07
22,16.88,88,1.56,False,False,2,71.09,1115.52
1,17.25,64,1.9,False,False,2,112.82,0.02
2,17.25,82,1.33,False,False,2,66.73,2760.43
3,17.25,114,1.35,False,False,2,83.41,2674.02
4,17.25,75,1.1,False,False,2,116.27,2556.68
5,17.25,88,0.76,False,False,2,144.64,2411.28
6,17.25,77,1.99,False,False,2,34.21,2375.81
7,17.25,67,0.83,False,False,2,60.27,2314.83
8,17.25,80,1.54,False,False,2,133.4,2178.59
9,17.25,62,0.57,False,False,2,123.94,2053.8
10,17.25,62,1.95,False,False,2,20.84,2032.21
11,17.25,63,1.07,False,False,2,92.98,1936.81
12,17.25,65,1.52,False,False,2,104.25,1830.69
13,17.25,89,1.55,False,False,2,127.6,1702.13
14,17.25,84,1.19,False,False,2,74.25,1627.31
15,17.25,111,1.81,False,False,2,81.58,1544.72
16,17.25,121,0.76,False,False,2,112.98,1430.29
17,17.25,76,1.95,False,False,2,30.96,1398.21
18,17.25,86,1.7,False,False,2,74.41,1320.92
19,17.25,91,0.68,False,False,2,88.84,1230.93
20,17.25,70,1.02,False,False,2,54.86,1174.32
21,17.25,68,0.87,False,False,2,26.41,1146.24
22,17.25,86,0.8,False,False,2,51.52,1093.75
1,17.62,61,1.35,False,False,2,91.19,0.02
2,17.62,80,1.05,False,False,2,53.34,2565.0
3,17.62,114,1.25,False,False,2,25.53,2537.65
4,17.62,73,1.93,False,False,2,26.68,2510.35
5,17.62,85,0.94,False,False,2,60.99,2448.85
6,17.62,79,1.15,False,False,2,144.06,2303.72
7,17.62,65,1.72,False,False,2,48.1,2254.77
8,17.62,78,0.9,False,False,2,39.0,2215.05
10,17.62,62,1.2,False,False,2,94.67,2116.14
11,17.62,61,0.7,False,False,2,68.37,2046.46
12,17.62,63,1.95,False,False,2,124.51,1921.13
13,17.62,91,1.31,False,False,2,133.05,1787.14
14,17.62,84,1.65,False,False,2,38.34,1748.09
15,17.62,109,0.73,False,False,2,58.87,1688.47
16,17.62,123,1.7,False,False,2,104.83,1581.76
17,17.62,76,1.59,False,False,2,96.9,1482.95
18,17.62,88,1.67,False,False,2,48.81,1428.8
19,17.62,90,0.82,False,False,2,23.16,1402.24
20,17.62,68,0.51,False,False,2,74.79,1322.08
21,17.62,70,1.89,False,False,2,104.29,1207.22
22,17.62,88,1.19,False,False,2,70.3,1132.73
1,18.0,60,1.01,False,False,2,131.61,0.03
2,18.0,77,1.99,False,False,2,39.8,2685.38
3,18.0,115,1.72,False,False,2,102.47,2581.63
4,18.0,73,1.18,False,False,2,114.7,2464.77
5,18.0,82,1.9,False,False,2,90.35,2373.33
6,18.0,80,1.61,False,False,2,55.35,2315.99
7,18.0,67,1.57,False,False,2,65.68,2249.45
8,18.0,81,0.59,False,False,2,27.55,2220.86
9,18.0,60,1.26,False,False,2,51.67,2167.86
10,18.0,61,0.51,False,False,2,87.63,2079.07
11,18.0,63,1.11,False,False,2,55.07,2023.0
12,18.0,66,1.36,False,False,2,147.25,1873.95
13,18.0,92,1.8,False,False,2,84.36,1787.36
14,18.0,86,1.78,False,False,2,34.76,1751.1
15,18.0,111,1.0,False,False,2,57.85,1692.45
16,18.0,126,1.09,False,False,2,86.18,1605.17
17,18.0,78,1.09,False,False,2,76.44,1527.17
18,18.0,89,1.73,False,False,2,61.45,1464.8
19,18.0,88,1.02,False,False,2,149.85,1314.1
20,18.0,71,1.97,False,False,2,43.72,1269.27
21,18.0,70,1.89,False,False,2,116.32,1152.27
22,18.0,88,0.83,False,False,2,119.25,1032.29
1,18.38,62,0.81,False,False,2,30.26,0.01
2,18.38,75,0.69,False,False,2,32.2,2868.41
3,18.38,114,1.75,False,False,2,103.31,2763.71
4,18.38,72,1.21,False,False,2,113.44,2649.14
5,18.38,85,1.32,False,False,2,110.05,2538.51
6,18.38,79,1.2,False,False,2,64.77,2472.57
7,18.38,65,1.5,False,False,2,35.01,2436.74
8,18.38,78,1.52,False,False,2,85.56,2350.37
9,18.38,62,0.59,False,False,2,20.12,2329.12
10,18.38,60,1.39,False,False,2,135.09,2193.44
11,18.38,60,0.8,False,False,2,131.65,2060.94
12,18.38,65,1.94,False,False,2,93.92,1966.06
13,18.38,94,1.07,False,False,2,34.28,1931.13
14,18.38,83,1.81,False,False,2,78.17,1852.12
15,18.38,113,1.03,False,False,2,126.25,1725.0
16,18.38,129,1.85,False,False,2,123.1,1601.1
17,18.38,81,0.8,False,False,2,29.52,1570.85
18,18.38,88,0.77,False,False,2,39.79,1530.2
19,18.38,89,1.99,False,False,2,139.11,1390.16
20,18.38,72,1.35,False,False,2,110.93,1278.45
21,18.38,71,1.02,False,False,2,145.07,1132.83
22,18.38,90,1.36,False,False,2,35.8,1096.13
1,18.75,63,1.94,False,False,2,94.16,0.02
2,18.75,76,1.89,False,False,2,134.97,2814.62
3,18.75,117,0.89,False,False,2,147.42,2666.58
4,18.75,69,1.47,False,False,2,57.87,2608.12
5,18.75,88,1.59,False,False,2,24.64,2583.04
6,18.75,79,1.3,False,False,2,122.19,2460.53
7,18.75,68,1.93,False,False,2,27.18,2431.52
8,18.75,76,0.89,False,False,2,143.07,2287.14
9,18.75,62,0.72,False,False,2,54.35,2231.5
10,18.75,61,0.75,False,False,2,136.49,2093.23
11,18.75,60,1.87,False,False,2,149.65,1943.15
12,18.75,67,1.17,False,False,2,73.99,1868.6
13,18.75,96,1.87,False,False,2,131.35,1736.59
14,18.75,83,1.87,False,False,2,59.49,1676.42
15,18.75,110,0.81,False,False,2,51.82,1623.2
16,18.75,126,1.8,False,False,2,113.29,1508.88
17,18.75,80,0.8,False,False,2,41.41,1466.96
18,18.75,89,1.77,False,False,2,93.91,1371.56
19,18.75,89,1.59,False,False,2,62.78,1308.02
20,18.75,75,1.23,False,False,2,84.3,1223.34
21,18.75,72,0.95,False,False,2,33.54,1189.45
22,18.75,93,0.58,False,False,2,137.71,1051.1
1,19.12,61,0.87,False,False,2,49.49,0.03
2,19.12,78,0.84,False,False,2,82.61,2904.08
3,19.12,116,0.97,False,False,2,120.71,2782.26
4,19.12,69,0.84,False,False,2,91.73,2689.69
5,19.12,86,1.6,False,False,2,126.9,2562.32
6,19.12,81,1.07,False,False,2,26.15,2535.29
7,19.12,66,0.6,False,False,2,97.18,2437.54
8,19.12,76,1.98,False,False,2,53.07,2383.96
9,19.12,64,0.76,False,False,2,21.17,2361.32
10,19.12,64,0.83,False,False,2,105.56,2254.88
11,19.12,63,1.19,False,False,2,146.6,2107.67
12,19.12,69,1.67,False,False,2,131.38,1975.55
13,19.12,97,1.04,False,False,2,83.78,1891.23
14,19.12,84,1.45,False,False,2,22.8,1868.08
15,19.12,107,1.48,False,False,2,84.47,1782.87
16,19.12,123,1.98,False,False,2,123.71,1658.82
17,19.12,80,1.81,False,False,2,69.41,1588.53
18,19.12,87,1.89,False,False,2,56.29,1531.43
19,19.12,91,0.63,False,False,2,76.55,1454.43
20,19.12,73,1.32,False,False,2,70.15,1383.43
21,19.12,73,1.15,False,False,2,85.56,1297.41
22,19.12,95,1.94,False,False,2,147.18,1147.75
1,19.5,64,1.53,False,False,2,146.52,0.02
2,19.5,77,1.14,False,False,2,54.62,2953.73
3,19.5,113,1.06,False,False,2,146.29,2806.8
4,19.5,69,1.78,False,False,2,70.66,2735.23
5,19.5,85,1.94,False,False,2,113.03,2621.38
6,19.5,78,0.69,False,False,2,97.81,2522.73
7,19.5,64,1.45,False,False,2,139.55,2382.69
8,19.5,78,1.76,False,False,2,70.53,2311.63
9,19.5,61,1.77,False,False,2,87.58,2223.45
10,19.5,64,0.54,False,False,2,148.83,2073.96
11,19.5,66,0.79,False,False,2,97.01,1975.87
12,19.5,71,1.68,False,False,2,113.83,1861.28
13,19.5,94,0.55,False,False,2,136.01,1724.64
14,19.5,81,1.95,False,False,2,116.46,1607.29
15,19.5,105,1.96,False,False,2,98.5,1508.27
16,19.5,126,1.69,False,False,2,98.91,1408.77
17,19.5,80,1.39,False,False,2,22.69,1385.24
18,19.5,84,1.52,False,False,2,36.73,1347.72
19,19.5,89,1.82,False,False,2,22.46,1324.69
20,19.5,70,0.93,False,False,2,38.26,1285.86
21,19.5,70,1.55,False,False,2,85.56,1199.82
22,19.5,96,1.49,False,False,2,131.28,1067.86
1,19.88,64,1.57,False,False,2,66.87,0.01
2,19.88,80,1.82,False,False,2,22.45,2064.6
3,19.88,115,0.53,False,False,2,136.8,1926.95
4,19.88,71,1.25,False,False,2,97.65,1828.45
5,19.88,88,0.66,False,False,2,146.87,1680.94
6,19.88,77,1.68,False,False,2,25.75,1654.5
7,19.88,62,1.29,False,False,2,147.75,1506.44
8,19.88,77,1.86,False,False,2,120.3,1385.38
9,19.88,60,0.87,False,False,2,97.63,1287.18
10,19.88,63,0.64,False,False,2,105.25,1181.02
11,19.88,66,1.78,False,False,2,123.63,1056.91
12,19.88,70,1.52,False,False,2,134.23,922.05
13,19.88,95,1.56,False,False,2,135.91,784.89
14,19.88,78,1.47,False,False,2,118.01,665.12
15,19.88,108,1.4,False,False,2,131.42,532.99
16,19.88,123,0.93,False,False,2,28.44,504.01
17,19.88,77,1.25,False,False,2,70.07,433.47
18,19.88,82,0.65,False,False,2,128.7,304.34
19,19.88,87,0.58,False,False,2,128.99,174.71
20,19.88,67,1.27,False,False,2,80.34,93.15
21,19.88,71,1.04,False,False,2,90.26,0.02
22,19.88,95,1.49,False,False,2,133.62,1901.49
1,20.25,63,0.62,False,False,2,37.95,862.9
2,20.25,78,0.8,False,False,2,45.57,816.74
3,20.25,115,1.21,False,False,2,121.78,694.46
4,20.25,69,1.06,False,False,2,72.54,621.03
5,20.25,88,1.45,False,False,2,82.5,536.51
6,20.25,78,1.79,False,False,2,82.15,453.68
7,20.25,60,1.2,False,False,2,123.97,329.1
8,20.25,74,1.86,False,False,2,137.93,190.47
9,20.25,60,1.71,False,False,2,48.07,141.79
10,20.25,64,1.49,False,False,2,140.92,0.01
11,20.25,65,1.19,False,False,2,108.38,1917.68
12,20.25,73,0.87,False,False,2,59.23,1858.0
13,20.25,94,1.69,False,False,2,122.99,1734.21
14,20.25,75,1.48,False,False,2,61.03,1672.6
15,20.25,110,1.81,False,False,2,74.81,1597.12
16,20.25,123,1.54,False,False,2,75.79,1520.73
17,20.25,80,1.99,False,False,2,82.65,1437.22
18,20.25,80,1.62,False,False,2,47.23,1389.02
19,20.25,86,1.16,False,False,2,39.85,1347.67
20,20.25,67,1.06,False,False,2,57.4,1289.62
21,20.25,73,1.08,False,False,2,106.94,1182.03
22,20.25,97,1.56,False,False,2,125.16,1056.11
1,20.62,63,1.38,False,False,2,55.06,0.01
2,20.62,80,0.85,False,False,2,20.48,2732.1
3,20.62,117,0.54,False,False,2,105.27,2625.9
4,20.62,70,0.66,False,False,2,117.25,2508.13
5,20.62,91,0.86,False,False,2,36.89,2470.53
6,20.62,75,0.57,False,False,2,114.43,2355.39
7,20.62,63,1.52,False,False,2,49.98,2304.76
8,20.62,72,1.02,False,False,2,78.48,2225.56
9,20.62,60,1.16,False,False,2,47.65,2176.96
10,20.62,65,1.93,False,False,2,149.48,2026.52
11,20.62,63,1.79,False,False,2,141.29,1884.33
12,20.62,73,1.37,False,False,2,25.07,1858.3
13,20.62,91,1.75,False,False,2,112.2,1744.7
14,20.62,75,1.83,False,False,2,120.74,1623.28
15,20.62,112,1.43,False,False,2,127.05,1495.53
16,20.62,121,1.94,False,False,2,64.45,1429.87
18,20.62,80,1.68,False,False,2,85.12,1343.71
19,20.62,88,1.66,False,False,2,41.99,1301.27
20,20.62,64,1.24,False,False,2,121.48,1179.12
21,20.62,72,1.25,False,False,2,43.64,1134.44
22,20.62,94,1.39,False,False,2,89.01,1044.94
1,21.0,65,0.55,False,False,2,43.95,0.01
2,21.0,81,0.9,False,False,2,98.54,2839.41
3,21.0,119,1.8,False,False,2,129.4,2709.18
4,21.0,71,0.91,False,False,2,92.81,2615.57
5,21.0,91,1.29,False,False,2,117.71,2496.27
6,21.0,75,1.74,False,False,2,142.81,2352.19
7,21.0,60,0.97,False,False,2,25.32,2326.12
8,21.0,70,0.94,False,False,2,70.0,2254.59
9,21.0,62,0.53,False,False,2,23.77,2229.1
10,21.0,65,0.69,False,False,2,90.79,2137.65
11,21.0,66,1.69,False,False,2,140.85,1996.46
12,21.0,74,0.62,False,False,2,80.6,1915.35
13,21.0,92,1.7,False,False,2,46.27,1867.19
14,21.0,74,0.6,False,False,2,124.32,1742.18
15,21.0,110,1.17,False,False,2,38.11,1703.52
16,21.0,120,1.56,False,False,2,60.35,1641.9
17,21.0,84,1.23,False,False,2,48.43,1592.8
18,21.0,79,1.57,False,False,2,145.66,1445.72
19,21.0,88,1.74,False,False,2,44.67,1400.32
20,21.0,66,1.74,False,False,2,89.67,1310.26
21,21.0,72,1.33,False,False,2,121.43,1187.67
22,21.0,94,1.97,False,False,2,76.82,1110.13
1,21.38,67,0.99,False,False,2,108.98,0.02
2,21.38,81,0.83,False,False,2,25.1,2634.01
3,21.38,117,0.61,False,False,2,102.39,2530.94
4,21.38,70,1.71,False,False,2,77.94,2452.33
5,21.38,92,1.74,False,False,2,111.95,2339.78
6,21.38,72,1.03,False,False,2,72.56,2266.52
7,21.38,61,0.91,False,False,2,39.14,2226.44
8,21.38,70,1.56,False,False,2,24.96,2200.95
9,21.38,63,1.54,False,False,2,120.67,2079.37
10,21.38,67,0.85,False,False,2,54.38,2024.33
11,21.38,67,1.72,False,False,2,132.04,1891.27
12,21.38,76,1.83,False,False,2,89.53,1801.28
13,21.38,92,0.94,False,False,2,102.7,1697.69
14,21.38,75,1.91,False,False,2,57.53,1639.54
15,21.38,111,0.65,False,False,2,54.42,1584.56
16,21.38,122,0.76,False,False,2,33.48,1550.44
17,21.38,87,1.27,False,False,2,32.36,1517.35
18,21.38,76,1.4,False,False,2,90.3,1426.26
19,21.38,86,1.83,False,False,2,51.03,1374.69
20,21.38,67,0.61,False,False,2,130.03,1244.31
21,21.38,74,1.41,False,False,2,59.54,1184.08
22,21.38,93,1.33,False,False,2,40.18,1143.06
1,21.75,67,0.96,False,False,2,142.04,0.02
2,21.75,79,0.74,False,False,2,20.97,2859.51
3,21.75,116,0.65,False,False,2,106.75,2752.46
4,21.75,69,0.9,False,False,2,76.7,2675.37
5,21.75,93,1.69,False,False,2,27.23,2646.67
6,21.75,72,0.78,False,False,2,62.67,2583.65
7,21.75,60,1.05,False,False,2,64.42,2518.63
8,21.75,70,1.23,False,False,2,83.07,2435.26
9,21.75,63,0.51,False,False,2,54.27,2380.09
10,21.75,66,1.09,False,False,2,145.59,2233.45
11,21.75,69,1.99,False,False,2,73.94,2158.55
12,21.75,74,1.58,False,False,2,60.56,2097.48
14,21.75,73,0.73,False,False,2,122.98,1973.44
15,21.75,110,0.98,False,False,2,129.21,1843.42
16,21.75,120,1.57,False,False,2,128.79,1713.84
17,21.75,89,1.97,False,False,2,39.77,1671.73
18,21.75,73,1.05,False,False,2,96.01,1575.19
19,21.75,84,0.56,False,False,2,120.44,1454.14
20,21.75,65,1.91,False,False,2,107.66,1346.0
21,21.75,76,0.73,False,False,2,146.87,1198.48
22,21.75,92,1.31,False,False,2,68.55,1129.47
1,22.12,64,1.53,False,False,2,128.66,0.02
2,22.12,80,1.8,False,False,2,93.09,2909.0
3,22.12,113,1.3,False,False,2,63.39,2844.96
4,22.12,70,0.59,False,False,2,68.61,2775.76
5,22.12,96,1.65,False,False,2,63.17,2711.57
6,22.12,70,0.92,False,False,2,136.1,2574.41
7,22.12,60,0.59,False,False,2,119.36,2453.68
8,22.12,72,0.51,False,False,2,28.31,2424.68
9,22.12,64,1.12,False,False,2,134.52,2289.45
10,22.12,69,1.74,False,False,2,143.52,2145.38
11,22.12,66,1.33,False,False,2,36.75,2107.83
12,22.12,72,0.81,False,False,2,132.35,1974.93
13,22.12,93,0.55,False,False,2,85.27,1888.55
14,22.12,70,1.93,False,False,2,122.04,1764.94
15,22.12,112,1.24,False,False,2,61.87,1702.31
16,22.12,118,1.14,False,False,2,115.26,1586.39
17,22.12,88,1.76,False,False,2,137.34,1448.51
18,22.12,73,1.29,False,False,2,118.64,1328.54
20,22.12,66,1.0,False,False,2,95.63,1231.12
21,22.12,75,1.31,False,False,2,107.13,1123.0
22,22.12,92,1.36,False,False,2,30.98,1090.97
1,22.5,61,0.52,False,False,2,90.04,0.02
2,22.5,80,0.77,False,False,2,141.8,1931.86
3,22.5,111,1.58,False,False,2,84.72,1846.41
4,22.5,68,0.63,False,False,2,47.96,1797.86
5,22.5,98,1.18,False,False,2,107.78,1689.53
6,22.5,70,1.83,False,False,2,62.21,1626.53
7,22.5,60,0.82,False,False,2,117.93,1507.93
8,22.5,75,1.31,False,False,2,139.72,1367.53
9,22.5,63,0.98,False,False,2,85.61,1281.48
10,22.5,66,1.5,False,False,2,87.12,1193.48
11,22.5,65,1.18,False,False,2,115.2,1077.43
12,22.5,73,0.67,False,False,2,118.61,958.21
13,22.5,90,1.11,False,False,2,48.71,908.93
14,22.5,70,1.7,False,False,2,54.59,853.22
15,22.5,110,0.66,False,False,2,141.43,711.34
16,22.5,115,1.71,False,False,2,149.27,561.33
17,22.5,90,0.59,False,False,2,72.36,488.17
18,22.5,72,1.72,False,False,2,123.33,364.11
19,22.5,86,0.79,False,False,2,80.1,283.61
20,22.5,69,1.57,False,False,2,63.42,217.54
21,22.5,73,1.4,False,False,2,71.72,145.21
22,22.5,94,1.7,False,False,2,144.46,0.02
1,22.88,62,1.69,False,False,2,146.2,876.36
2,22.88,77,1.17,False,False,2,135.68,739.88
3,22.88,108,0.97,False,False,2,78.36,660.72
4,22.88,70,0.51,False,False,2,36.52,623.83
5,22.88,99,1.33,False,False,2,69.63,552.77
6,22.88,67,1.66,False,False,2,87.52,464.73
7,22.88,62,0.63,False,False,2,88.33,375.76
8,22.88,73,1.29,False,False,2,59.38,315.71
9,22.88,62,0.67,False,False,2,83.03,232.1
10,22.88,64,0.64,False,False,2,135.05,96.27
11,22.88,65,1.51,False,False,2,95.78,0.02
12,22.88,72,0.63,False,False,2,69.75,1945.45
13,22.88,89,1.64,False,False,2,64.96,1879.94
14,22.88,71,1.1,False,False,2,112.12,1767.03
15,22.88,110,1.5,False,False,2,53.8,1710.23
16,22.88,115,1.46,False,False,2,149.87,1559.78
18,22.88,71,1.08,False,False,2,99.48,1455.76
19,22.88,87,1.24,False,False,2,87.88,1367.19
20,22.88,68,1.35,False,False,2,30.15,1336.04
21,22.88,72,1.81,False,False,2,39.4,1296.11
22,22.88,94,1.32,False,False,2,65.44,1228.36
1,23.25,61,1.21,False,False,2,133.7,93.28
2,23.25,77,0.98,False,False,2,92.79,0.01
3,23.25,109,1.39,False,False,2,84.98,3010.9
4,23.25,70,1.36,False,False,2,119.72,2890.63
5,23.25,96,1.86,False,False,2,121.56,2768.48
6,23.25,70,0.9,False,False,2,78.18,2689.4
7,23.25,62,0.98,False,False,2,128.6,2560.1
8,23.25,74,1.94,False,False,2,133.53,2425.59
9,23.25,64,1.06,False,False,2,35.96,2388.98
10,23.25,66,1.72,False,False,2,46.54,2341.75
11,23.25,66,1.51,False,False,2,149.55,2191.34
12,23.25,69,1.49,False,False,2,73.75,2116.95
13,23.25,86,1.54,False,False,2,145.36,1970.71
14,23.25,70,1.31,False,False,2,23.93,1945.98
15,23.25,109,0.96,False,False,2,144.18,1801.04
16,23.25,115,1.89,False,False,2,135.8,1664.55
17,23.25,90,1.92,False,False,2,113.76,1549.82
18,23.25,74,0.68,False,False,2,37.15,1511.96
19,23.25,84,0.86,False,False,2,98.75,1412.16
20,23.25,65,0.74,False,False,2,120.77,1290.61
21,23.25,70,1.84,False,False,2,60.46,1229.11
22,23.25,93,0.84,False,False,2,86.71,1141.78
1,23.62,62,0.82,False,False,2,140.53,0.01
2,23.62,76,0.55,False,False,2,48.7,2709.75
3,23.62,109,0.63,False,False,2,56.39,2651.66
4,23.62,67,1.77,False,False,2,58.97,2592.04
5,23.62,99,1.46,False,False,2,46.62,2544.63
6,23.62,67,0.64,False,False,2,56.59,2487.23
7,23.62,63,1.88,False,False,2,42.83,2442.06
8,23.62,72,1.59,False,False,2,107.8,2332.39
9,23.62,67,0.87,False,False,2,139.4,2192.05
10,23.62,66,1.0,False,False,2,130.27,2060.77
11,23.62,65,1.91,False,False,2,98.67,1961.29
12,23.62,69,0.62,False,False,2,119.84,1840.64
13,23.62,87,0.74,False,False,2,21.25,1818.39
14,23.62,71,1.67,False,False,2,129.51,1687.85
15,23.62,112,1.38,False,False,2,41.87,1643.54
16,23.62,113,1.91,False,False,2,109.68,1532.87
17,23.62,89,1.11,False,False,2,103.57,1427.59
18,23.62,76,0.95,False,False,2,135.86,1291.24
20,23.62,65,1.32,False,False,2,76.51,1212.12
21,23.62,70,1.42,False,False,2,115.79,1095.13
22,23.62,94,0.71,False,False,2,68.49,1025.72
1,24.0,65,0.84,False,False,2,24.22,0.01
2,24.0,75,0.96,False,False,2,57.89,2842.56
3,24.0,109,0.65,False,False,2,111.37,2730.29
4,24.0,66,1.79,False,False,2,57.07,2672.63
5,24.0,99,1.18,False,False,2,132.87,2537.57
6,24.0,70,1.46,False,False,2,142.56,2394.37
7,24.0,60,0.64,False,False,2,138.06,2255.79
8,24.0,75,0.99,False,False,2,109.54,2145.25
9,24.0,66,0.96,False,False,2,54.09,2088.78
10,24.0,66,0.97,False,False,2,56.97,2030.8
11,24.0,68,0.51,False,False,2,21.14,2008.78
12,24.0,66,1.95,False,False,2,78.83,1929.0
13,24.0,89,0.73,False,False,2,105.44,1821.39
14,24.0,73,1.16,False,False,2,89.22,1731.03
15,24.0,111,1.11,False,False,2,40.1,1689.48
16,24.0,115,0.57,False,False,2,107.86,1580.0
17,24.0,88,1.37,False,False,2,102.89,1475.93
18,24.0,74,0.97,False,False,2,44.36,1430.3
19,24.0,87,1.65,False,False,2,88.59,1340.59
20,24.0,63,0.9,False,False,2,39.47,1300.0
21,24.0,69,1.99,False,False,2,70.05,1229.22
22,24.0,97,1.48,False,False,2,138.99,1089.29
1,24.38,66,1.06,False,False,2,88.24,0.02
2,24.38,73,1.36,False,False,2,24.8,2506.27
3,24.38,109,0.9,False,False,2,23.19,2482.42
4,24.38,63,1.26,False,False,2,21.94,2459.64
5,24.38,98,1.3,False,False,2,59.29,2399.59
6,24.38,71,0.71,False,False,2,21.0,2377.42
7,24.38,61,0.66,False,False,2,74.57,2302.03
8,24.38,73,1.55,False,False,2,58.54,2242.1
9,24.38,65,1.08,False,False,2,30.21,2211.01
10,24.38,67,1.4,False,False,2,104.62,2104.41
11,24.38,66,0.79,False,False,2,112.58,1990.99
12,24.38,64,1.1,False,False,2,37.82,1952.37
13,24.38,86,1.02,False,False,2,130.5,1821.06
14,24.38,74,1.56,False,False,2,58.05,1762.4
15,24.38,111,1.19,False,False,2,58.93,1702.57
16,24.38,118,1.66,False,False,2,109.25,1591.76
17,24.38,91,1.88,False,False,2,112.35,1478.7
18,24.38,77,0.55,False,False,2,23.76,1453.36
19,24.38,88,1.22,False,False,2,105.96,1346.1
20,24.38,63,1.12,False,False,2,127.07,1218.23
21,24.38,66,0.65,False,False,2,23.27,1194.25
22,24.38,96,0.88,False,False,2,76.39,1116.77
1,24.75,64,1.55,False,False,2,115.27,0.02
2,24.75,70,0.54,False,False,2,132.96,2729.57
3,24.75,107,1.18,False,False,2,33.96,2694.22
4,24.75,61,1.2,False,False,2,24.14,2668.0
5,24.75,99,1.26,False,False,2,68.36,2597.89
6,24.75,74,1.35,False,False,2,143.28,2453.76
7,24.75,60,1.31,False,False,2,102.96,2348.36
8,24.75,75,1.13,False,False,2,25.34,2321.99
9,24.75,63,0.59,False,False,2,103.25,2218.03
10,24.75,68,0.55,False,False,2,148.11,2069.09
11,24.75,68,0.68,False,False,2,28.26,2039.96
12,24.75,63,1.65,False,False,2,61.57,1975.73
13,24.75,84,0.67,False,False,2,132.97,1842.06
14,24.75,72,1.85,False,False,2,118.97,1721.34
15,24.75,111,0.81,False,False,2,114.39,1606.11
16,24.75,115,0.76,False,False,2,142.85,1462.26
17,24.75,90,0.85,False,False,2,88.37,1372.84
18,24.75,76,1.54,False,False,2,49.8,1322.24
19,24.75,88,1.21,False,False,2,65.81,1255.04
20,24.75,60,1.47,False,False,2,20.69,1232.91
21,24.75,65,1.27,False,False,2,128.84,1103.16
22,24.75,96,1.85,False,False,2,52.38,1049.96
1,25.12,65,0.59,False,False,2,49.03,0.02
2,25.12,72,0.71,False,False,2,117.7,2721.06
3,25.12,106,1.37,False,False,2,93.72,2626.68
4,25.12,60,1.58,False,False,2,26.51,2598.55
5,25.12,101,0.87,False,False,2,73.55,2523.56
6,25.12,72,0.51,False,False,2,25.36,2496.53
7,25.12,60,1.8,False,False,2,128.3,2367.18
8,25.12,75,1.37,False,False,2,66.07,2300.27
9,25.12,60,1.93,False,False,2,116.06,2181.87
10,25.12,70,1.47,False,False,2,86.62,2094.28
11,25.12,71,0.91,False,False,2,34.11,2059.16
12,25.12,64,1.37,False,False,2,117.41,1940.74
13,25.12,81,1.07,False,False,2,42.38,1897.59
14,25.12,70,0.76,False,False,2,69.27,1827.71
15,25.12,112,0.58,False,False,2,68.89,1758.03
16,25.12,115,0.88,False,False,2,144.56,1612.61
17,25.12,91,1.68,False,False,2,80.66,1531.36
18,25.12,78,1.66,False,False,2,95.58,1434.72
19,25.12,89,1.31,False,False,2,70.07,1363.63
20,25.12,60,1.63,False,False,2,82.55,1279.95
21,25.12,64,1.55,False,False,2,35.04,1244.26
22,25.12,99,0.66,False,False,2,124.76,1118.72
1,25.5,66,1.69,False,False,2,116.37,0.02
2,25.5,75,0.96,False,False,2,20.99,2774.52
3,25.5,104,0.62,False,False,2,106.63,2665.5
4,25.5,60,0.6,False,False,2,96.37,2567.32
5,25.5,100,1.91,False,False,2,122.71,2443.63
6,25.5,72,1.35,False,False,2,69.96,2372.59
7,25.5,60,1.77,False,False,2,37.74,2333.9
8,25.5,77,1.28,False,False,2,96.29,2236.85
9,25.5,63,1.95,False,False,2,20.7,2214.63
10,25.5,67,1.63,False,False,2,80.17,2134.03
11,25.5,68,0.6,False,False,2,52.99,2080.06
12,25.5,62,0.87,False,False,2,129.92,1949.1
13,25.5,80,1.79,False,False,2,72.64,1873.67
14,25.5,68,0.53,False,False,2,26.94,1845.96
15,25.5,114,0.69,False,False,2,147.64,1697.39
16,25.5,112,1.21,False,False,2,67.4,1627.65
17,25.5,92,1.07,False,False,2,74.51,1551.27
18,25.5,77,1.98,False,False,2,145.57,1404.75
19,25.5,86,0.67,False,False,2,119.96,1283.54
20,25.5,62,0.59,False,False,2,89.53,1192.56
21,25.5,66,1.87,False,False,2,51.43,1140.11
22,25.5,97,0.72,False,False,2,63.98,1074.08
1,25.88,67,1.76,False,False,2,71.66,0.01
2,25.88,75,1.72,False,False,2,140.98,2800.24
3,25.88,105,1.44,False,False,2,82.13,2715.87
4,25.88,61,1.35,False,False,2,129.91,2585.23
5,25.88,101,0.57,False,False,2,47.0,2537.52
6,25.88,71,1.85,False,False,2,143.32,2393.55
7,25.88,60,1.16,False,False,2,32.0,2360.99
8,25.88,79,1.47,False,False,2,32.82,2326.2
9,25.88,63,1.08,False,False,2,44.07,2281.18
10,25.88,66,0.84,False,False,2,48.68,2231.69
11,25.88,70,0.7,False,False,2,66.13,2164.36
12,25.88,65,1.66,False,False,2,99.79,2063.23
13,25.88,82,0.72,False,False,2,119.6,1942.97
14,25.88,66,0.72,False,False,2,42.32,1899.65
15,25.88,111,0.76,False,False,2,83.52,1815.2
16,25.88,110,1.66,False,False,2,135.48,1679.01
17,25.88,90,1.9,False,False,2,44.13,1632.69
18,25.88,78,1.6,False,False,2,109.56,1522.65
19,25.88,83,0.94,False,False,2,145.62,1375.95
20,25.88,60,1.1,False,False,2,126.95,1247.93
21,25.88,69,1.48,False,False,2,123.4,1123.69
22,25.88,98,0.72,False,False,2,66.49,1055.93
1,26.25,67,1.92,False,False,2,54.16,0.01
2,26.25,72,1.75,False,False,2,113.14,2714.52
3,26.25,105,1.12,False,False,2,116.01,2597.24
4,26.25,64,0.83,False,False,2,74.63,2519.49
5,26.25,102,1.21,False,False,2,84.87,2433.8
6,26.25,70,1.56,False,False,2,59.08,2372.98
7,26.25,62,1.54,False,False,2,120.66,2251.54
8,26.25,79,0.51,False,False,2,69.21,2181.58
9,26.25,64,1.03,False,False,2,105.9,2074.6
10,26.25,65,0.84,False,False,2,25.3,2048.51
11,26.25,71,1.85,False,False,2,51.76,1995.82
12,26.25,67,0.52,False,False,2,49.76,1945.1
13,26.25,79,0.89,False,False,2,106.04,1838.38
14,26.25,63,0.59,False,False,2,97.05,1740.2
15,26.25,114,0.7,False,False,2,101.78,1637.31
16,26.25,108,1.76,False,False,2,67.23,1569.11
17,26.25,91,1.1,False,False,2,119.88,1447.96
18,26.25,75,1.68,False,False,2,31.66,1415.31
19,26.25,85,1.85,False,False,2,64.31,1350.1
20,26.25,60,1.99,False,False,2,67.98,1281.19
21,26.25,68,1.82,False,False,2,65.11,1214.64
22,26.25,98,1.93,False,False,2,110.29,1103.41
1,26.62,70,1.26,False,False,2,101.19,0.02
2,26.62,75,1.77,False,False,2,97.82,2588.48
3,26.62,107,1.19,False,False,2,53.74,2533.74
4,26.62,64,1.36,False,False,2,27.09,2505.61
5,26.62,100,0.84,False,False,2,62.65,2442.43
6,26.62,70,1.42,False,False,2,111.34,2330.21
7,26.62,64,1.98,False,False,2,120.05,2209.48
8,26.62,77,1.01,False,False,2,56.6,2151.7
9,26.62,63,1.54,False,False,2,61.81,2088.67
10,26.62,66,1.8,False,False,2,137.77,1948.36
12,26.62,65,0.92,False,False,2,51.24,1894.62
13,26.62,79,0.76,False,False,2,114.6,1779.07
14,26.62,62,0.81,False,False,2,36.82,1741.5
15,26.62,116,0.7,False,False,2,138.26,1602.41
16,26.62,107,1.4,False,False,2,72.72,1528.81
17,26.62,94,1.04,False,False,2,77.09,1450.97
18,26.62,73,1.7,False,False,2,112.93,1336.69
19,26.62,86,1.54,False,False,2,149.53,1185.41
20,26.62,62,0.74,False,False,2,38.27,1146.19
21,26.62,71,1.4,False,False,2,65.11,1079.06
22,26.62,99,1.09,False,False,2,33.27,1044.34
1,27.0,71,1.6,False,False,2,42.91,0.01
2,27.0,73,0.53,False,False,2,47.16,2901.44
3,27.0,110,1.07,False,False,2,43.95,2856.77
4,27.0,64,1.98,False,False,2,97.03,2758.78
5,27.0,100,1.61,False,False,2,98.38,2659.53
6,27.0,71,0.86,False,False,2,144.47,2514.09
7,27.0,64,1.44,False,False,2,52.5,2458.11
8,27.0,78,0.76,False,False,2,94.15,2363.16
9,27.0,62,1.17,False,False,2,53.86,2308.57
10,27.0,64,1.04,False,False,2,24.44,2281.45
11,27.0,69,1.37,False,False,2,93.95,2186.88
12,27.0,65,1.22,False,False,2,105.77,2080.12
13,27.0,76,1.29,False,False,2,41.89,2037.49
14,27.0,62,1.7,False,False,2,103.63,1932.56
15,27.0,118,1.31,False,False,2,124.92,1806.52
16,27.0,104,1.29,False,False,2,149.31,1656.12
17,27.0,97,1.85,False,False,2,125.69,1529.07
18,27.0,75,1.76,False,False,2,51.61,1476.47
19,27.0,83,1.25,False,False,2,131.37,1344.24
20,27.0,63,1.26,False,False,2,20.85,1322.12
21,27.0,74,1.2,False,False,2,149.8,1171.61
22,27.0,97,1.62,False,False,2,133.77,1036.73
1,27.38,72,0.91,False,False,2,35.54,0.01
2,27.38,70,1.16,False,False,2,49.4,2570.97
3,27.38,110,1.71,False,False,2,144.6,2425.31
4,27.38,62,0.51,False,False,2,58.11,2366.3
5,27.38,97,0.63,False,False,2,54.61,2310.31
6,27.38,70,0.76,False,False,2,148.6,2158.86
7,27.38,65,1.21,False,False,2,34.9,2123.26
8,27.38,81,1.04,False,False,2,92.48,2029.94
9,27.38,64,1.94,False,False,2,120.86,1908.4
10,27.38,63,0.53,False,False,2,39.8,1867.84
11,27.38,66,1.76,False,False,2,142.02,1725.03
12,27.38,65,0.57,False,False,2,42.66,1681.75
13,27.38,74,1.06,False,False,2,84.14,1595.45
15,27.38,119,1.21,False,False,2,58.33,1536.12
16,27.38,106,0.68,False,False,2,86.09,1449.29
17,27.38,99,0.82,False,False,2,81.65,1365.92
18,27.38,76,1.35,False,False,2,29.43,1333.85
19,27.38,86,1.08,False,False,2,114.08,1219.1
20,27.38,65,1.83,False,False,2,20.95,1197.47
21,27.38,75,0.94,False,False,2,23.85,1172.67
22,27.38,94,0.6,False,False,2,141.83,1030.14
1,27.75,71,0.98,False,False,2,28.15,0.02
2,27.75,69,1.0,False,False,2,114.67,2722.52
3,27.75,113,1.4,False,False,2,21.91,2700.05
4,27.75,63,1.75,False,False,2,89.83,2609.09
5,27.75,99,1.33,False,False,2,119.72,2486.67
6,27.75,71,0.53,False,False,2,115.37,2369.53
7,27.75,67,1.09,False,False,2,108.92,2259.93
8,27.75,82,1.96,False,False,2,135.78,2123.27
9,27.75,67,1.97,False,False,2,97.19,2025.26
10,27.75,60,0.88,False,False,2,108.51,1916.03
11,27.75,63,1.91,False,False,2,76.02,1837.53
12,27.75,62,1.49,False,False,2,133.24,1703.32
13,27.75,75,1.88,False,False,2,29.57,1671.77
14,27.75,68,1.59,False,False,2,59.99,1609.78
15,27.75,119,1.06,False,False,2,55.57,1553.59
16,27.75,106,1.79,False,False,2,123.37,1429.11
17,27.75,98,0.8,False,False,2,40.9,1387.37
18,27.75,79,0.85,False,False,2,118.63,1268.18
19,27.75,88,0.91,False,False,2,53.11,1213.98
20,27.75,67,0.96,False,False,2,21.21,1191.34
21,27.75,78,1.0,False,False,2,83.71,1106.21
22,27.75,95,0.53,False,False,2,64.97,1038.8
1,28.12,68,1.13,False,False,2,37.16,0.02
2,28.12,71,1.34,False,False,2,144.83,1903.59
3,28.12,115,1.56,False,False,2,108.99,1793.87
4,28.12,65,1.88,False,False,2,131.51,1661.56
5,28.12,96,2.0,False,False,2,91.73,1568.9
6,28.12,71,0.78,False,False,2,131.13,1437.04
7,28.12,65,1.16,False,False,2,100.58,1335.6
8,28.12,84,1.17,False,False,2,73.48,1261.47
9,28.12,67,1.33,False,False,2,135.1,1125.67
10,28.12,61,0.9,False,False,2,100.22,1024.63
11,28.12,66,0.58,False,False,2,56.64,967.12
12,28.12,62,0.81,False,False,2,149.63,816.8
13,28.12,72,1.52,False,False,2,93.23,722.79
14,28.12,71,1.0,False,False,2,88.76,631.15
15,28.12,119,0.58,False,False,2,67.11,562.81
16,28.12,106,1.62,False,False,2,34.38,527.55
17,28.12,97,1.71,False,False,2,111.63,415.0
18,28.12,79,1.1,False,False,2,68.63,345.34
19,28.12,85,0.66,False,False,2,59.67,284.85
20,28.12,65,0.57,False,False,2,137.9,146.32
21,28.12,76,1.14,False,False,2,144.75,0.01
22,28.12,97,1.43,False,False,2,145.29,1974.33
1,28.5,65,0.83,False,False,2,135.94,837.08
2,28.5,70,1.6,False,False,2,38.55,797.69
3,28.5,113,1.11,False,False,2,125.11,671.56
4,28.5,66,1.28,False,False,2,87.1,583.7
5,28.5,96,1.65,False,False,2,144.66,438.12
6,28.5,68,1.26,False,False,2,86.0,351.44
7,28.5,63,0.57,False,False,2,115.06,233.65
8,28.5,87,0.63,False,False,2,90.8,141.96
9,28.5,66,0.6,False,False,2,141.15,0.02
10,28.5,60,0.67,False,False,2,102.33,2124.99
11,28.5,67,0.68,False,False,2,108.36,2015.42
12,28.5,60,1.35,False,False,2,86.17,1927.77
13,28.5,69,1.99,False,False,2,95.81,1829.05
14,28.5,68,0.56,False,False,2,70.8,1756.25
15,28.5,118,1.58,False,False,2,44.13,1711.22
16,28.5,104,1.55,False,False,2,73.45,1636.85
17,28.5,94,1.84,False,False,2,129.85,1506.27
18,28.5,76,0.79,False,False,2,60.65,1444.28
19,28.5,86,1.35,False,False,2,148.42,1295.2
20,28.5,62,1.64,False,False,2,53.56,1240.63
21,28.5,75,1.11,False,False,2,94.12,1145.75
22,28.5,94,0.68,False,False,2,92.68,1051.99
1,28.88,67,0.92,False,False,2,50.55,0.01
2,28.88,68,0.99,False,False,2,88.98,2498.99
3,28.88,113,1.22,False,False,2,73.78,2423.82
4,28.88,63,1.42,False,False,2,66.71,2355.82
5,28.88,97,1.88,False,False,2,34.09,2320.91
6,28.88,67,1.37,False,False,2,29.31,2291.07
7,28.88,66,1.11,False,False,2,59.04,2231.08
8,28.88,85,1.37,False,False,2,56.55,2173.69
9,28.88,68,1.05,False,False,2,70.83,2101.61
10,28.88,63,1.09,False,False,2,117.93,1982.84
11,28.88,69,1.04,False,False,2,112.44,1869.58
12,28.88,60,1.28,False,False,2,38.39,1828.47
13,28.88,70,0.73,False,False,2,112.6,1714.77
14,28.88,70,0.95,False,False,2,33.32,1680.57
15,28.88,119,0.91,False,False,2,35.15,1644.59
16,28.88,105,1.32,False,False,2,102.87,1541.01
17,28.88,91,1.82,False,False,2,81.48,1458.5
18,28.88,75,1.31,False,False,2,71.21,1386.5
19,28.88,87,1.75,False,False,2,44.91,1340.75
20,28.88,60,1.49,False,False,2,116.32,1222.64
21,28.88,74,0.79,False,False,2,121.63,1099.43
22,28.88,91,1.64,False,False,2,68.01,1030.21
1,29.25,69,0.87,False,False,2,29.11,0.01
2,29.25,68,0.72,False,False,2,99.21,2512.0
3,29.25,112,1.59,False,False,2,103.0,2408.4
4,29.25,62,1.46,False,False,2,33.03,2374.66
5,29.25,98,0.96,False,False,2,28.08,2345.87
6,29.25,68,1.31,False,False,2,23.86,2321.01
7,29.25,69,0.71,False,False,2,133.75,2186.17
8,29.25,83,1.63,False,False,2,29.95,2153.44
9,29.25,67,1.4,False,False,2,99.0,2052.69
10,29.25,63,1.53,False,False,2,75.85,1976.07
11,29.25,71,1.97,False,False,2,126.84,1848.31
12,29.25,60,1.9,False,False,2,67.36,1779.49
13,29.25,71,1.15,False,False,2,39.99,1737.31
14,29.25,70,1.69,False,False,2,75.91,1660.67
15,29.25,121,1.94,False,False,2,66.94,1591.82
16,29.25,108,1.53,False,False,2,80.98,1509.47
17,29.25,92,0.91,False,False,2,147.43,1360.22
18,29.25,76,1.69,False,False,2,67.85,1290.76
19,29.25,90,1.94,False,False,2,36.68,1253.01
20,29.25,60,0.81,False,False,2,102.29,1149.38
21,29.25,73,1.73,False,False,2,42.16,1105.5
22,29.25,93,1.92,False,False,2,67.91,1036.33
1,29.62,68,0.73,False,False,2,34.84,0.01
2,29.62,68,1.42,False,False,2,102.5,1987.59
3,29.62,109,0.51,False,False,2,86.46,1900.56
4,29.62,63,0.7,False,False,2,103.78,1796.07
5,29.62,97,1.72,False,False,2,130.67,1663.0
6,29.62,66,1.62,False,False,2,67.62,1594.33
7,29.62,71,0.86,False,False,2,127.74,1465.23
8,29.62,86,1.9,False,False,2,145.0,1317.38
9,29.62,67,0.68,False,False,2,79.47,1236.96
10,29.62,65,1.8,False,False,2,89.75,1145.22
11,29.62,69,1.79,False,False,2,139.12,1005.47
12,29.62,60,1.55,False,False,2,56.59,947.68
13,29.62,68,0.79,False,False,2,74.6,872.03
14,29.62,71,1.91,False,False,2,95.02,776.04
15,29.62,123,1.38,False,False,2,30.71,744.41
16,29.62,110,1.28,False,False,2,93.7,650.02
17,29.62,92,0.81,False,False,2,116.67,532.37
18,29.62,75,1.0,False,False,2,84.34,447.3
19,29.62,90,1.54,False,False,2,143.76,302.33
20,29.62,61,0.91,False,False,2,127.53,173.91
21,29.62,76,0.6,False,False,2,24.94,146.41
22,29.62,92,0.75,False,False,2,145.28,0.01
1,30.0,67,1.24,False,False,2,142.08,860.37
2,30.0,66,0.93,False,False,2,109.14,750.39
3,30.0,108,0.93,False,False,2,123.36,626.33
4,30.0,64,0.68,False,False,2,111.06,514.68
5,30.0,99,1.8,False,False,2,42.66,471.34
6,30.0,69,1.35,False,False,2,89.43,381.08
7,30.0,71,1.27,False,False,2,72.38,308.22
8,30.0,86,1.64,False,False,2,104.51,203.35
9,30.0,70,0.95,False,False,2,87.67,115.23
10,30.0,62,1.1,False,False,2,114.5,0.01
11,30.0,72,1.16,False,False,2,91.5,1973.24
12,30.0,60,0.78,False,False,2,49.43,1923.12
13,30.0,70,0.88,False,False,2,121.44,1801.02
14,30.0,68,1.68,False,False,2,35.11,1765.01
15,30.0,123,0.91,False,False,2,59.59,1704.66
16,30.0,107,1.86,False,False,2,77.62,1626.23
17,30.0,90,1.06,False,False,2,44.08,1581.3
18,30.0,78,1.49,False,False,2,118.2,1462.66
19,30.0,89,1.68,False,False,2,116.97,1345.13
20,30.0,63,1.59,False,False,2,92.19,1252.03
21,30.0,74,1.19,False,False,2,67.21,1184.14
22,30.0,90,1.39,False,False,2,85.82,1097.6
1,30.38,70,1.33,False,False,2,94.51,0.01
2,30.38,68,1.98,False,False,2,135.5,2662.74
3,30.38,105,1.69,False,False,2,124.13,2537.81
4,30.38,65,1.47,False,False,2,65.78,2471.29
5,30.38,99,0.79,False,False,2,52.68,2417.31
6,30.38,66,0.88,False,False,2,78.11,2336.8
7,30.38,73,0.58,False,False,2,62.24,2273.22
8,30.38,89,0.91,False,False,2,20.51,2251.08
9,30.38,70,0.66,False,False,2,66.08,2184.28
10,30.38,60,0.66,False,False,2,132.94,2049.97
11,30.38,70,1.57,False,False,2,86.81,1962.31
12,30.38,60,0.75,False,False,2,21.55,1939.43
13,30.38,69,1.23,False,False,2,83.25,1855.0
14,30.38,65,0.58,False,False,2,78.94,1775.59
15,30.38,120,1.71,False,False,2,115.33,1659.55
16,30.38,109,1.63,False,False,2,64.28,1594.12
17,30.38,90,1.29,False,False,2,115.0,1475.08
18,30.38,78,1.19,False,False,2,62.81,1411.19
19,30.38,90,1.58,False,False,2,85.66,1324.63
20,30.38,63,1.08,False,False,2,110.94,1212.93
21,30.38,74,1.69,False,False,2,42.53,1169.51
22,30.38,92,1.15,False,False,2,134.16,1034.68
1,30.75,71,1.29,False,False,2,33.67,0.01
2,30.75,66,1.17,False,False,2,104.99,2785.71
3,30.75,108,0.77,False,False,2,122.82,2662.08
4,30.75,62,1.44,False,False,2,137.4,2523.85
5,30.75,98,1.7,False,False,2,98.23,2424.51
6,30.75,64,1.23,False,False,2,46.85,2376.76
7,30.75,75,0.73,False,False,2,46.33,2329.28
8,30.75,91,0.51,False,False,2,43.18,2285.52
9,30.75,72,1.98,False,False,2,57.67,2227.04
10,30.75,60,1.6,False,False,2,50.89,2175.24
11,30.75,72,0.81,False,False,2,74.93,2098.93
12,30.75,62,0.52,False,False,2,113.19,1984.89
13,30.75,71,0.93,False,False,2,132.24,1851.99
14,30.75,68,1.23,False,False,2,70.94,1780.2
15,30.75,121,1.45,False,False,2,113.2,1665.82
16,30.75,108,1.2,False,False,2,85.34,1579.59
17,30.75,89,1.04,False,False,2,77.82,1500.63
18,30.75,76,1.41,False,False,2,31.56,1468.45
19,30.75,87,1.12,False,False,2,99.1,1368.89
20,30.75,66,1.03,False,False,2,115.22,1252.13
21,30.75,75,1.42,False,False,2,40.06,1211.38
22,30.75,91,1.67,False,False,2,110.55,1099.73
1,31.12,73,1.24,False,False,2,98.21,0.01
2,31.12,63,1.38,False,False,2,116.82,1970.05
3,31.12,109,1.09,False,False,2,134.24,1834.57
4,31.12,64,0.83,False,False,2,92.82,1740.64
5,31.12,99,1.82,False,False,2,28.87,1710.83
6,31.12,63,1.18,False,False,2,101.36,1608.43
7,31.12,72,1.98,False,False,2,126.29,1481.45
8,31.12,91,0.85,False,False,2,118.48,1362.29
9,31.12,73,0.91,False,False,2,64.61,1296.71
10,31.12,60,0.99,False,False,2,89.86,1205.97
11,31.12,71,0.68,False,False,2,100.09,1105.21
12,31.12,62,1.53,False,False,2,75.88,1027.3
13,31.12,72,1.58,False,False,2,62.79,963.94
14,31.12,68,0.54,False,False,2,143.82,819.3
15,31.12,123,0.74,False,False,2,69.43,748.17
16,31.12,106,0.5,False,False,2,141.06,605.19
17,31.12,88,0.72,False,False,2,52.8,551.1
18,31.12,73,0.87,False,False,2,100.04,450.46
19,31.12,87,0.53,False,False,2,84.21,365.25
20,31.12,65,1.86,False,False,2,144.15,220.06
21,31.12,74,1.98,False,False,2,115.26,104.06
22,31.12,91,0.7,False,False,2,103.05,0.01
1,31.5,75,1.68,False,False,2,131.25,918.49
2,31.5,65,1.16,False,False,2,140.06,777.78
3,31.5,112,1.79,False,False,2,132.81,644.2
4,31.5,64,0.64,False,False,2,119.17,524.29
5,31.5,98,1.11,False,False,2,51.44,471.54
6,31.5,65,0.5,False,False,2,94.73,375.44
7,31.5,73,1.61,False,False,2,33.28,341.34
8,31.5,94,0.56,False,False,2,77.59,261.68
9,31.5,75,1.92,False,False,2,129.95,131.11
10,31.5,60,1.98,False,False,2,73.12,56.51
11,31.5,71,0.88,False,False,2,55.53,0.02
12,31.5,64,1.75,False,False,2,124.12,1905.89
13,31.5,74,1.79,False,False,2,88.29,1815.54
14,31.5,70,1.28,False,False,2,46.32,1768.25
15,31.5,124,0.9,False,False,2,33.92,1733.49
16,31.5,109,0.55,False,False,2,49.87,1682.83
17,31.5,91,1.04,False,False,2,115.71,1566.02
18,31.5,76,1.34,False,False,2,148.51,1416.56
19,31.5,89,0.53,False,False,2,27.27,1388.49
20,31.5,63,1.35,False,False,2,86.7,1301.37
21,31.5,71,1.03,False,False,2,80.07,1220.56
22,31.5,92,1.31,False,False,2,108.19,1111.72
1,31.88,72,1.93,False,False,2,77.16,33.47
2,31.88,62,0.55,False,False,2,32.01,0.01
3,31.88,109,1.17,False,False,2,134.8,2760.99
4,31.88,67,0.93,False,False,2,108.31,2651.8
5,31.88,97,1.66,False,False,2,103.2,2547.98
6,31.88,64,1.39,False,False,2,31.94,2515.21
7,31.88,71,1.74,False,False,2,38.32,2476.38
8,31.88,95,0.54,False,False,2,68.38,2407.49
9,31.88,76,1.07,False,False,2,32.4,2374.27
10,31.88,60,1.0,False,False,2,142.37,2230.92
11,31.88,70,1.48,False,False,2,103.41,2126.67
12,31.88,66,0.55,False,False,2,59.49,2066.57
13,31.88,72,0.83,False,False,2,35.39,2029.41
14,31.88,70,0.81,False,False,2,100.11,1927.89
15,31.88,121,0.5,False,False,2,113.57,1813.31
16,31.88,109,1.91,False,False,2,145.51,1666.92
17,31.88,90,1.4,False,False,2,116.8,1548.76
18,31.88,78,1.98,False,False,2,127.1,1420.69
19,31.88,92,0.75,False,False,2,85.17,1334.87
20,31.88,64,0.63,False,False,2,34.24,1299.31
21,31.88,72,1.37,False,False,2,77.06,1221.4
22,31.88,90,0.93,False,False,2,81.57,1138.91
1,32.25,74,1.42,False,False,2,136.75,0.01
2,32.25,60,1.98,False,False,2,130.57,2809.07
3,32.25,107,1.37,False,False,2,80.97,2727.41
4,32.25,69,1.9,False,False,2,112.99,2613.13
5,32.25,94,1.48,False,False,2,146.89,2464.85
6,32.25,61,1.68,False,False,2,84.16,2379.67
7,32.25,73,1.36,False,False,2,52.53,2326.47
8,32.25,97,0.79,False,False,2,136.82,2188.78
9,32.25,78,1.35,False,False,2,59.28,2128.76
10,32.25,61,1.66,False,False,2,115.51,2011.97
11,32.25,72,0.93,False,False,2,95.82,1915.62
12,32.25,65,1.03,False,False,2,77.31,1837.44
13,32.25,75,1.63,False,False,2,32.43,1804.26
14,32.25,69,1.83,False,False,2,32.88,1769.89
15,32.25,124,1.85,False,False,2,77.7,1690.95
16,32.25,109,1.19,False,False,2,147.98,1541.33
17,32.25,91,1.38,False,False,2,102.44,1437.84
18,32.25,79,1.47,False,False,2,41.06,1394.79
19,32.25,93,1.05,False,False,2,88.71,1305.32
20,32.25,61,0.94,False,False,2,54.49,1250.14
21,32.25,75,0.94,False,False,2,142.79,1106.67
22,32.25,91,1.69,False,False,2,26.4,1079.73
1,32.62,76,0.51,False,False,2,77.8,0.03
2,32.62,63,0.87,False,False,2,136.34,2660.71
3,32.62,106,1.4,False,False,2,102.82,2556.65
4,32.62,69,1.63,False,False,2,97.51,2458.06
5,32.62,91,0.77,False,False,2,148.12,2308.62
6,32.62,60,1.34,False,False,2,50.77,2256.83
7,32.62,75,1.89,False,False,2,79.54,2176.15
8,32.62,98,0.87,False,False,2,63.17,2112.06
9,32.62,81,1.05,False,False,2,32.81,2078.53
10,32.62,63,1.46,False,False,2,45.29,2032.37
11,32.62,69,0.79,False,False,2,149.97,1881.49
12,32.62,64,0.91,False,False,2,45.27,1835.38
13,32.62,78,1.9,False,False,2,44.72,1789.59
14,32.62,67,1.4,False,False,2,29.22,1759.6
15,32.62,123,0.79,False,False,2,149.71,1609.03
16,32.62,112,1.54,False,False,2,30.48,1577.44
17,32.62,91,1.65,False,False,2,81.41,1495.16
18,32.62,78,1.28,False,False,2,137.96,1356.5
19,32.62,94,1.92,False,False,2,93.25,1262.23
20,32.62,60,0.92,False,False,2,42.49,1219.05
21,32.62,78,0.72,False,False,2,21.91,1196.17
22,32.62,92,0.76,False,False,2,121.98,1073.25
1,33.0,79,1.68,False,False,2,71.96,0.02
2,33.0,63,0.68,False,False,2,119.63,2730.03
3,33.0,104,0.77,False,False,2,149.01,2580.46
4,33.0,71,1.65,False,False,2,130.33,2449.24
5,33.0,94,1.73,False,False,2,29.32,2419.22
6,33.0,60,1.94,False,False,2,34.67,2383.74
7,33.0,73,1.55,False,False,2,116.48,2266.19
8,33.0,99,1.53,False,False,2,86.43,2179.1
9,33.0,83,0.58,False,False,2,48.48,2130.09
10,33.0,64,1.01,False,False,2,90.49,2038.88
11,33.0,72,1.65,False,False,2,98.01,1940.0
12,33.0,65,1.27,False,False,2,140.93,1798.52
13,33.0,81,1.35,False,False,2,100.38,1697.29
14,33.0,68,0.5,False,False,2,36.39,1659.81
15,33.0,122,1.83,False,False,2,41.84,1617.08
16,33.0,112,1.76,False,False,2,89.97,1526.23
17,33.0,88,0.91,False,False,2,137.76,1387.53
18,33.0,76,0.95,False,False,2,59.09,1327.44
19,33.0,96,0.72,False,False,2,22.93,1303.69
20,33.0,61,1.01,False,False,2,139.83,1163.14
22,33.0,95,1.07,False,False,2,35.51,1125.15
1,33.38,78,1.43,False,False,2,123.76,0.01
2,33.38,65,0.81,False,False,2,35.65,2741.88
3,33.38,104,0.67,False,False,2,87.68,2652.91
4,33.38,71,1.36,False,False,2,117.25,2534.03
5,33.38,91,1.61,False,False,2,100.71,2432.44
6,33.38,62,0.62,False,False,2,95.09,2336.19
7,33.38,70,0.65,False,False,2,142.64,2192.99
8,33.38,96,0.85,False,False,2,89.62,2102.39
9,33.38,84,0.6,False,False,2,31.78,2069.87
10,33.38,63,1.48,False,False,2,81.15,1988.16
11,33.38,69,1.95,False,False,2,50.76,1935.16
12,33.38,64,1.45,False,False,2,77.16,1857.13
13,33.38,83,1.12,False,False,2,31.32,1825.08
14,33.38,66,1.28,False,False,2,121.0,1701.88
15,33.38,122,1.82,False,False,2,101.84,1598.89
16,33.38,112,1.38,False,False,2,56.83,1541.22
17,33.38,88,1.2,False,False,2,123.6,1416.63
18,33.38,75,0.51,False,False,2,23.0,1392.93
19,33.38,98,0.69,False,False,2,110.44,1279.72
20,33.38,60,0.72,False,False,2,83.5,1194.54
21,33.38,78,0.51,False,False,2,103.64,1088.47
22,33.38,93,1.94,False,False,2,63.79,1023.15
1,33.75,81,1.91,False,False,2,21.66,0.02
2,33.75,62,1.97,False,False,2,32.86,2716.82
3,33.75,101,1.93,False,False,2,127.75,2587.67
4,33.75,73,1.51,False,False,2,111.37,2475.66
5,33.75,92,1.5,False,False,2,29.74,2444.52
6,33.75,64,0.99,False,False,2,90.12,2351.86
7,33.75,71,1.69,False,False,2,67.3,2283.8
8,33.75,99,1.46,False,False,2,33.26,2249.67
9,33.75,81,1.62,False,False,2,96.34,2152.77
10,33.75,62,1.58,False,False,2,134.61,2017.49
11,33.75,69,1.14,False,False,2,77.27,1939.23
12,33.75,62,0.81,False,False,2,37.03,1901.22
13,33.75,85,1.59,False,False,2,60.31,1838.67
14,33.75,63,0.81,False,False,2,120.07,1717.93
15,33.75,125,1.95,False,False,2,42.6,1674.49
16,33.75,113,0.92,False,False,2,69.33,1604.38
17,33.75,90,0.82,False,False,2,85.06,1518.58
18,33.75,72,1.06,False,False,2,140.03,1377.34
19,33.75,98,1.13,False,False,2,67.94,1308.32
20,33.75,60,1.75,False,False,2,49.05,1258.58
21,33.75,81,1.55,False,False,2,29.02,1228.89
22,33.75,95,1.22,False,False,2,91.37,1136.87
1,34.12,83,1.34,False,False,2,135.68,0.02
2,34.12,60,1.96,False,False,2,121.08,1909.93
3,34.12,102,1.3,False,False,2,80.68,1828.5
4,34.12,70,0.76,False,False,2,100.68,1727.01
5,34.12,89,1.28,False,False,2,20.65,1704.5
6,34.12,67,1.87,False,False,2,146.87,1556.69
7,34.12,74,1.5,False,False,2,91.92,1463.54
8,34.12,102,0.51,False,False,2,141.97,1320.71
9,34.12,82,0.9,False,False,2,105.75,1212.93
10,34.12,62,1.9,False,False,2,70.59,1141.81
11,34.12,66,1.91,False,False,2,109.73,1030.15
12,34.12,60,1.06,False,False,2,30.2,998.1
13,34.12,86,1.88,False,False,2,31.11,964.5
14,34.12,66,1.57,False,False,2,144.7,819.35
15,34.12,122,0.63,False,False,2,112.26,706.45
16,34.12,112,1.45,False,False,2,121.29,584.33
17,34.12,87,1.3,False,False,2,119.95,463.43
18,34.12,70,1.01,False,False,2,38.55,423.42
19,34.12,100,1.24,False,False,2,133.37,289.36
20,34.12,62,1.87,False,False,2,139.25,149.16
21,34.12,80,1.48,False,False,2,147.49,0.02
22,34.12,93,1.74,False,False,2,128.12,1922.62
1,34.5,83,0.62,False,False,2,80.75,839.63
2,34.5,60,0.58,False,False,2,65.67,773.18
3,34.5,99,0.88,False,False,2,110.97,661.19
4,34.5,68,0.58,False,False,2,131.61,528.75
5,34.5,86,1.28,False,False,2,52.33,475.46
6,34.5,64,0.88,False,False,2,24.14,449.65
7,34.5,76,1.29,False,False,2,67.24,379.93
8,34.5,102,0.61,False,False,2,140.12,238.34
9,34.5,85,1.9,False,False,2,148.16,89.06
10,34.5,62,1.42,False,False,2,87.24,0.01
11,34.5,65,1.95,False,False,2,48.57,2125.2
12,34.5,60,0.68,False,False,2,55.73,2068.52
13,34.5,86,1.81,False,False,2,145.91,1921.12
14,34.5,67,0.59,False,False,2,70.4,1848.88
15,34.5,122,0.53,False,False,2,118.94,1728.52
16,34.5,115,0.71,False,False,2,75.79,1650.44
17,34.5,87,1.04,False,False,2,138.71,1510.97
18,34.5,67,1.31,False,False,2,40.95,1469.32
19,34.5,102,1.48,False,False,2,149.05,1319.26
20,34.5,60,1.6,False,False,2,35.32,1282.94
21,34.5,83,0.79,False,False,2,109.88,1171.92
22,34.5,93,1.91,False,False,2,82.36,1088.27
1,34.88,81,0.57,False,False,2,85.21,0.02
2,34.88,60,1.53,False,False,2,95.1,1904.54
3,34.88,100,0.55,False,False,2,114.93,1787.05
4,34.88,68,1.27,False,False,2,144.38,1641.53
5,34.88,87,1.55,False,False,2,138.91,1501.91
6,34.88,65,1.94,False,False,2,85.58,1415.28
7,34.88,77,0.52,False,False,2,44.64,1370.25
8,34.88,99,1.06,False,False,2,131.19,1237.49
9,34.88,85,1.3,False,False,2,112.02,1124.48
10,34.88,64,1.23,False,False,2,115.42,1006.89
11,34.88,66,1.25,False,False,2,49.43,956.7
12,34.88,60,1.25,False,False,2,103.86,852.01
13,34.88,84,1.2,False,False,2,26.34,823.22
14,34.88,64,1.49,False,False,2,145.61,676.88
15,34.88,124,0.85,False,False,2,52.73,622.74
16,34.88,115,0.66,False,False,2,56.07,565.75
17,34.88,85,0.57,False,False,2,94.74,469.69
18,34.88,64,0.55,False,False,2,130.41,337.87
19,34.88,101,1.58,False,False,2,138.26,197.88
20,34.88,60,0.59,False,False,2,84.74,112.31
21,34.88,83,0.52,False,False,2,111.33,0.01
22,34.88,91,1.72,False,False,2,136.72,1937.88
1,35.25,80,1.8,False,False,2,129.45,806.72
3,35.25,103,1.08,False,False,2,132.15,671.64
4,35.25,66,0.79,False,False,2,103.49,567.44
5,35.25,85,1.54,False,False,2,86.18,479.97
6,35.25,64,1.21,False,False,2,64.32,414.9
7,35.25,78,1.94,False,False,2,84.91,327.74
8,35.25,97,1.54,False,False,2,66.75,260.23
9,35.25,84,0.67,False,False,2,39.75,219.1
11,35.25,66,1.11,False,False,2,112.59,103.22
12,35.25,60,1.3,False,False,2,101.29,0.02
13,35.25,82,0.61,False,False,2,23.46,2007.05
14,35.25,67,1.08,False,False,2,23.17,1983.27
15,35.25,126,1.34,False,False,2,145.75,1835.19
16,35.25,112,0.5,False,False,2,85.98,1747.17
17,35.25,87,1.68,False,False,2,98.79,1646.09
18,35.25,63,1.82,False,False,2,59.75,1585.49
19,35.25,102,1.03,False,False,2,36.17,1548.3
20,35.25,61,1.13,False,False,2,149.9,1397.9
21,35.25,82,1.98,False,False,2,64.61,1332.04
22,35.25,93,0.88,False,False,2,27.58,1303.51
1,35.62,81,1.47,False,False,2,46.49,255.59
2,35.62,61,1.37,False,False,2,117.97,135.62
3,35.62,100,1.09,False,False,2,29.43,105.64
4,35.62,63,1.53,False,False,2,23.73,81.32
5,35.62,82,1.68,False,False,2,80.27,0.01
6,35.62,67,1.77,False,False,2,136.22,2540.72
7,35.62,80,0.75,False,False,2,29.15,2510.0
8,35.62,95,1.97,False,False,2,125.19,2383.5
9,35.62,86,0.55,False,False,2,102.77,2279.86
10,35.62,63,1.8,False,False,2,49.09,2229.82
11,35.62,69,1.49,False,False,2,148.43,2080.6
12,35.62,62,1.62,False,False,2,76.21,2003.91
13,35.62,83,1.96,False,False,2,50.58,1950.97
14,35.62,69,0.53,False,False,2,71.34,1877.8
15,35.62,124,0.75,False,False,2,83.8,1793.04
16,35.62,110,0.65,False,False,2,139.56,1652.84
17,35.62,85,0.52,False,False,2,57.61,1594.28
18,35.62,61,1.21,False,False,2,101.27,1491.22
19,35.62,104,1.61,False,False,2,40.28,1449.09
20,35.62,60,0.66,False,False,2,131.27,1316.12
21,35.62,81,1.3,False,False,2,82.35,1232.57
22,35.62,95,1.1,False,False,2,81.45,1150.51
1,36.0,80,1.84,False,False,2,147.75,0.01
2,36.0,63,1.17,False,False,2,147.89,1868.34
3,36.0,103,1.59,False,False,2,77.17,1788.67
4,36.0,65,1.52,False,False,2,141.29,1645.93
5,36.0,82,1.64,False,False,2,22.41,1622.92
6,36.0,64,0.94,False,False,2,75.5,1546.69
7,36.0,83,0.74,False,False,2,146.79,1399.07
8,36.0,95,1.88,False,False,2,117.34,1280.51
9,36.0,89,0.85,False,False,2,115.63,1163.87
10,36.0,62,1.81,False,False,2,110.86,1052.2
11,36.0,68,1.27,False,False,2,104.9,946.47
12,36.0,63,1.68,False,False,2,143.63,801.68
13,36.0,81,1.99,False,False,2,94.01,706.7
14,36.0,70,1.19,False,False,2,145.41,559.67
15,36.0,121,0.59,False,False,2,89.82,468.27
16,36.0,110,1.94,False,False,2,91.37,375.92
17,36.0,83,1.28,False,False,2,48.82,326.39
18,36.0,63,2.0,False,False,2,49.79,275.76
19,36.0,107,1.42,False,False,2,49.42,225.36
20,36.0,60,1.33,False,False,2,41.98,182.4
21,36.0,79,0.92,False,False,2,138.51,42.86
22,36.0,95,1.02,False,False,2,41.78,0.02
1,36.38,82,1.56,False,False,2,64.45,940.9
2,36.38,60,1.86,False,False,2,95.82,844.55
3,36.38,105,0.57,False,False,2,124.95,718.76
4,36.38,64,0.79,False,False,2,53.55,664.39
5,36.38,79,1.9,False,False,2,83.05,580.56
6,36.38,66,1.11,False,False,2,52.77,525.73
7,36.38,80,1.93,False,False,2,86.79,437.27
8,36.38,94,1.4,False,False,2,148.99,287.62
9,36.38,90,0.87,False,False,2,85.53,201.35
10,36.38,63,1.39,False,False,2,113.48,86.86
11,36.38,71,1.14,False,False,2,85.5,0.02
12,36.38,60,0.78,False,False,2,48.37,1998.34
13,36.38,81,1.12,False,False,2,117.95,1879.17
14,36.38,71,1.55,False,False,2,92.44,1785.76
15,36.38,123,0.58,False,False,2,58.97,1725.84
16,36.38,112,1.05,False,False,2,142.87,1582.15
17,36.38,83,0.78,False,False,2,88.03,1493.37
18,36.38,63,0.72,False,False,2,62.57,1429.99
19,36.38,106,1.38,False,False,2,108.27,1320.69
20,36.38,60,1.49,False,False,2,81.85,1237.78
21,36.38,78,1.98,False,False,2,60.31,1176.95
22,36.38,94,1.54,False,False,2,67.42,1108.74
1,36.75,85,1.76,False,False,2,106.08,0.01
13,36.75,80,17.420639920393505,True,True,1,122.91,0.01
2,36.75,63,0.68,False,False,2,135.1,45947.17
3,36.75,107,0.56,False,False,2,46.77,45898.03
4,36.75,66,1.44,False,False,2,30.43,45864.98
5,36.75,82,1.07,False,False,2,52.26,45810.75
6,36.75,63,1.86,False,False,2,29.52,45780.33
7,36.75,82,0.98,False,False,2,71.41,45707.84
8,36.75,91,0.79,False,False,2,68.12,45638.76
9,36.75,91,1.13,False,False,2,38.87,45598.1
10,36.75,66,1.08,False,False,2,68.83,45528.38
11,36.75,72,1.85,False,False,2,48.9,45477.71
12,36.75,62,1.05,False,False,2,36.85,45439.95
14,36.75,68,0.76,False,False,2,90.03,1921.48
15,36.75,122,1.82,False,False,2,82.59,1836.96
16,36.75,115,1.84,False,False,2,118.69,1717.26
17,36.75,82,1.2,False,False,2,59.22,1657.22
18,36.75,62,1.73,False,False,2,74.71,1581.34
19,36.75,104,1.87,False,False,2,149.73,1430.29
20,36.75,61,0.57,False,False,2,108.16,1320.4
21,36.75,79,0.97,False,False,2,42.28,1277.19
22,36.75,92,0.84,False,False,2,72.65,1203.55
2,37.12,66,0.82,False,False,2,124.24,75.04
3,37.12,108,0.5,False,False,2,34.88,38.71
4,37.12,66,0.72,False,False,2,37.93,0.02
5,37.12,84,0.59,False,False,2,113.18,2286.31
6,37.12,65,0.83,False,False,2,77.16,2208.59
7,37.12,82,1.31,False,False,2,134.99,2072.6
8,37.12,88,1.08,False,False,2,39.49,2030.82
9,37.12,91,1.81,False,False,2,21.27,2009.07
10,37.12,63,0.83,False,False,2,110.48,1897.13
11,37.12,74,1.66,False,False,2,44.73,1851.7
12,37.12,60,1.05,False,False,2,32.82,1818.0
13,37.12,79,0.7,False,False,2,147.29,1669.59
14,37.12,65,1.0,False,False,2,51.17,1617.74
15,37.12,125,1.54,False,False,2,36.79,1580.24
16,37.12,114,1.95,False,False,2,65.72,1513.94
17,37.12,79,1.22,False,False,2,65.44,1447.23
18,37.12,60,1.22,False,False,2,109.2,1337.24
19,37.12,105,0.83,False,False,2,133.02,1203.57
20,37.12,60,1.21,False,False,2,47.2,1154.85
21,37.12,79,1.47,False,False,2,80.51,1073.72
22,37.12,91,1.12,False,False,2,34.55,1038.29
1,37.5,85,1.23,False,False,2,36.56,0.01
2,37.5,67,1.61,False,False,2,38.84,2619.66
3,37.5,107,0.85,False,False,2,135.34,2483.1
4,37.5,68,0.67,False,False,2,39.82,2441.9
5,37.5,83,0.87,False,False,2,40.47,2398.93
6,37.5,64,0.68,False,False,2,67.82,2330.25
7,37.5,79,0.54,False,False,2,61.69,2268.08
8,37.5,91,0.84,False,False,2,25.9,2240.5
9,37.5,88,1.68,False,False,2,104.35,2135.03
10,37.5,63,1.88,False,False,2,25.06,2109.13
11,37.5,72,1.92,False,False,2,82.83,2025.18
12,37.5,61,0.61,False,False,2,42.12,1982.4
13,37.5,77,1.95,False,False,2,88.44,1893.22
14,37.5,63,2.0,False,False,2,97.42,1795.07
15,37.5,127,0.58,False,False,2,67.45,1726.91
16,37.5,112,1.01,False,False,2,108.54,1617.42
17,37.5,77,1.28,False,False,2,64.79,1551.68
18,37.5,62,1.44,False,False,2,78.18,1472.56
19,37.5,105,1.72,False,False,2,145.93,1324.24
20,37.5,60,1.39,False,False,2,87.33,1236.07
21,37.5,77,1.52,False,False,2,133.14,1102.06
22,37.5,91,1.27,False,False,2,23.63,1077.8
1,37.88,86,1.12,False,False,2,75.49,0.02
2,37.88,69,0.9,False,False,2,130.94,2750.3
3,37.88,109,1.44,False,False,2,72.86,2676.53
4,37.88,65,1.26,False,False,2,133.38,2541.97
5,37.88,81,1.97,False,False,2,109.14,2432.03
6,37.88,64,1.99,False,False,2,28.81,2402.64
7,37.88,80,1.97,False,False,2,38.46,2363.22
8,37.88,89,1.8,False,False,2,50.48,2311.78
9,37.88,90,0.66,False,False,2,122.09,2188.8
10,37.88,65,0.77,False,False,2,20.1,2168.05
11,37.88,73,0.81,False,False,2,100.75,2066.39
12,37.88,61,1.19,False,False,2,70.67,1994.83
13,37.88,79,1.07,False,False,2,110.49,1883.63
14,37.88,65,1.57,False,False,2,69.0,1813.7
15,37.88,126,1.92,False,False,2,129.7,1682.54
16,37.88,112,1.83,False,False,2,55.57,1625.98
17,37.88,79,1.87,False,False,2,60.59,1564.39
18,37.88,60,1.89,False,False,2,67.32,1496.4
19,37.88,105,1.25,False,False,2,138.96,1356.83
20,37.88,63,0.75,False,False,2,117.92,1237.21
21,37.88,77,1.74,False,False,2,119.75,1116.95
22,37.88,93,1.69,False,False,2,61.56,1053.75
1,38.25,87,1.0,False,False,2,52.78,0.01
2,38.25,66,1.89,False,False,2,132.75,2890.18
3,38.25,108,1.23,False,False,2,121.04,2768.43
4,38.25,65,1.69,False,False,2,141.95,2625.73
5,38.25,79,0.66,False,False,2,124.28,2500.15
6,38.25,67,1.92,False,False,2,76.12,2423.02
7,38.25,77,1.23,False,False,2,23.23,2397.25
8,38.25,89,1.08,False,False,2,100.24,2296.26
9,38.25,92,1.29,False,False,2,138.85,2156.73
10,38.25,67,1.05,False,False,2,98.36,2057.47
11,38.25,70,1.16,False,False,2,72.36,1983.49
12,38.25,62,0.74,False,False,2,84.75,1897.93
13,38.25,76,1.99,False,False,2,68.59,1827.83
14,38.25,68,1.12,False,False,2,78.01,1749.01
15,38.25,124,0.94,False,False,2,99.09,1647.75
16,38.25,115,0.6,False,False,2,35.75,1611.17
17,38.25,78,1.02,False,False,2,91.43,1518.86
18,38.25,60,1.67,False,False,2,39.45,1478.54
19,38.25,104,1.29,False,False,2,137.11,1340.56
20,38.25,65,1.23,False,False,2,31.19,1307.06
21,38.25,80,1.76,False,False,2,126.41,1175.9
22,38.25,92,1.39,False,False,2,30.89,1144.08
1,38.62,85,1.48,False,False,2,142.73,0.01
2,38.62,64,1.88,False,False,2,144.03,2736.41
3,38.62,109,1.9,False,False,2,81.97,2653.53
4,38.62,68,0.88,False,False,2,63.2,2589.8
5,38.62,77,1.35,False,False,2,100.57,2488.29
6,38.62,66,1.97,False,False,2,141.02,2346.51
7,38.62,77,1.6,False,False,2,24.48,2317.09
8,38.62,92,1.98,False,False,2,41.26,2274.2
9,38.62,92,0.55,False,False,2,101.45,2171.65
10,38.62,66,0.84,False,False,2,122.7,2047.99
11,38.62,71,1.01,False,False,2,99.5,1947.75
12,38.62,64,1.72,False,False,2,119.28,1826.73
13,38.62,79,0.55,False,False,2,47.8,1777.24
14,38.62,71,1.69,False,False,2,101.59,1673.07
15,38.62,127,1.32,False,False,2,72.51,1599.6
16,38.62,114,1.52,False,False,2,23.18,1575.45
17,38.62,80,0.53,False,False,2,40.2,1534.73
18,38.62,60,1.61,False,False,2,78.24,1455.05
19,38.62,106,1.19,False,False,2,44.01,1410.22
20,38.62,66,0.97,False,False,2,86.47,1322.75
21,38.62,81,1.78,False,False,2,109.04,1212.81
22,38.62,95,0.51,False,False,2,96.96,1114.77
1,39.0,83,1.71,False,False,2,113.57,0.02
2,39.0,64,0.74,False,False,2,122.55,2991.36
3,39.0,109,1.44,False,False,2,136.88,2853.77
4,39.0,67,0.78,False,False,2,82.37,2770.6
5,39.0,74,1.9,False,False,2,42.73,2726.68
6,39.0,66,0.98,False,False,2,45.39,2680.12
7,39.0,75,1.27,False,False,2,118.3,2561.39
8,39.0,95,0.74,False,False,2,99.0,2461.93
9,39.0,94,1.84,False,False,2,36.7,2423.42
10,39.0,67,1.73,False,False,2,135.09,2287.79
11,39.0,69,0.9,False,False,2,148.89,2138.2
12,39.0,62,1.99,False,False,2,124.82,2012.21
13,39.0,80,0.97,False,False,2,26.0,1985.58
14,39.0,73,1.27,False,False,2,89.03,1895.38
15,39.0,124,1.43,False,False,2,134.95,1759.64
16,39.0,116,1.35,False,False,2,80.56,1678.1
17,39.0,79,1.92,False,False,2,28.8,1648.18
18,39.0,63,0.97,False,False,2,60.68,1586.87
19,39.0,106,1.52,False,False,2,104.78,1481.25
20,39.0,66,1.53,False,False,2,71.93,1406.76
21,39.0,82,1.21,False,False,2,119.08,1285.46
22,39.0,98,1.46,False,False,2,133.13,1151.69
1,39.38,85,1.23,False,False,2,148.41,0.01
2,39.38,63,0.52,False,False,2,55.98,2571.7
3,39.38,107,0.69,False,False,2,125.03,2445.72
4,39.38,68,1.83,False,False,2,69.17,2375.69
5,39.38,72,1.3,False,False,2,76.27,2297.49
6,39.38,64,1.81,False,False,2,34.42,2262.43
7,39.38,74,0.6,False,False,2,123.8,2137.64
8,39.38,92,1.41,False,False,2,77.98,2058.93
9,39.38,93,1.93,False,False,2,126.46,1930.68
10,39.38,66,1.42,False,False,2,30.49,1899.59
11,39.38,69,0.62,False,False,2,91.35,1806.61
12,39.38,63,1.05,False,False,2,39.42,1766.16
13,39.38,83,1.48,False,False,2,133.47,1631.74
14,39.38,74,1.95,False,False,2,27.22,1603.94
15,39.38,123,1.87,False,False,2,59.87,1543.36
16,39.38,115,1.88,False,False,2,46.34,1495.19
17,39.38,82,0.66,False,False,2,32.58,1462.16
18,39.38,63,1.04,False,False,2,61.83,1398.49
19,39.38,107,1.92,False,False,2,88.91,1308.55
20,39.38,68,0.8,False,False,2,66.32,1241.35
21,39.38,80,1.16,False,False,2,64.77,1175.68
22,39.38,101,1.16,False,False,2,60.53,1114.35
1,39.75,87,1.03,False,False,2,112.9,0.01
2,39.75,61,1.01,False,False,2,139.84,2768.02
3,39.75,105,1.18,False,False,2,37.21,2728.35
4,39.75,70,0.98,False,False,2,69.94,2657.95
5,39.75,71,1.52,False,False,2,74.15,2583.24
6,39.75,66,1.63,False,False,2,65.68,2515.8
7,39.75,72,0.55,False,False,2,56.51,2458.68
8,39.75,92,0.53,False,False,2,127.69,2329.59
9,39.75,90,1.94,False,False,2,117.8,2210.92
10,39.75,66,1.34,False,False,2,36.11,2174.1
11,39.75,72,0.71,False,False,2,124.36,2048.94
12,39.75,60,1.23,False,False,2,142.66,1904.45
13,39.75,84,1.57,False,False,2,64.36,1838.85
14,39.75,71,1.07,False,False,2,21.78,1816.39
15,39.75,121,0.91,False,False,2,102.48,1713.04
16,39.75,112,1.49,False,False,2,74.17,1637.98
17,39.75,81,1.68,False,False,2,133.63,1503.55
18,39.75,64,0.73,False,False,2,126.39,1376.51
19,39.75,108,0.67,False,False,2,79.41,1296.5
20,39.75,70,1.69,False,False,2,136.13,1159.19
21,39.75,78,1.8,False,False,2,53.65,1104.81
22,39.75,100,1.61,False,False,2,31.63,1071.59
1,40.12,87,1.78,False,False,2,70.54,0.01
2,40.12,62,1.49,False,False,2,127.28,2690.32
3,40.12,107,0.86,False,False,2,59.75,2629.49
4,40.12,72,0.82,False,False,2,72.74,2555.24
5,40.12,69,0.9,False,False,2,63.79,2490.78
6,40.12,67,1.43,False,False,2,30.26,2459.95
7,40.12,75,1.78,False,False,2,70.9,2388.34
8,40.12,90,0.82,False,False,2,86.39,2301.0
9,40.12,92,1.09,False,False,2,118.11,2181.97
10,40.12,67,0.98,False,False,2,48.54,2132.53
11,40.12,75,1.4,False,False,2,125.87,2005.61
12,40.12,60,1.75,False,False,2,25.22,1979.05
13,40.12,83,1.87,False,False,2,56.99,1921.41
14,40.12,70,1.06,False,False,2,69.59,1850.5
15,40.12,119,0.52,False,False,2,62.63,1787.14
16,40.12,109,1.47,False,False,2,148.25,1638.01
17,40.12,78,1.04,False,False,2,130.71,1506.75
18,40.12,63,1.03,False,False,2,136.09,1370.0
19,40.12,107,1.5,False,False,2,93.12,1275.75
20,40.12,72,0.92,False,False,2,32.08,1242.94
21,40.12,75,1.43,False,False,2,89.02,1153.21
22,40.12,98,1.38,False,False,2,92.15,1058.6
1,40.5,90,1.51,False,False,2,56.51,0.01
2,40.5,65,1.45,False,False,2,22.98,2499.12
3,40.5,107,1.63,False,False,2,45.78,2452.67
4,40.5,74,0.91,False,False,2,149.68,2302.35
5,40.5,67,1.17,False,False,2,31.1,2270.68
6,40.5,65,1.19,False,False,2,31.04,2238.94
7,40.5,77,0.55,False,False,2,67.14,2170.69
8,40.5,90,1.88,False,False,2,43.71,2125.24
9,40.5,92,1.04,False,False,2,110.15,2014.38
10,40.5,67,0.91,False,False,2,63.39,1948.43
11,40.5,78,1.18,False,False,2,91.66,1855.72
12,40.5,60,0.67,False,False,2,43.91,1811.27
13,40.5,83,1.75,False,False,2,86.41,1722.75
14,40.5,72,0.93,False,False,2,82.92,1638.99
15,40.5,122,1.14,False,False,2,142.25,1496.08
16,40.5,111,1.36,False,False,2,64.01,1431.14
17,40.5,80,1.43,False,False,2,23.3,1407.24
18,40.5,65,1.03,False,False,2,44.92,1361.67
19,40.5,105,1.86,False,False,2,71.2,1289.79
20,40.5,73,0.87,False,False,2,80.45,1207.92
21,40.5,76,0.7,False,False,2,35.03,1171.89
22,40.5,95,1.84,False,False,2,148.74,1022.24
1,40.88,91,1.96,False,False,2,21.24,0.01
2,40.88,62,1.92,False,False,2,71.33,2931.14
3,40.88,110,1.55,False,False,2,58.84,2871.61
4,40.88,76,0.76,False,False,2,108.31,2762.55
5,40.88,67,0.98,False,False,2,139.57,2618.7
6,40.88,65,1.25,False,False,2,84.03,2533.67
7,40.88,76,1.41,False,False,2,35.81,2497.2
8,40.88,90,1.23,False,False,2,61.76,2434.6
9,40.88,94,1.14,False,False,2,84.03,2346.96
10,40.88,64,0.7,False,False,2,40.29,2305.65
11,40.88,78,0.86,False,False,2,132.0,2172.82
12,40.88,60,0.9,False,False,2,129.17,2042.92
13,40.88,80,1.19,False,False,2,37.58,2004.09
14,40.88,73,1.63,False,False,2,67.36,1935.92
15,40.88,124,1.45,False,False,2,96.1,1839.02
16,40.88,111,1.69,False,False,2,48.85,1788.45
17,40.88,83,1.41,False,False,2,23.31,1764.35
18,40.88,64,1.4,False,False,2,143.21,1620.62
19,40.88,105,1.09,False,False,2,99.49,1520.3
20,40.88,75,0.51,False,False,2,145.02,1374.64
21,40.88,73,1.45,False,False,2,101.66,1271.14
22,40.88,93,0.78,False,False,2,130.37,1139.61
1,41.25,91,1.13,False,False,2,137.03,0.02
2,41.25,60,1.24,False,False,2,89.51,2767.18
3,41.25,110,1.23,False,False,2,106.99,2659.2
4,41.25,78,0.51,False,False,2,108.54,2549.67
6,41.25,66,0.93,False,False,2,122.29,2425.93
7,41.25,73,1.04,False,False,2,86.03,2339.41
8,41.25,88,1.95,False,False,2,72.61,2265.68
9,41.25,94,1.81,False,False,2,60.45,2204.43
10,41.25,64,0.74,False,False,2,111.27,2092.43
11,41.25,75,0.73,False,False,2,62.79,2028.33
12,41.25,62,0.74,False,False,2,75.86,1951.13
13,41.25,79,1.27,False,False,2,134.04,1816.46
14,41.25,76,1.69,False,False,2,135.67,1677.56
15,41.25,127,1.09,False,False,2,94.48,1582.59
16,41.25,108,1.88,False,False,2,57.91,1523.98
17,41.25,86,1.95,False,False,2,92.39,1430.87
18,41.25,67,0.58,False,False,2,58.75,1371.63
19,41.25,106,1.27,False,False,2,72.25,1297.62
20,41.25,78,0.68,False,False,2,25.54,1271.16
21,41.25,73,1.85,False,False,2,81.03,1189.11
22,41.25,94,0.78,False,False,2,81.05,1107.12
1,41.62,94,1.46,False,False,2,105.55,0.02
2,41.62,60,1.19,False,False,2,25.02,2102.73
3,41.62,112,1.93,False,False,2,105.22,1996.6
4,41.62,80,0.71,False,False,2,94.24,1900.85
5,41.62,66,0.84,False,False,2,129.81,1770.2
6,41.62,64,1.8,False,False,2,134.25,1635.09
7,41.62,75,1.41,False,False,2,79.27,1554.46
8,41.62,90,0.81,False,False,2,52.64,1500.91
9,41.62,93,1.93,False,False,2,138.87,1361.34
10,41.62,64,0.96,False,False,2,129.68,1230.55
11,41.62,76,1.25,False,False,2,142.4,1087.54
12,41.62,63,1.34,False,False,2,127.68,958.98
13,41.62,81,1.28,False,False,2,80.04,878.03
14,41.62,73,0.53,False,False,2,140.85,735.71
15,41.62,125,1.07,False,False,2,63.46,671.13
16,41.62,107,1.11,False,False,2,31.21,639.07
17,41.62,88,1.46,False,False,2,148.54,489.83
18,41.62,64,1.61,False,False,2,140.06,349.15
19,41.62,108,1.06,False,False,2,125.83,222.2
20,41.62,81,1.92,False,False,2,85.53,135.92
21,41.62,72,2.0,False,False,2,133.98,0.01
22,41.62,96,1.73,False,False,2,112.04,1900.35
1,42.0,91,0.67,False,False,2,44.43,854.04
2,42.0,62,1.8,False,False,2,129.28,723.95
3,42.0,112,1.17,False,False,2,50.12,672.79
4,42.0,78,1.29,False,False,2,41.41,629.48
5,42.0,63,1.39,False,False,2,76.39,552.48
6,42.0,67,1.83,False,False,2,72.67,479.23
7,42.0,74,1.45,False,False,2,38.74,439.44
8,42.0,90,1.41,False,False,2,47.71,390.66
9,42.0,94,1.89,False,False,2,31.01,358.68
10,42.0,63,1.05,False,False,2,116.98,241.04
11,42.0,78,1.56,False,False,2,38.6,201.81
12,42.0,62,1.75,False,False,2,109.68,91.2
13,42.0,80,1.73,False,False,2,26.18,64.02
14,42.0,76,1.23,False,False,2,36.3,26.21
15,42.0,124,1.76,False,False,2,25.05,0.02
16,42.0,104,1.66,False,False,2,83.22,1955.78
17,42.0,89,1.99,False,False,2,72.81,1882.11
18,42.0,63,0.99,False,False,2,94.56,1784.98
19,42.0,106,1.82,False,False,2,106.45,1678.08
20,42.0,81,1.05,False,False,2,134.88,1542.37
21,42.0,75,1.79,False,False,2,54.68,1486.94
22,42.0,97,0.68,False,False,2,22.5,1463.79
1,42.38,88,1.42,False,False,2,115.89,345.98
2,42.38,61,0.98,False,False,2,114.75,229.53
3,42.38,110,1.58,False,False,2,72.72,156.05
4,42.38,80,0.97,False,False,2,57.56,97.69
5,42.38,62,1.28,False,False,2,96.63,0.02
6,42.38,64,0.55,False,False,2,111.46,2314.64
7,42.38,77,1.12,False,False,2,136.13,2177.93
8,42.38,92,0.54,False,False,2,21.7,2155.27
9,42.38,96,0.89,False,False,2,86.06,2067.53
10,42.38,66,1.9,False,False,2,36.41,2030.01
11,42.38,75,1.47,False,False,2,64.52,1964.14
12,42.38,61,1.22,False,False,2,43.2,1919.89
13,42.38,78,1.16,False,False,2,30.54,1888.74
14,42.38,78,1.56,False,False,2,43.23,1844.69
15,42.38,126,1.6,False,False,2,31.36,1810.18
16,42.38,103,0.7,False,False,2,126.21,1683.23
17,42.38,87,1.45,False,False,2,81.9,1600.9
18,42.38,61,1.37,False,False,2,124.11,1475.18
19,42.38,107,1.97,False,False,2,104.29,1369.52
20,42.38,80,1.63,False,False,2,147.93,1220.16
21,42.38,75,0.8,False,False,2,34.25,1184.36
22,42.38,96,1.1,False,False,2,138.95,1044.12
1,42.75,91,1.65,False,False,2,41.64,0.02
2,42.75,63,1.31,False,False,2,89.16,2714.17
3,42.75,112,0.64,False,False,2,42.85,2670.51
4,42.75,83,1.5,False,False,2,83.03,2585.24
5,42.75,64,1.33,False,False,2,125.79,2458.51
6,42.75,67,0.73,False,False,2,59.94,2398.03
7,42.75,78,1.38,False,False,2,92.86,2304.72
8,42.75,91,1.17,False,False,2,39.68,2264.57
9,42.75,97,0.98,False,False,2,148.92,2115.04
10,42.75,69,1.35,False,False,2,71.2,2043.08
11,42.75,75,0.53,False,False,2,85.09,1957.28
12,42.75,61,0.56,False,False,2,64.86,1891.82
13,42.75,75,1.17,False,False,2,86.56,1804.07
14,42.75,77,1.29,False,False,2,101.04,1702.25
15,42.75,124,1.76,False,False,2,21.62,1679.6
16,42.75,106,0.79,False,False,2,94.17,1583.41
17,42.75,87,1.81,False,False,2,76.44,1506.32
18,42.75,60,1.07,False,False,2,102.54,1402.6
19,42.75,109,1.77,False,False,2,147.45,1253.9
20,42.75,82,0.83,False,False,2,35.42,1217.69
21,42.75,75,0.73,False,False,2,48.27,1168.73
22,42.75,97,0.79,False,False,2,125.95,1041.29
1,43.12,93,0.96,False,False,2,38.0,0.01
2,43.12,65,0.68,False,False,2,142.89,1882.16
3,43.12,112,0.88,False,False,2,41.23,1840.49
4,43.12,86,0.75,False,False,2,133.44,1706.23
5,43.12,62,1.0,False,False,2,54.29,1651.33
6,43.12,64,0.99,False,False,2,82.56,1567.82
7,43.12,78,1.13,False,False,2,40.26,1526.93
8,43.12,90,1.04,False,False,2,126.42,1399.79
9,43.12,95,1.05,False,False,2,132.79,1266.13
10,43.12,66,1.47,False,False,2,137.6,1126.78
11,43.12,75,1.46,False,False,2,103.16,1023.17
12,43.12,63,0.92,False,False,2,52.26,970.45
14,43.12,79,1.52,False,False,2,92.88,875.88
15,43.12,127,0.78,False,False,2,64.29,810.69
16,43.12,105,1.86,False,False,2,135.92,673.96
17,43.12,87,0.94,False,False,2,86.3,587.1
18,43.12,60,0.6,False,False,2,148.7,437.36
19,43.12,110,1.73,False,False,2,139.01,295.95
20,43.12,83,1.56,False,False,2,121.47,173.07
21,43.12,77,1.11,False,False,2,96.3,75.07
22,43.12,99,0.91,False,False,2,74.25,0.02
1,43.5,95,1.03,False,False,2,53.65,1045.38
2,43.5,65,1.88,False,False,2,28.75,1015.92
3,43.5,112,1.06,False,False,2,44.59,970.86
4,43.5,89,1.08,False,False,2,101.86,867.98
5,43.5,61,1.96,False,False,2,131.13,735.74
6,43.5,66,1.49,False,False,2,102.36,630.99
7,43.5,81,1.08,False,False,2,48.51,581.62
8,43.5,88,1.78,False,False,2,89.03,491.68
9,43.5,97,1.97,False,False,2,104.49,386.37
10,43.5,69,1.97,False,False,2,113.16,270.78
11,43.5,74,1.58,False,False,2,105.32,164.79
12,43.5,64,0.91,False,False,2,34.17,129.56
13,43.5,74,1.97,False,False,2,128.84,0.01
14,43.5,81,1.18,False,False,2,92.34,2047.08
15,43.5,129,1.21,False,False,2,126.86,1918.69
16,43.5,104,1.54,False,False,2,136.24,1781.34
17,43.5,88,1.5,False,False,2,52.91,1725.48
18,43.5,63,1.02,False,False,2,62.22,1660.49
19,43.5,107,0.81,False,False,2,41.67,1618.33
20,43.5,85,0.94,False,False,2,102.19,1515.33
21,43.5,75,1.92,False,False,2,142.92,1371.74
22,43.5,97,1.81,False,False,2,102.69,1267.81
1,43.88,96,1.48,False,False,2,80.78,186.03
2,43.88,67,1.11,False,False,2,42.1,141.85
3,43.88,115,1.41,False,False,2,140.32,0.01
4,43.88,88,1.64,False,False,2,37.53,2596.92
5,43.88,64,1.69,False,False,2,22.92,2572.22
6,43.88,66,0.58,False,False,2,118.21,2452.75
7,43.88,78,1.01,False,False,2,50.12,2401.57
8,43.88,88,0.91,False,False,2,63.5,2337.05
9,43.88,98,1.37,False,False,2,70.74,2265.71
10,43.88,69,1.24,False,False,2,139.15,2125.68
11,43.88,72,1.87,False,False,2,118.97,2006.03
12,43.88,64,0.74,False,False,2,119.8,1885.25
13,43.88,75,1.1,False,False,2,56.7,1827.04
14,43.88,81,0.62,False,False,2,50.03,1776.02
15,43.88,130,1.56,False,False,2,121.61,1653.55
16,43.88,102,0.78,False,False,2,47.1,1605.52
17,43.88,85,1.44,False,False,2,105.82,1499.02
18,43.88,62,1.63,False,False,2,43.9,1454.5
19,43.88,109,1.81,False,False,2,65.65,1386.7
20,43.88,88,1.07,False,False,2,91.36,1294.4
21,43.88,72,1.11,False,False,2,85.24,1207.79
22,43.88,99,1.51,False,False,2,142.56,1064.45
1,44.25,96,1.12,False,False,2,63.0,0.01
2,44.25,68,1.27,False,False,2,115.21,2759.79
3,44.25,114,1.2,False,False,2,67.84,2691.25
4,44.25,88,1.55,False,False,2,138.79,2550.69
5,44.25,61,0.89,False,False,2,118.25,2431.62
6,44.25,66,1.07,False,False,2,29.93,2401.24
7,44.25,81,1.21,False,False,2,74.44,2325.92
8,44.25,91,1.13,False,False,2,38.87,2285.89
9,44.25,96,1.06,False,False,2,44.62,2240.47
10,44.25,69,0.85,False,False,2,75.01,2164.3
11,44.25,70,1.45,False,False,2,40.83,2122.73
12,44.25,61,0.81,False,False,2,72.78,2047.77
13,44.25,78,1.54,False,False,2,27.53,2019.43
14,44.25,80,1.57,False,False,2,143.68,1875.12
15,44.25,129,1.73,False,False,2,80.57,1793.98
16,44.25,101,1.04,False,False,2,121.88,1671.1
17,44.25,87,0.59,False,False,2,92.97,1577.71
18,44.25,60,1.72,False,False,2,111.78,1464.9
19,44.25,109,0.88,False,False,2,35.52,1428.58
20,44.25,91,1.62,False,False,2,82.85,1344.97
21,44.25,73,0.52,False,False,2,140.61,1203.57
22,44.25,99,1.0,False,False,2,127.68,1075.17
1,44.62,97,1.3,False,False,2,73.32,0.01
2,44.62,68,0.87,False,False,2,47.05,2905.47
3,44.62,114,0.97,False,False,2,48.17,2856.45
4,44.62,90,0.6,False,False,2,135.4,2719.68
5,44.62,60,1.27,False,False,2,121.0,2597.61
6,44.62,63,0.62,False,False,2,50.83,2545.92
7,44.62,82,1.5,False,False,2,120.51,2422.35
8,44.62,92,1.67,False,False,2,129.99,2291.78
9,44.62,93,1.6,False,False,2,142.55,2148.7
10,44.62,68,1.43,False,False,2,57.58,2090.66
11,44.62,67,0.88,False,False,2,73.1,2017.09
12,44.62,60,1.46,False,False,2,92.22,1924.18
13,44.62,81,0.7,False,False,2,94.02,1829.61
14,44.62,80,1.66,False,False,2,134.6,1694.31
15,44.62,129,0.77,False,False,2,119.44,1574.45
16,44.62,98,1.63,False,False,2,59.63,1513.4
17,44.62,87,1.83,False,False,2,21.55,1491.11
18,44.62,60,0.83,False,False,2,45.52,1444.85
19,44.62,111,1.94,False,False,2,96.02,1347.87
20,44.62,88,1.35,False,False,2,72.41,1274.61
21,44.62,74,0.56,False,False,2,110.71,1163.47
22,44.62,96,0.65,False,False,2,70.91,1091.41
1,45.0,94,1.79,False,False,2,89.49,0.02
2,45.0,71,0.86,False,False,2,82.91,2463.8
3,45.0,116,1.01,False,False,2,77.66,2385.26
4,45.0,89,1.3,False,False,2,22.52,2362.03
5,45.0,63,1.74,False,False,2,82.51,2277.03
6,45.0,60,1.51,False,False,2,118.92,2157.24
7,45.0,83,1.31,False,False,2,66.01,2090.2
8,45.0,91,1.96,False,False,2,70.63,2019.14
9,45.0,95,1.44,False,False,2,33.81,1984.57
10,45.0,69,1.91,False,False,2,149.2,1834.6
11,45.0,70,1.99,False,False,2,60.12,1772.59
12,45.0,60,1.62,False,False,2,52.51,1717.56
13,45.0,79,0.7,False,False,2,65.75,1651.06
14,45.0,83,1.85,False,False,2,26.36,1623.47
15,45.0,128,1.75,False,False,2,68.61,1551.36
16,45.0,96,1.5,False,False,2,21.02,1529.71
17,45.0,84,0.74,False,False,2,89.58,1438.82
18,45.0,62,0.83,False,False,2,32.32,1405.86
19,45.0,111,1.32,False,False,2,52.11,1352.75
20,45.0,89,1.63,False,False,2,82.48,1269.45
21,45.0,71,1.22,False,False,2,108.46,1160.25
22,45.0,93,0.7,False,False,2,117.53,1041.86
1,45.38,93,1.08,False,False,2,40.71,0.02
2,45.38,68,0.97,False,False,2,111.23,2753.35
3,45.38,116,1.73,False,False,2,80.32,2672.51
4,45.38,86,0.93,False,False,2,21.73,2649.96
5,45.38,60,1.37,False,False,2,25.53,2623.89
6,45.38,63,0.78,False,False,2,127.68,2495.37
7,45.38,84,0.75,False,False,2,52.65,2441.71
8,45.38,90,1.55,False,False,2,102.99,2337.91
9,45.38,92,1.45,False,False,2,111.02,2225.93
10,45.38,69,0.89,False,False,2,64.96,2160.06
11,45.38,69,0.89,False,False,2,146.25,2010.94
12,45.38,60,1.07,False,False,2,129.81,1880.52
13,45.38,82,1.45,False,False,2,57.7,1821.42
14,45.38,82,0.67,False,False,2,45.84,1775.1
15,45.38,131,1.51,False,False,2,115.06,1659.47
16,45.38,97,1.23,False,False,2,31.86,1626.92
17,45.38,85,1.6,False,False,2,63.47,1562.64
18,45.38,65,1.27,False,False,2,115.65,1445.14
19,45.38,114,0.84,False,False,2,63.6,1380.81
20,45.38,88,1.09,False,False,2,107.8,1271.9
21,45.38,71,1.82,False,False,2,98.39,1172.96
22,45.38,90,1.87,False,False,2,88.84,1083.39
1,45.75,93,0.95,False,False,2,81.51,0.02
2,45.75,68,1.89,False,False,2,56.63,2583.4
3,45.75,115,0.61,False,False,2,43.42,2538.86
4,45.75,83,0.79,False,False,2,109.83,2428.37
5,45.75,60,1.94,False,False,2,32.81,2395.1
6,45.75,63,0.81,False,False,2,63.63,2330.64
7,45.75,82,1.27,False,False,2,43.89,2284.59
8,45.75,90,1.43,False,False,2,77.48,2206.4
9,45.75,89,1.34,False,False,2,135.64,2069.1
10,45.75,72,1.12,False,False,2,54.97,2012.74
11,45.75,67,0.89,False,False,2,111.06,1901.03
12,45.75,60,1.5,False,False,2,83.16,1816.9
13,45.75,80,1.29,False,False,2,90.16,1725.86
14,45.75,83,0.84,False,False,2,50.07,1674.1
15,45.75,130,1.05,False,False,2,60.2,1611.23
16,45.75,95,0.6,False,False,2,123.19,1486.86
17,45.75,84,0.96,False,False,2,31.72,1454.39
18,45.75,63,0.96,False,False,2,75.19,1378.4
19,45.75,112,1.62,False,False,2,65.24,1310.61
20,45.75,89,0.73,False,False,2,68.81,1241.11
21,45.75,73,0.86,False,False,2,67.09,1173.13
22,45.75,93,1.47,False,False,2,113.86,1058.71
1,46.12,94,0.51,False,False,2,57.19,0.01
2,46.12,68,1.73,False,False,2,22.49,2748.91
3,46.12,117,1.25,False,False,2,110.31,2637.53
4,46.12,82,1.58,False,False,2,117.54,2518.54
6,46.12,65,0.66,False,False,2,125.6,2391.28
7,46.12,85,1.72,False,False,2,127.3,2262.64
8,46.12,87,1.68,False,False,2,31.45,2229.87
9,46.12,88,0.89,False,False,2,74.98,2154.28
10,46.12,75,0.63,False,False,2,132.04,2021.28
11,46.12,66,0.55,False,False,2,38.95,1981.21
12,46.12,61,1.64,False,False,2,63.15,1917.26
13,46.12,82,1.24,False,False,2,69.34,1846.69
14,46.12,85,0.7,False,False,2,129.71,1714.5
15,46.12,132,1.5,False,False,2,142.94,1570.75
16,46.12,95,1.22,False,False,2,98.22,1471.69
17,46.12,87,1.69,False,False,2,75.7,1393.34
18,46.12,64,1.02,False,False,2,93.22,1299.0
19,46.12,111,0.54,False,False,2,118.6,1179.37
20,46.12,90,0.51,False,False,2,28.02,1148.24
21,46.12,74,0.93,False,False,2,63.0,1084.28
22,46.12,91,1.87,False,False,2,47.27,1036.33
1,46.5,96,1.97,False,False,2,33.02,0.01
2,46.5,70,1.91,False,False,2,33.02,2862.27
3,46.5,118,1.73,False,False,2,115.37,2745.98
4,46.5,80,1.05,False,False,2,90.85,2654.59
5,46.5,61,1.86,False,False,2,125.55,2525.44
6,46.5,65,1.43,False,False,2,143.3,2380.42
7,46.5,87,1.41,False,False,2,37.17,2341.89
8,46.5,89,0.94,False,False,2,72.69,2268.19
9,46.5,88,1.45,False,False,2,73.34,2194.09
10,46.5,76,1.18,False,False,2,141.65,2050.39
11,46.5,65,0.81,False,False,2,54.82,1993.56
12,46.5,60,1.48,False,False,2,144.68,1847.83
13,46.5,83,1.12,False,False,2,26.84,1819.78
14,46.5,84,0.96,False,False,2,59.19,1759.75
15,46.5,134,0.86,False,False,2,91.56,1665.77
16,46.5,98,1.62,False,False,2,105.79,1559.12
17,46.5,88,1.75,False,False,2,69.13,1489.39
18,46.5,64,0.77,False,False,2,102.32,1385.24
19,46.5,112,0.94,False,False,2,129.05,1255.22
20,46.5,88,1.92,False,False,2,123.81,1128.98
21,46.5,75,1.87,False,False,2,63.96,1063.4
22,46.5,94,1.64,False,False,2,38.62,1024.16
1,46.88,94,0.99,False,False,2,23.1,0.01
2,46.88,68,0.52,False,False,2,95.0,2596.34
3,46.88,121,1.81,False,False,2,107.35,2488.51
5,46.88,63,1.38,False,False,2,23.86,2463.02
6,46.88,62,1.29,False,False,2,89.37,2373.09
7,46.88,86,1.63,False,False,2,40.32,2332.22
8,46.88,89,1.04,False,False,2,68.01,2263.36
9,46.88,91,1.0,False,False,2,135.65,2126.81
10,46.88,75,0.89,False,False,2,76.53,2049.4
11,46.88,63,1.03,False,False,2,46.11,2002.23
12,46.88,60,1.31,False,False,2,108.28,1892.54
13,46.88,81,1.49,False,False,2,113.2,1778.49
14,46.88,85,0.55,False,False,2,38.65,1739.33
15,46.88,135,0.81,False,False,2,138.14,1600.65
16,46.88,96,1.3,False,False,2,89.51,1510.07
17,46.88,87,1.76,False,False,2,23.75,1484.97
18,46.88,67,0.71,False,False,2,97.82,1386.5
19,46.88,109,0.78,False,False,2,43.93,1341.57
20,46.88,91,1.71,False,False,2,126.14,1214.33
21,46.88,74,1.61,False,False,2,20.17,1191.73
22,46.88,94,0.65,False,False,2,101.43,1089.57
1,47.25,95,1.2,False,False,2,88.6,0.01
2,47.25,67,0.56,False,False,2,119.41,2741.88
3,47.25,120,0.75,False,False,2,100.27,2639.46
4,47.25,75,0.53,False,False,2,48.01,2589.71
5,47.25,61,1.38,False,False,2,50.17,2538.59
6,47.25,60,0.96,False,False,2,83.99,2453.93
7,47.25,88,0.64,False,False,2,66.78,2386.44
8,47.25,87,1.74,False,False,2,124.88,2260.61
9,47.25,88,1.34,False,False,2,40.17,2219.65
10,47.25,76,1.05,False,False,2,41.33,2177.84
11,47.25,61,0.91,False,False,2,136.74,2040.08
12,47.25,63,1.4,False,False,2,120.81,1918.36
13,47.25,83,1.04,False,False,2,34.07,1883.42
14,47.25,88,1.73,False,False,2,59.57,1822.89
15,47.25,136,1.1,False,False,2,136.73,1685.06
16,47.25,93,0.76,False,False,2,66.07,1618.52
17,47.25,86,0.58,False,False,2,81.04,1536.63
18,47.25,68,0.57,False,False,2,75.16,1460.73
19,47.25,107,1.86,False,False,2,137.27,1322.48
20,47.25,94,1.81,False,False,2,71.54,1250.11
21,47.25,71,1.79,False,False,2,125.61,1122.15
22,47.25,97,1.13,False,False,2,93.13,1027.46
1,47.62,98,0.56,False,False,2,26.08,0.02
2,47.62,64,0.72,False,False,2,57.42,2673.57
3,47.62,117,1.65,False,False,2,93.49,2579.51
4,47.62,76,1.31,False,False,2,60.86,2517.75
5,47.62,60,0.86,False,False,2,69.34,2447.68
6,47.62,60,1.41,False,False,2,105.74,2341.23
7,47.62,90,0.77,False,False,2,65.19,2274.11
8,47.62,88,1.59,False,False,2,41.66,2231.42
9,47.62,85,0.68,False,False,2,98.62,2131.92
10,47.62,77,0.94,False,False,2,72.07,2059.37
11,47.62,62,1.64,False,False,2,111.96,1944.51
12,47.62,66,0.51,False,False,2,24.37,1919.11
13,47.62,82,1.98,False,False,2,28.09,1890.3
14,47.62,89,0.55,False,False,2,89.82,1799.75
15,47.62,135,0.93,False,False,2,119.07,1679.03
16,47.62,95,1.8,False,False,2,134.92,1541.55
17,47.62,89,1.92,False,False,2,115.87,1424.65
18,47.62,69,1.45,False,False,2,29.75,1389.98
19,47.62,108,0.96,False,False,2,108.47,1280.25
20,47.62,93,1.32,False,False,2,97.28,1181.95
21,47.62,68,0.58,False,False,2,127.28,1053.55
22,47.62,96,1.85,False,False,2,25.26,1027.43
1,48.0,99,1.23,False,False,2,26.58,0.01
2,48.0,61,0.59,False,False,2,86.58,2786.35
3,48.0,117,1.84,False,False,2,141.19,2643.74
4,48.0,78,0.71,False,False,2,62.83,2580.11
5,48.0,62,1.09,False,False,2,102.51,2477.08
6,48.0,60,1.12,False,False,2,131.73,2344.89
7,48.0,92,0.98,False,False,2,109.9,2234.01
8,48.0,90,1.45,False,False,2,91.48,2141.69
9,48.0,88,0.95,False,False,2,20.42,2120.61
10,48.0,78,1.61,False,False,2,39.55,2079.97
11,48.0,63,1.0,False,False,2,73.56,2005.44
12,48.0,63,1.55,False,False,2,76.06,1927.27
13,48.0,84,0.64,False,False,2,90.73,1835.3
14,48.0,88,0.97,False,False,2,115.34,1718.32
15,48.0,133,0.86,False,False,2,72.59,1645.14
16,48.0,93,1.37,False,False,2,75.85,1568.54
17,48.0,89,1.65,False,False,2,72.05,1494.98
18,48.0,71,0.73,False,False,2,52.72,1441.29
19,48.0,106,0.83,False,False,2,139.45,1301.06
20,48.0,90,1.23,False,False,2,71.54,1228.29
21,48.0,68,0.69,False,False,2,22.56,1204.49
22,48.0,96,0.86,False,False,2,68.57,1135.2
1,48.38,97,1.1,False,False,2,133.66,0.02
2,48.38,60,1.4,False,False,2,89.56,2701.43
3,48.38,115,1.99,False,False,2,29.54,2670.45
4,48.38,81,1.68,False,False,2,42.41,2627.29
5,48.38,61,1.97,False,False,2,93.18,2533.02
6,48.38,61,1.5,False,False,2,107.03,2425.41
7,48.38,95,0.75,False,False,2,60.43,2362.61
8,48.38,93,1.6,False,False,2,86.82,2274.94
9,48.38,87,1.56,False,False,2,142.63,2131.3
10,48.38,79,1.0,False,False,2,72.12,2056.69
11,48.38,63,1.33,False,False,2,148.42,1907.68
12,48.38,65,0.96,False,False,2,27.99,1878.2
13,48.38,85,0.61,False,False,2,25.03,1852.52
14,48.38,87,1.38,False,False,2,80.44,1771.3
15,48.38,136,0.65,False,False,2,125.32,1645.22
16,48.38,95,1.15,False,False,2,39.13,1605.18
17,48.38,88,0.73,False,False,2,59.67,1543.97
18,48.38,69,0.56,False,False,2,46.26,1496.6
19,48.38,107,0.55,False,False,2,20.94,1475.02
20,48.38,90,1.65,False,False,2,44.86,1429.33
21,48.38,70,1.47,False,False,2,138.1,1290.44
22,48.38,96,0.68,False,False,2,148.42,1141.06
1,48.75,97,1.52,False,False,2,139.36,0.01
2,48.75,60,0.93,False,False,2,22.02,2586.53
3,48.75,116,0.87,False,False,2,31.05,2554.89
4,48.75,78,0.99,False,False,2,106.45,2447.54
5,48.75,60,1.37,False,False,2,22.73,2423.44
6,48.75,63,1.69,False,False,2,149.68,2272.61
7,48.75,98,1.12,False,False,2,124.85,2146.89
8,48.75,93,1.06,False,False,2,22.01,2123.88
9,48.75,89,1.25,False,False,2,85.31,2037.64
11,48.75,64,1.82,False,False,2,47.99,1988.05
12,48.75,67,1.58,False,False,2,107.77,1878.91
13,48.75,88,0.92,False,False,2,61.56,1815.94
14,48.75,89,1.07,False,False,2,63.8,1751.77
15,48.75,134,1.42,False,False,2,66.66,1682.72
16,48.75,93,1.13,False,False,2,53.77,1626.81
17,48.75,86,1.48,False,False,2,83.28,1542.55
18,48.75,66,1.74,False,False,2,123.46,1417.88
19,48.75,109,1.27,False,False,2,149.72,1267.22
20,48.75,91,1.28,False,False,2,40.22,1224.52
21,48.75,69,1.22,False,False,2,85.96,1137.48
22,48.75,94,1.52,False,False,2,70.55,1064.39
1,49.12,97,1.3,False,False,2,62.8,0.02
2,49.12,60,0.52,False,False,2,59.57,2850.34
3,49.12,119,1.87,False,False,2,131.59,2717.99
4,49.12,81,1.64,False,False,2,121.64,2595.41
5,49.12,60,1.64,False,False,2,64.41,2530.41
6,49.12,62,1.53,False,False,2,27.7,2500.26
7,49.12,95,0.7,False,False,2,60.05,2437.74
8,49.12,90,1.96,False,False,2,96.95,2340.09
9,49.12,90,1.59,False,False,2,84.85,2253.45
10,49.12,79,1.37,False,False,2,60.23,2192.12
11,49.12,67,1.14,False,False,2,81.71,2109.73
13,49.12,88,1.35,False,False,2,131.16,1976.61
14,49.12,86,0.81,False,False,2,141.51,1834.5
15,49.12,137,1.21,False,False,2,114.21,1719.26
16,49.12,90,1.6,False,False,2,34.95,1683.65
17,49.12,88,0.84,False,False,2,104.9,1578.03
18,49.12,63,1.66,False,False,2,78.24,1498.99
19,49.12,108,1.81,False,False,2,70.06,1427.47
20,49.12,90,1.87,False,False,2,107.38,1319.53
21,49.12,66,1.05,False,False,2,143.25,1174.81
22,49.12,95,1.16,False,False,2,116.18,1058.15
1,49.5,99,1.29,False,False,2,57.25,0.01
2,49.5,63,1.71,False,False,2,121.44,2937.73
3,49.5,118,0.69,False,False,2,137.32,2799.85
4,49.5,80,0.58,False,False,2,95.34,2703.75
5,49.5,60,0.52,False,False,2,58.15,2644.57
6,49.5,62,1.75,False,False,2,88.75,2555.25
7,49.5,95,0.91,False,False,2,49.39,2504.34
8,49.5,91,1.54,False,False,2,35.07,2468.42
9,49.5,92,1.08,False,False,2,62.25,2405.15
10,49.5,80,0.95,False,False,2,38.53,2365.64
11,49.5,67,1.52,False,False,2,86.73,2278.05
12,49.5,66,0.82,False,False,2,95.41,2181.16
13,49.5,91,1.67,False,False,2,148.45,2031.44
14,49.5,85,1.82,False,False,2,106.93,1923.32
15,49.5,134,1.12,False,False,2,139.09,1781.91
16,49.5,87,0.94,False,False,2,94.14,1687.09
17,49.5,86,1.23,False,False,2,115.53,1570.96
18,49.5,60,0.62,False,False,2,75.09,1495.48
19,49.5,108,0.75,False,False,2,123.82,1370.88
20,49.5,87,0.94,False,False,2,23.39,1346.6
21,49.5,69,1.66,False,False,2,125.42,1220.52
22,49.5,92,1.05,False,False,2,121.31,1096.54
1,49.88,100,1.61,False,False,2,95.61,0.01
2,49.88,65,1.03,False,False,2,42.98,2555.72
3,49.88,116,0.62,False,False,2,59.74,2495.08
4,49.88,80,0.87,False,False,2,66.32,2427.93
5,49.88,60,0.51,False,False,2,131.17,2295.77
6,49.88,63,1.59,False,False,2,106.1,2188.19
7,49.88,98,1.06,False,False,2,52.82,2134.09
8,49.88,92,1.41,False,False,2,123.45,2009.5
9,49.88,90,1.63,False,False,2,92.61,1915.93
10,49.88,77,1.1,False,False,2,113.41,1801.6
11,49.88,66,1.64,False,False,2,20.47,1780.41
12,49.88,67,0.56,False,False,2,118.28,1660.95
13,49.88,91,1.72,False,False,2,30.56,1629.26
14,49.88,82,0.58,False,False,2,51.74,1576.58
15,49.88,133,1.27,False,False,2,114.37,1461.73
16,49.88,89,1.5,False,False,2,51.09,1410.08
17,49.88,86,1.42,False,False,2,75.95,1333.25
18,49.88,60,1.53,False,False,2,36.98,1295.69
19,49.88,111,0.94,False,False,2,35.74,1259.17
20,49.88,89,0.93,False,False,2,96.81,1161.47
21,49.88,66,0.91,False,False,2,44.39,1116.41
22,49.88,91,1.53,False,False,2,34.62,1081.01
1,50.25,101,1.61,False,False,2,79.57,0.01
2,50.25,64,0.71,False,False,2,78.97,2710.87
3,50.25,117,0.54,False,False,2,41.21,2669.19
4,50.25,81,0.72,False,False,2,61.41,2607.13
5,50.25,61,0.87,False,False,2,96.62,2508.31
6,50.25,64,0.92,False,False,2,81.14,2426.67
7,50.25,99,1.57,False,False,2,140.22,2285.7
8,50.25,89,1.32,False,False,2,83.98,2200.08
9,50.25,88,0.88,False,False,2,35.45,2163.96
10,50.25,74,1.46,False,False,2,118.23,2045.12
11,50.25,67,1.63,False,False,2,113.75,1930.56
12,50.25,65,0.57,False,False,2,96.31,1833.54
13,50.25,88,0.58,False,False,2,91.02,1741.94
14,50.25,79,1.03,False,False,2,49.51,1691.81
15,50.25,131,1.44,False,False,2,25.79,1665.14
16,50.25,88,0.72,False,False,2,78.64,1586.01
17,50.25,87,0.84,False,False,2,148.07,1436.98
18,50.25,62,1.11,False,False,2,100.89,1334.58
19,50.25,108,1.63,False,False,2,27.49,1306.44
20,50.25,91,0.86,False,False,2,133.39,1172.13
21,50.25,67,1.64,False,False,2,47.56,1124.04
22,50.25,90,1.11,False,False,2,42.07,1080.91
1,50.62,100,1.39,False,False,2,79.02,0.01
2,50.62,67,1.88,False,False,2,29.82,2924.96
3,50.62,116,0.91,False,False,2,34.94,2888.25
4,50.62,80,1.78,False,False,2,103.99,2782.6
5,50.62,62,1.32,False,False,2,35.31,2746.43
6,50.62,67,1.67,False,False,2,92.31,2651.81
7,50.62,97,1.73,False,False,2,78.73,2570.17
8,50.62,87,1.74,False,False,2,139.55,2429.53
9,50.62,91,0.53,False,False,2,79.64,2349.3
10,50.62,74,0.95,False,False,2,39.25,2309.1
11,50.62,69,1.76,False,False,2,26.32,2281.71
12,50.62,68,1.61,False,False,2,98.55,2182.41
13,50.62,87,0.67,False,False,2,98.83,2081.84
14,50.62,82,0.91,False,False,2,128.61,1952.4
15,50.62,134,0.61,False,False,2,64.08,1887.52
16,50.62,87,1.9,False,False,2,89.24,1796.83
17,50.62,87,1.64,False,False,2,117.25,1677.9
18,50.62,65,1.59,False,False,2,85.53,1591.37
19,50.62,108,1.31,False,False,2,141.27,1449.16
20,50.62,93,0.8,False,False,2,145.42,1302.86
21,50.62,70,1.34,False,False,2,59.46,1242.53
22,50.62,88,1.92,False,False,2,97.28,1144.68
2,51.0,70,1.86,False,False,2,142.94,0.02
3,51.0,118,1.3,False,False,2,92.48,2826.74
4,51.0,78,1.21,False,False,2,46.3,2779.34
5,51.0,63,1.64,False,False,2,148.83,2629.89
6,51.0,65,1.66,False,False,2,59.18,2569.82
7,51.0,96,0.55,False,False,2,120.6,2448.56
8,51.0,86,0.66,False,False,2,43.75,2403.8
9,51.0,90,1.34,False,False,2,127.85,2274.91
10,51.0,76,1.86,False,False,2,84.26,2189.76
11,51.0,68,0.8,False,False,2,130.92,2058.18
12,51.0,66,0.6,False,False,2,62.9,1994.8
13,51.0,84,0.95,False,False,2,53.88,1939.82
14,51.0,80,1.63,False,False,2,61.63,1877.41
15,51.0,135,1.67,False,False,2,138.32,1736.7
16,51.0,87,1.82,False,False,2,22.6,1712.29
17,51.0,90,1.25,False,False,2,25.31,1685.2
18,51.0,66,1.65,False,False,2,142.35,1541.78
19,51.0,108,0.97,False,False,2,59.83,1481.32
20,51.0,91,1.6,False,False,2,139.77,1340.27
21,51.0,70,1.22,False,False,2,132.11,1207.12
22,51.0,91,0.63,False,False,2,96.59,1109.86
1,51.38,96,0.82,False,False,2,108.63,0.01
2,51.38,73,1.79,False,False,2,96.32,2644.32
3,51.38,115,1.88,False,False,2,70.37,2573.4
4,51.38,76,1.0,False,False,2,90.55,2481.9
5,51.38,62,1.97,False,False,2,104.71,2376.73
6,51.38,63,0.88,False,False,2,116.61,2259.4
7,51.38,97,1.47,False,False,2,147.65,2110.42
8,51.38,85,1.14,False,False,2,38.08,2071.38
9,51.38,92,1.84,False,False,2,59.11,2011.39
10,51.38,74,1.47,False,False,2,49.52,1961.37
11,51.38,67,1.59,False,False,2,60.72,1899.94
12,51.38,69,1.49,False,False,2,60.69,1838.26
13,51.38,84,1.02,False,False,2,73.64,1764.16
14,51.38,81,1.84,False,False,2,52.43,1711.04
15,51.38,135,0.5,False,False,2,74.67,1635.49
16,51.38,90,1.24,False,False,2,75.67,1558.82
17,51.38,90,1.13,False,False,2,72.67,1485.48
18,51.38,69,1.21,False,False,2,130.35,1354.17
19,51.38,105,0.94,False,False,2,70.45,1282.84
20,51.38,90,1.86,False,False,2,67.76,1214.45
21,51.38,69,1.7,False,False,2,131.92,1082.2
22,51.38,93,0.78,False,False,2,37.24,1044.45
1,51.75,94,0.86,False,False,2,43.05,0.02
2,51.75,71,1.22,False,False,2,26.4,2542.49
3,51.75,115,0.9,False,False,2,36.69,2505.22
4,51.75,75,1.39,False,False,2,55.82,2448.63
5,51.75,60,0.52,False,False,2,107.83,2340.21
6,51.75,65,1.16,False,False,2,109.38,2230.43
7,51.75,97,0.58,False,False,2,29.8,2199.72
8,51.75,87,0.64,False,False,2,135.91,2063.33
9,51.75,92,0.93,False,False,2,65.15,1997.44
10,51.75,72,0.51,False,False,2,127.06,1869.59
11,51.75,66,0.55,False,False,2,34.07,1834.71
12,51.75,66,1.6,False,False,2,46.55,1786.94
13,51.75,84,1.54,False,False,2,27.71,1758.32
14,51.75,81,0.56,False,False,2,34.36,1723.03
15,51.75,136,0.75,False,False,2,147.77,1574.77
16,51.75,88,1.57,False,False,2,132.06,1442.0
17,51.75,93,1.34,False,False,2,100.03,1341.35
18,51.75,66,1.04,False,False,2,43.39,1296.83
19,51.75,102,1.22,False,False,2,80.51,1215.64
20,51.75,90,1.77,False,False,2,83.33,1131.49
21,51.75,67,0.78,False,False,2,27.28,1103.41
22,51.75,92,1.32,False,False,2,79.52,1022.47
1,52.12,91,0.79,False,False,2,20.59,0.02
2,52.12,72,0.7,False,False,2,116.44,1884.0
3,52.12,116,1.63,False,False,2,58.34,1825.18
4,52.12,76,0.93,False,False,2,78.27,1745.9
5,52.12,60,1.15,False,False,2,115.1,1630.17
6,52.12,62,1.56,False,False,2,89.28,1539.89
7,52.12,98,1.77,False,False,2,56.63,1482.59
8,52.12,84,0.7,False,False,2,135.25,1346.28
9,52.12,92,1.12,False,False,2,123.55,1221.1
10,52.12,74,1.97,False,False,2,44.88,1175.24
11,52.12,67,1.78,False,False,2,134.85,1039.52
12,52.12,68,1.33,False,False,2,108.48,930.15
14,52.12,79,1.14,False,False,2,55.44,873.77
15,52.12,138,0.88,False,False,2,32.2,834.86
16,52.12,88,0.68,False,False,2,103.64,730.53
17,52.12,93,1.95,False,False,2,134.49,595.2
18,52.12,64,1.11,False,False,2,142.32,452.2
19,52.12,100,1.93,False,False,2,79.18,372.31
20,52.12,91,1.55,False,False,2,85.56,285.55
21,52.12,69,1.4,False,False,2,146.15,138.93
22,52.12,89,0.64,False,False,2,138.42,0.02
1,52.5,90,1.78,False,False,2,146.74,985.27
2,52.5,75,0.95,False,False,2,108.9,875.5
3,52.5,115,1.57,False,False,2,81.19,791.47
4,52.5,77,0.67,False,False,2,23.08,767.82
5,52.5,61,1.17,False,False,2,86.63,680.19
6,52.5,63,2.0,False,False,2,129.62,549.9
7,52.5,97,0.57,False,False,2,139.5,409.53
8,52.5,83,1.04,False,False,2,81.1,327.63
9,52.5,91,0.65,False,False,2,20.32,305.88
10,52.5,75,1.22,False,False,2,39.04,265.85
11,52.5,64,1.87,False,False,2,50.92,213.73
12,52.5,66,1.55,False,False,2,62.35,150.11
13,52.5,85,1.49,False,False,2,149.38,0.01
14,52.5,77,1.51,False,False,2,37.42,1978.88
15,52.5,137,1.45,False,False,2,135.41,1841.02
16,52.5,85,1.32,False,False,2,130.29,1709.13
17,52.5,96,1.69,False,False,2,73.19,1635.07
18,52.5,62,0.99,False,False,2,104.87,1529.09
19,52.5,100,0.99,False,False,2,66.83,1461.0
20,52.5,89,1.6,False,False,2,27.78,1431.89
21,52.5,70,0.69,False,False,2,78.84,1352.6
22,52.5,90,0.93,False,False,2,48.85,1302.86
1,52.88,90,0.96,False,False,2,42.79,258.83
2,52.88,75,1.97,False,False,2,111.35,146.26
3,52.88,116,1.16,False,False,2,117.87,27.62
4,52.88,77,0.65,False,False,2,26.31,0.02
5,52.88,63,1.33,False,False,2,54.99,2212.52
6,52.88,60,1.36,False,False,2,98.49,2113.26
7,52.88,100,1.42,False,False,2,119.96,1990.93
8,52.88,84,1.66,False,False,2,125.38,1865.09
9,52.88,93,1.22,False,False,2,28.25,1836.28
10,52.88,72,0.66,False,False,2,35.96,1798.43
11,52.88,66,1.31,False,False,2,119.89,1677.91
12,52.88,65,1.85,False,False,2,20.69,1656.48
13,52.88,86,1.17,False,False,2,99.12,1555.98
14,52.88,75,0.78,False,False,2,34.73,1519.69
15,52.88,140,1.67,False,False,2,76.51,1441.85
16,52.88,83,1.71,False,False,2,54.96,1384.68
18,52.88,64,0.52,False,False,2,107.18,1275.94
19,52.88,101,1.04,False,False,2,104.38,1168.88
20,52.88,87,0.92,False,False,2,52.73,1115.4
21,52.88,71,0.7,False,False,2,57.42,1057.32
22,52.88,90,1.75,False,False,2,31.57,1024.89
1,53.25,89,0.91,False,False,2,21.71,0.02
2,53.25,74,1.25,False,False,2,80.48,2837.08
3,53.25,119,0.87,False,False,2,22.12,2813.92
4,53.25,77,1.23,False,False,2,101.89,2708.32
5,53.25,61,1.27,False,False,2,114.11,2592.55
6,53.25,61,1.66,False,False,2,117.1,2474.5
7,53.25,101,0.76,False,False,2,107.33,2365.67
8,53.25,85,1.79,False,False,2,87.3,2277.12
9,53.25,94,1.67,False,False,2,52.23,2223.55
10,53.25,72,1.41,False,False,2,21.59,2200.89
11,53.25,63,1.37,False,False,2,75.52,2124.61
12,53.25,64,1.29,False,False,2,111.87,2011.92
13,53.25,88,0.66,False,False,2,48.94,1961.6
14,53.25,74,1.88,False,False,2,143.59,1816.63
15,53.25,140,1.03,False,False,2,133.87,1680.54
16,53.25,85,0.69,False,False,2,82.09,1597.67
17,53.25,98,1.4,False,False,2,28.17,1567.61
18,53.25,62,1.04,False,False,2,118.98,1446.54
19,53.25,99,0.83,False,False,2,96.35,1347.55
20,53.25,90,0.97,False,False,2,46.46,1300.41
21,53.25,68,1.2,False,False,2,64.16,1235.22
22,53.25,88,0.82,False,False,2,144.25,1089.78
1,53.62,86,1.0,False,False,2,88.23,0.01
2,53.62,75,1.52,False,False,2,146.28,2575.27
3,53.62,122,1.29,False,False,2,22.65,2551.61
4,53.62,79,1.97,False,False,2,22.74,2528.12
5,53.62,64,0.81,False,False,2,109.67,2417.29
6,53.62,64,1.45,False,False,2,41.34,2375.24
7,53.62,104,0.7,False,False,2,54.1,2320.33
8,53.62,84,0.86,False,False,2,55.78,2263.63
9,53.62,97,0.9,False,False,2,50.33,2210.66
10,53.62,73,1.97,False,False,2,66.69,2142.97
11,53.62,64,1.23,False,False,2,126.77,2014.08
12,53.62,62,1.65,False,False,2,52.7,1960.76
13,53.62,85,1.25,False,False,2,77.9,1881.57
14,53.62,75,1.53,False,False,2,148.92,1730.81
15,53.62,143,0.64,False,False,2,142.84,1586.92
16,53.62,88,0.74,False,False,2,92.17,1492.01
17,53.62,100,0.63,False,False,2,38.42,1452.53
18,53.62,60,1.2,False,False,2,37.0,1414.85
19,53.62,102,0.94,False,False,2,146.81,1267.09
20,53.62,87,1.27,False,False,2,106.15,1160.19
21,53.62,70,1.62,False,False,2,68.95,1088.69
22,53.62,89,1.54,False,False,2,30.55,1055.95
1,54.0,87,1.7,False,False,2,54.47,0.02
2,54.0,72,1.0,False,False,2,102.12,2953.84
3,54.0,125,1.16,False,False,2,123.0,2830.25
4,54.0,78,1.12,False,False,2,37.31,2792.11
5,54.0,61,1.77,False,False,2,71.02,2720.28
6,54.0,65,1.45,False,False,2,147.69,2571.5
7,54.0,106,0.96,False,False,2,134.62,2435.84
8,54.0,87,1.52,False,False,2,60.6,2374.67
9,54.0,96,0.54,False,False,2,77.63,2295.92
10,54.0,76,0.72,False,False,2,89.02,2204.75
11,54.0,66,1.8,False,False,2,78.12,2125.62
12,54.0,65,1.55,False,False,2,108.56,2016.14
13,54.0,88,1.78,False,False,2,82.02,1932.08
14,54.0,75,1.57,False,False,2,67.48,1863.76
15,54.0,140,0.76,False,False,2,44.95,1817.04
16,54.0,85,1.7,False,False,2,148.74,1666.01
17,54.0,102,1.37,False,False,2,51.25,1614.04
18,54.0,60,1.25,False,False,2,147.42,1465.02
19,54.0,105,1.38,False,False,2,100.2,1364.08
20,54.0,84,0.61,False,False,2,45.23,1317.84
21,54.0,68,0.59,False,False,2,49.51,1266.23
22,54.0,86,0.89,False,False,2,149.74,1115.29
1,54.38,87,1.42,False,False,2,113.81,0.02
2,54.38,75,1.5,False,False,2,92.8,2919.07
3,54.38,127,1.47,False,False,2,30.65,2887.73
4,54.38,77,1.03,False,False,2,25.0,2862.05
5,54.38,60,0.62,False,False,2,123.48,2737.81
6,54.38,65,1.22,False,False,2,87.84,2649.08
7,54.38,104,0.64,False,False,2,118.46,2530.09
8,54.38,89,0.83,False,False,2,54.24,2474.41
9,54.38,96,0.56,False,False,2,111.93,2359.78
10,54.38,77,0.77,False,False,2,72.8,2285.33
11,54.38,63,1.58,False,False,2,129.61,2154.93
12,54.38,67,1.34,False,False,2,67.56,2086.61
13,54.38,85,1.52,False,False,2,47.11,2038.68
14,54.38,76,1.88,False,False,2,107.26,1930.48
15,54.38,143,1.74,False,False,2,116.16,1813.06
16,54.38,83,0.59,False,False,2,90.22,1722.04
17,54.38,99,0.7,False,False,2,79.48,1642.21
18,54.38,60,2.0,False,False,2,132.8,1508.91
19,54.38,107,1.77,False,False,2,91.54,1416.83
20,54.38,81,1.08,False,False,2,108.45,1306.72
21,54.38,69,1.63,False,False,2,136.2,1169.29
22,54.38,89,1.52,False,False,2,134.87,1033.7
1,54.75,87,1.75,False,False,2,32.21,0.02
2,54.75,77,1.3,False,False,2,112.18,2889.35
4,54.75,78,1.07,False,False,2,119.68,2767.65
5,54.75,61,1.03,False,False,2,61.2,2705.63
6,54.75,68,0.61,False,False,2,104.53,2600.54
7,54.75,107,1.63,False,False,2,57.67,2541.96
8,54.75,87,1.33,False,False,2,100.66,2440.62
9,54.75,99,0.88,False,False,2,94.57,2343.03
10,54.75,74,1.49,False,False,2,39.37,2302.98
11,54.75,61,1.81,False,False,2,91.09,2210.12
12,54.75,70,1.63,False,False,2,114.46,2094.71
13,54.75,87,1.12,False,False,2,133.2,1960.71
14,54.75,78,1.47,False,False,2,40.59,1918.04
15,54.75,140,0.71,False,False,2,148.8,1768.13
16,54.75,81,1.56,False,False,2,143.6,1623.12
17,54.75,96,1.39,False,False,2,53.42,1569.01
18,54.75,60,1.95,False,False,2,50.13,1518.12
19,54.75,104,1.11,False,False,2,103.49,1413.62
20,54.75,79,0.9,False,False,2,36.92,1376.03
21,54.75,71,1.06,False,False,2,116.73,1258.47
22,54.75,91,1.68,False,False,2,109.52,1148.34
1,55.12,84,1.07,False,False,2,145.53,0.01
2,55.12,79,1.43,False,False,2,80.63,2710.97
3,55.12,124,1.11,False,False,2,50.52,2659.75
4,55.12,81,1.74,False,False,2,54.5,2604.47
5,55.12,60,0.83,False,False,2,137.82,2465.49
6,55.12,67,1.86,False,False,2,57.31,2406.6
7,55.12,109,1.47,False,False,2,78.38,2327.39
8,55.12,90,0.72,False,False,2,95.89,2230.8
9,55.12,98,0.84,False,False,2,71.59,2157.19
10,55.12,76,0.82,False,False,2,73.59,2082.91
11,55.12,62,1.65,False,False,2,87.04,1994.96
12,55.12,70,0.77,False,False,2,32.23,1962.1
13,55.12,87,0.66,False,False,2,86.52,1874.7
14,55.12,80,1.83,False,False,2,44.07,1829.6
15,55.12,138,1.5,False,False,2,74.03,1754.57
16,55.12,80,1.01,False,False,2,123.85,1629.92
17,55.12,97,0.84,False,False,2,63.34,1565.74
18,55.12,63,0.74,False,False,2,136.93,1427.79
19,55.12,102,0.51,False,False,2,73.9,1352.08
20,55.12,79,0.69,False,False,2,136.16,1215.06
21,55.12,70,1.86,False,False,2,64.19,1150.15
22,55.12,91,1.41,False,False,2,78.0,1070.97
1,55.5,84,1.19,False,False,2,68.86,0.01
2,55.5,80,0.52,False,False,2,32.57,2641.04
3,55.5,123,1.68,False,False,2,45.29,2595.07
4,55.5,81,1.18,False,False,2,40.16,2553.11
5,55.5,60,1.95,False,False,2,35.51,2515.95
6,55.5,66,1.99,False,False,2,76.76,2438.53
7,55.5,110,1.19,False,False,2,133.48,2304.31
8,55.5,91,1.36,False,False,2,111.17,2190.51
9,55.5,95,1.96,False,False,2,78.54,2110.91
10,55.5,73,0.81,False,False,2,90.5,2019.78
11,55.5,60,1.17,False,False,2,64.99,1953.8
12,55.5,70,0.63,False,False,2,93.7,1859.38
13,55.5,84,1.63,False,False,2,101.84,1755.71
14,55.5,77,1.74,False,False,2,37.71,1717.28
15,55.5,137,1.51,False,False,2,88.85,1627.44
16,55.5,83,0.87,False,False,2,147.47,1479.12
17,55.5,94,1.8,False,False,2,23.75,1454.84
18,55.5,65,1.3,False,False,2,140.48,1312.4
19,55.5,101,0.51,False,False,2,53.73,1257.09
20,55.5,76,1.39,False,False,2,131.15,1125.05
21,55.5,72,1.75,False,False,2,55.98,1068.29
22,55.5,91,1.66,False,False,2,40.44,1025.94
1,55.88,81,1.53,False,False,2,24.44,0.02
2,55.88,77,0.55,False,False,2,105.17,2807.03
3,55.88,122,0.98,False,False,2,68.34,2737.63
4,55.88,80,1.49,False,False,2,141.05,2595.81
5,55.88,60,0.54,False,False,2,41.97,2552.96
6,55.88,65,0.92,False,False,2,142.91,2409.46
7,55.88,110,1.66,False,False,2,63.47,2345.46
8,55.88,94,0.75,False,False,2,93.82,2250.92
9,55.88,92,1.75,False,False,2,78.33,2171.95
10,55.88,75,1.03,False,False,2,138.29,2032.88
11,55.88,61,1.42,False,False,2,70.39,1961.84
12,55.88,71,1.71,False,False,2,122.21,1838.6
13,55.88,81,1.92,False,False,2,45.89,1791.86
14,55.88,79,1.49,False,False,2,45.12,1744.03
15,55.88,138,1.79,False,False,2,124.12,1618.85
16,55.88,80,1.85,False,False,2,77.11,1541.19
17,55.88,91,1.97,False,False,2,38.89,1500.4
18,55.88,68,1.21,False,False,2,76.05,1422.65
19,55.88,101,0.79,False,False,2,98.09,1323.06
20,55.88,75,0.69,False,False,2,101.91,1220.16
21,55.88,73,1.01,False,False,2,124.47,1095.0
22,55.88,89,0.51,False,False,2,44.06,1049.93
1,56.25,79,1.58,False,False,2,47.61,0.02
2,56.25,74,0.57,False,False,2,128.01,2711.77
3,56.25,123,1.23,False,False,2,49.04,2660.88
4,56.25,83,0.6,False,False,2,130.61,2528.82
5,56.25,63,1.46,False,False,2,131.64,2396.08
6,56.25,66,1.04,False,False,2,34.91,2359.56
7,56.25,110,1.03,False,False,2,131.84,2226.65
8,56.25,95,1.62,False,False,2,81.64,2142.54
9,56.25,92,1.39,False,False,2,112.2,2028.37
10,56.25,74,1.3,False,False,2,20.45,2007.16
11,56.25,62,0.7,False,False,2,121.57,1884.56
12,56.25,68,1.02,False,False,2,114.99,1768.89
13,56.25,83,0.59,False,False,2,98.36,1669.73
14,56.25,82,1.24,False,False,2,97.48,1571.46
15,56.25,137,1.46,False,False,2,79.89,1490.75
16,56.25,83,0.74,False,False,2,31.89,1458.24
17,56.25,88,1.53,False,False,2,59.97,1395.32
19,56.25,99,1.58,False,False,2,42.55,1351.21
20,56.25,73,0.89,False,False,2,135.1,1215.16
21,56.25,73,1.63,False,False,2,143.89,1070.49
22,56.25,86,1.59,False,False,2,27.08,1042.85
1,56.62,81,1.09,False,False,2,40.99,0.01
2,56.62,75,1.07,False,False,2,43.99,2817.16
3,56.62,123,0.71,False,False,2,129.54,2687.02
4,56.62,83,1.6,False,False,2,140.62,2545.27
5,56.62,60,0.52,False,False,2,32.14,2512.22
6,56.62,63,0.95,False,False,2,100.3,2411.08
7,56.62,111,1.8,False,False,2,47.79,2362.48
8,56.62,98,0.83,False,False,2,84.43,2277.38
9,56.62,90,1.16,False,False,2,39.44,2236.63
10,56.62,74,1.47,False,False,2,52.34,2182.55
11,56.62,64,1.22,False,False,2,31.7,2150.01
12,56.62,65,1.31,False,False,2,111.17,2037.86
13,56.62,83,0.56,False,False,2,123.29,1912.77
14,56.62,81,1.09,False,False,2,101.19,1810.71
15,56.62,134,1.22,False,False,2,147.77,1660.37
16,56.62,83,1.07,False,False,2,44.25,1614.05
17,56.62,90,1.25,False,False,2,95.04,1518.12
18,56.62,70,1.54,False,False,2,38.65,1477.98
19,56.62,100,0.67,False,False,2,93.98,1383.15
20,56.62,74,0.55,False,False,2,97.68,1283.09
21,56.62,76,1.48,False,False,2,69.66,1212.63
22,56.62,87,0.58,False,False,2,146.21,1065.59
1,57.0,80,0.92,False,False,2,64.1,0.01
2,57.0,76,1.36,False,False,2,119.52,2616.64
3,57.0,121,1.33,False,False,2,116.31,2499.27
4,57.0,84,1.88,False,False,2,121.23,2376.66
5,57.0,60,0.69,False,False,2,66.6,2309.01
6,57.0,64,1.76,False,False,2,122.47,2185.42
7,57.0,111,1.32,False,False,2,118.45,2065.81
8,57.0,98,0.69,False,False,2,47.73,2017.28
9,57.0,91,1.74,False,False,2,129.08,1885.72
10,57.0,71,1.96,False,False,2,52.52,1832.24
11,57.0,65,0.71,False,False,2,82.65,1747.51
12,57.0,68,0.59,False,False,2,67.3,1679.72
13,57.0,80,1.81,False,False,2,64.89,1614.1
14,57.0,82,1.93,False,False,2,68.67,1544.43
15,57.0,131,0.51,False,False,2,22.76,1520.13
16,57.0,86,0.56,False,False,2,95.49,1423.73
17,57.0,90,1.72,False,False,2,134.25,1287.82
18,57.0,68,1.73,False,False,2,47.72,1238.85
19,57.0,100,0.55,False,False,2,23.49,1214.38
20,57.0,73,1.27,False,False,2,55.85,1157.73
21,57.0,79,0.88,False,False,2,63.66,1093.49
22,57.0,85,1.6,False,False,2,62.97,1028.59
1,57.38,79,0.97,False,False,2,26.43,0.02
2,57.38,79,1.32,False,False,2,116.93,2980.32
3,57.38,123,1.54,False,False,2,61.22,2916.38
4,57.38,87,1.21,False,False,2,99.84,2811.57
5,57.38,62,1.63,False,False,2,140.85,2669.73
6,57.38,65,1.25,False,False,2,78.21,2590.26
7,57.38,108,1.08,False,False,2,133.02,2456.07
8,57.38,98,1.17,False,False,2,28.3,2427.33
9,57.38,90,1.16,False,False,2,128.44,2298.01
10,57.38,69,1.59,False,False,2,102.56,2192.7
11,57.38,62,0.66,False,False,2,63.86,2127.61
12,57.38,71,0.68,False,False,2,87.03,2038.82
13,57.38,78,0.8,False,False,2,20.68,2015.97
14,57.38,80,1.74,False,False,2,97.75,1917.7
15,57.38,133,0.97,False,False,2,79.77,1836.88
16,57.38,86,1.25,False,False,2,118.84,1716.91
17,57.38,93,1.89,False,False,2,133.91,1580.86
18,57.38,66,1.87,False,False,2,135.73,1443.36
19,57.38,101,1.94,False,False,2,33.06,1409.42
20,57.38,73,0.7,False,False,2,105.21,1303.26
21,57.38,79,1.24,False,False,2,119.01,1183.44
22,57.38,83,0.69,False,False,2,30.89,1151.11
1,57.75,81,1.97,False,False,2,149.44,0.02
2,57.75,80,0.52,False,False,2,117.05,2524.72
3,57.75,122,0.86,False,False,2,97.18,2426.63
4,57.75,89,1.19,False,False,2,26.48,2399.42
5,57.75,64,0.78,False,False,2,35.52,2363.09
6,57.75,67,1.95,False,False,2,144.09,2218.19
7,57.75,106,1.3,False,False,2,26.71,2189.74
8,57.75,97,1.99,False,False,2,73.45,2115.6
9,57.75,88,0.91,False,False,2,26.65,2087.83
10,57.75,68,1.37,False,False,2,23.9,2061.2
11,57.75,65,0.85,False,False,2,39.49,2020.79
12,57.75,68,1.98,False,False,2,96.29,1923.73
13,57.75,76,1.03,False,False,2,75.06,1848.22
14,57.75,79,0.8,False,False,2,108.14,1739.67
15,57.75,134,0.84,False,False,2,52.8,1685.83
16,57.75,83,1.36,False,False,2,89.93,1595.07
17,57.75,92,0.82,False,False,2,51.09,1543.32
18,57.75,68,0.86,False,False,2,143.29,1399.0
19,57.75,104,0.81,False,False,2,93.65,1303.62
20,57.75,71,0.62,False,False,2,68.03,1235.0
21,57.75,82,1.18,False,False,2,109.44,1124.57
22,57.75,84,0.65,False,False,2,64.83,1058.79
1,58.12,82,0.84,False,False,2,57.14,0.02
2,58.12,81,0.95,False,False,2,135.45,2598.37
3,58.12,119,1.5,False,False,2,72.84,2524.74
4,58.12,87,0.64,False,False,2,70.86,2452.56
5,58.12,61,0.57,False,False,2,29.2,2422.2
6,58.12,69,1.96,False,False,2,73.16,2348.25
7,58.12,109,0.94,False,False,2,141.73,2205.76
8,58.12,95,1.92,False,False,2,40.08,2163.45
10,58.12,65,0.56,False,False,2,52.69,2107.82
11,58.12,66,1.58,False,False,2,48.4,2057.71
12,58.12,70,1.73,False,False,2,25.66,2031.06
13,58.12,78,1.95,False,False,2,46.61,1983.03
14,58.12,80,1.48,False,False,2,87.2,1893.44
15,58.12,133,1.66,False,False,2,109.94,1782.57
16,58.12,82,1.72,False,False,2,70.49,1710.04
17,58.12,95,1.8,False,False,2,130.72,1578.5
18,58.12,67,0.51,False,False,2,123.78,1453.78
19,58.12,103,1.18,False,False,2,51.69,1400.57
20,58.12,71,1.78,False,False,2,132.48,1264.12
21,58.12,83,1.38,False,False,2,86.88,1176.13
22,58.12,86,1.89,False,False,2,45.53,1129.74
1,58.5,83,0.6,False,False,2,128.47,0.02
2,58.5,82,1.84,False,False,2,126.32,2524.64
3,58.5,118,1.4,False,False,2,98.59,2424.67
4,58.5,85,1.31,False,False,2,108.16,2315.74
5,58.5,60,0.97,False,False,2,62.27,2252.73
6,58.5,68,1.17,False,False,2,34.36,2217.48
7,58.5,107,1.77,False,False,2,35.77,2179.83
8,58.5,97,0.57,False,False,2,39.69,2139.0
9,58.5,92,1.82,False,False,2,32.49,2105.69
10,58.5,65,1.64,False,False,2,90.76,2013.63
11,58.5,69,0.63,False,False,2,122.14,1889.95
12,58.5,70,1.19,False,False,2,98.47,1790.2
13,58.5,76,1.23,False,False,2,28.49,1760.11
14,58.5,77,1.47,False,False,2,88.17,1671.04
15,58.5,134,0.91,False,False,2,59.78,1609.98
16,58.5,84,1.82,False,False,2,75.12,1534.13
17,58.5,96,1.29,False,False,2,131.03,1402.47
18,58.5,66,1.3,False,False,2,91.47,1310.32
19,58.5,102,1.21,False,False,2,59.41,1250.04
20,58.5,69,1.7,False,False,2,57.1,1191.71
21,58.5,85,0.56,False,False,2,112.8,1077.95
22,58.5,83,1.87,False,False,2,27.83,1049.24
1,58.88,85,1.63,False,False,2,47.97,0.01
2,58.88,85,0.83,False,False,2,125.88,1899.23
3,58.88,117,0.52,False,False,2,102.94,1795.47
4,58.88,85,0.68,False,False,2,133.57,1660.96
5,58.88,61,0.68,False,False,2,130.62,1529.7
6,58.88,71,1.28,False,False,2,80.21,1448.71
7,58.88,108,0.98,False,False,2,95.27,1352.87
8,58.88,100,1.16,False,False,2,90.6,1261.74
9,58.88,93,1.29,False,False,2,33.55,1227.02
10,58.88,68,1.61,False,False,2,118.3,1107.75
11,58.88,68,1.73,False,False,2,136.07,970.16
12,58.88,70,1.65,False,False,2,26.43,943.08
13,58.88,74,1.89,False,False,2,39.62,902.83
14,58.88,78,1.14,False,False,2,147.01,754.56
15,58.88,132,1.76,False,False,2,135.95,617.65
16,58.88,86,1.32,False,False,2,134.01,482.86
17,58.88,93,1.03,False,False,2,115.33,366.63
18,58.88,64,0.85,False,False,2,87.19,278.38
19,58.88,100,1.4,False,False,2,138.16,139.08
20,58.88,67,0.88,False,False,2,138.27,0.02
21,58.88,86,1.38,False,False,2,83.96,1928.09
22,58.88,85,1.23,False,False,2,50.97,1876.43
1,59.25,86,0.94,False,False,2,142.17,732.54
2,59.25,86,0.73,False,False,2,120.86,611.08
3,59.25,120,1.14,False,False,2,61.45,548.69
4,59.25,86,1.81,False,False,2,143.56,402.99
5,59.25,64,1.99,False,False,2,24.17,376.43
6,59.25,68,1.17,False,False,2,49.62,326.15
7,59.25,107,1.44,False,False,2,44.84,280.47
8,59.25,101,1.36,False,False,2,75.96,202.99
9,59.25,91,1.63,False,False,2,139.1,62.87
10,59.25,67,1.43,False,False,2,39.61,22.32
11,59.25,70,0.98,False,False,2,21.74,0.01
12,59.25,67,1.48,False,False,2,38.6,1967.66
13,59.25,76,0.79,False,False,2,41.28,1925.67
14,59.25,76,1.71,False,False,2,136.46,1788.33
15,59.25,135,0.52,False,False,2,55.31,1732.24
16,59.25,86,1.5,False,False,2,26.95,1704.17
17,59.25,94,1.11,False,False,2,24.0,1679.34
18,59.25,64,1.62,False,False,2,44.9,1633.34
19,59.25,100,1.73,False,False,2,118.48,1513.85
20,59.25,65,0.93,False,False,2,41.68,1471.58
21,59.25,84,0.7,False,False,2,120.73,1347.96
22,59.25,82,0.65,False,False,2,147.55,1199.17
1,59.62,86,1.77,False,False,2,34.46,163.65
2,59.62,83,1.11,False,False,2,127.36,31.91
3,59.62,117,0.89,False,False,2,30.71,0.01
4,59.62,83,1.02,False,False,2,70.98,2557.9
5,59.62,61,1.64,False,False,2,112.15,2444.78
6,59.62,66,1.46,False,False,2,137.96,2306.28
7,59.62,107,1.04,False,False,2,112.09,2193.12
8,59.62,100,1.22,False,False,2,136.02,2055.46
9,59.62,89,1.55,False,False,2,86.52,1967.82
10,59.62,64,1.43,False,False,2,56.19,1910.7
11,59.62,72,1.02,False,False,2,40.53,1869.3
12,59.62,64,1.75,False,False,2,98.81,1769.42
13,59.62,73,1.9,False,False,2,67.2,1701.1
14,59.62,77,1.87,False,False,2,57.68,1642.62
15,59.62,134,1.08,False,False,2,62.44,1577.58
16,59.62,83,0.6,False,False,2,68.51,1508.32
17,59.62,91,1.0,False,False,2,53.84,1453.43
18,59.62,67,1.62,False,False,2,98.65,1354.01
19,59.62,97,1.76,False,False,2,56.51,1296.27
20,59.62,64,1.9,False,False,2,63.79,1231.51
21,59.62,84,1.55,False,False,2,45.7,1184.39
22,59.62,79,1.01,False,False,2,98.34,1084.86
1,60.0,85,1.52,False,False,2,82.49,0.01
2,60.0,85,0.66,False,False,2,20.67,2626.99
3,60.0,118,0.82,False,False,2,97.74,2528.49
4,60.0,83,0.73,False,False,2,38.14,2489.66
5,60.0,60,0.6,False,False,2,62.49,2426.52
6,60.0,65,1.67,False,False,2,77.21,2348.54
7,60.0,110,1.03,False,False,2,54.82,2292.72
8,60.0,97,1.73,False,False,2,54.93,2236.8
9,60.0,91,0.54,False,False,2,48.91,2185.23
10,60.0,62,0.63,False,False,2,116.75,2067.67
11,60.0,70,0.73,False,False,2,120.21,1946.41
12,60.0,61,1.29,False,False,2,94.52,1850.18
13,60.0,74,0.67,False,False,2,104.08,1745.58
14,60.0,80,1.69,False,False,2,108.74,1635.86
15,60.0,131,1.23,False,False,2,35.94,1599.17
16,60.0,85,1.25,False,False,2,140.66,1457.52
17,60.0,93,0.77,False,False,2,80.72,1375.69
18,60.0,67,1.67,False,False,2,72.6,1301.94
19,60.0,98,1.53,False,False,2,72.91,1228.02
20,60.0,61,1.15,False,False,2,43.89,1183.24
21,60.0,87,1.49,False,False,2,61.24,1120.98
22,60.0,82,1.72,False,False,2,48.2,1071.5
1,60.38,82,0.54,False,False,2,70.13,0.02
2,60.38,86,1.58,False,False,2,33.8,3067.61
3,60.38,120,1.44,False,False,2,146.37,2919.64
4,60.38,82,1.33,False,False,2,71.75,2843.98
5,60.38,60,1.68,False,False,2,132.93,2708.91
6,60.38,68,1.06,False,False,2,71.97,2635.87
7,60.38,110,1.85,False,False,2,40.54,2594.27
8,60.38,100,1.37,False,False,2,109.55,2483.56
9,60.38,92,1.95,False,False,2,96.24,2385.44
10,60.38,64,1.6,False,False,2,142.04,2242.26
11,60.38,71,0.51,False,False,2,102.89,2138.6
12,60.38,64,0.86,False,False,2,102.36,2035.64
13,60.38,71,1.13,False,False,2,116.52,1918.51
14,60.38,79,1.06,False,False,2,59.58,1858.21
15,60.38,129,1.35,False,False,2,92.4,1765.19
16,60.38,84,1.93,False,False,2,149.8,1614.5
17,60.38,90,0.81,False,False,2,106.37,1506.22
18,60.38,68,0.92,False,False,2,21.05,1483.6
19,60.38,98,0.96,False,False,2,102.88,1379.16
20,60.38,64,1.13,False,False,2,83.67,1294.58
21,60.38,88,1.78,False,False,2,21.25,1270.66
22,60.38,84,1.01,False,False,2,142.38,1125.59
1,60.75,83,1.15,False,False,2,122.58,0.01
2,60.75,83,1.75,False,False,2,42.85,2577.35
3,60.75,122,1.49,False,False,2,95.2,2481.23
4,60.75,80,1.16,False,False,2,114.05,2365.96
5,60.75,60,0.95,False,False,2,27.11,2338.33
6,60.75,70,1.93,False,False,2,43.04,2294.39
7,60.75,107,1.67,False,False,2,131.38,2162.3
8,60.75,97,1.9,False,False,2,47.57,2113.83
10,60.75,64,1.37,False,False,2,78.78,2033.74
11,60.75,70,1.14,False,False,2,54.6,1977.89
12,60.75,67,1.62,False,False,2,53.43,1923.43
13,60.75,70,1.71,False,False,2,35.04,1887.6
14,60.75,77,1.3,False,False,2,52.75,1834.04
15,60.75,130,0.74,False,False,2,25.84,1807.08
16,60.75,81,1.09,False,False,2,118.52,1687.91
17,60.75,87,0.92,False,False,2,67.76,1619.22
18,60.75,65,1.46,False,False,2,110.35,1508.25
19,60.75,101,1.6,False,False,2,33.5,1473.82
20,60.75,63,1.35,False,False,2,116.56,1356.27
21,60.75,90,1.4,False,False,2,109.72,1245.57
22,60.75,86,1.42,False,False,2,118.31,1126.3
1,61.12,86,1.57,False,False,2,123.74,0.01
2,61.12,85,1.42,False,False,2,47.76,2787.05
3,61.12,121,1.69,False,False,2,20.15,2766.15
4,61.12,81,0.86,False,False,2,83.87,2680.51
5,61.12,60,0.66,False,False,2,38.25,2641.61
6,61.12,69,1.45,False,False,2,69.1,2571.54
7,61.12,107,0.56,False,False,2,83.69,2486.88
8,61.12,96,1.55,False,False,2,23.5,2462.53
9,61.12,93,0.53,False,False,2,107.46,2354.33
10,61.12,61,1.31,False,False,2,96.99,2256.51
11,61.12,69,1.07,False,False,2,122.15,2133.49
12,61.12,65,1.1,False,False,2,101.09,2031.32
13,61.12,73,1.08,False,False,2,144.05,1886.08
14,61.12,80,1.88,False,False,2,101.21,1783.78
15,61.12,133,1.81,False,False,2,122.1,1660.02
16,61.12,79,1.45,False,False,2,145.3,1513.85
17,61.12,84,1.61,False,False,2,32.57,1480.63
18,61.12,68,1.55,False,False,2,103.97,1376.23
19,61.12,104,1.52,False,False,2,61.29,1313.91
20,61.12,60,1.23,False,False,2,115.95,1197.37
21,61.12,93,1.12,False,False,2,47.92,1146.67
22,61.12,84,1.75,False,False,2,29.48,1116.37
1,61.5,87,1.19,False,False,2,115.14,0.01
2,61.5,88,1.5,False,False,2,25.83,2730.2
3,61.5,120,1.7,False,False,2,136.59,2592.91
4,61.5,82,0.79,False,False,2,110.99,2480.92
5,61.5,63,0.88,False,False,2,62.84,2416.03
6,61.5,71,1.65,False,False,2,144.81,2270.07
7,61.5,110,0.64,False,False,2,93.97,2175.43
8,61.5,98,1.81,False,False,2,148.61,2024.9
9,61.5,93,1.67,False,False,2,111.41,1912.52
10,61.5,64,0.91,False,False,2,130.38,1780.43
11,61.5,72,0.62,False,False,2,77.88,1699.8
12,61.5,66,1.53,False,False,2,49.22,1649.44
13,61.5,70,1.45,False,False,2,52.23,1596.42
14,61.5,81,0.55,False,False,2,29.5,1565.3
15,61.5,134,0.88,False,False,2,48.22,1515.96
16,61.5,79,1.66,False,False,2,65.5,1449.5
17,61.5,86,0.81,False,False,2,109.08,1338.93
18,61.5,68,0.63,False,False,2,109.62,1228.48
19,61.5,106,1.65,False,False,2,40.18,1186.9
20,61.5,60,1.46,False,False,2,79.64,1105.9
21,61.5,93,1.64,False,False,2,54.43,1049.88
22,61.5,82,0.78,False,False,2,21.59,1026.97
1,61.88,87,0.73,False,False,2,24.79,0.01
2,61.88,89,1.08,False,False,2,90.35,2879.66
3,61.88,122,0.7,False,False,2,54.14,2824.39
4,61.88,80,1.51,False,False,2,57.76,2765.75
5,61.88,62,1.27,False,False,2,140.67,2623.91
6,61.88,69,1.08,False,False,2,85.44,2535.7
7,61.88,110,0.81,False,False,2,108.27,2426.5
8,61.88,99,1.34,False,False,2,33.9,2392.04
9,61.88,93,1.36,False,False,2,35.29,2355.85
10,61.88,64,1.48,False,False,2,58.1,2295.49
11,61.88,72,1.26,False,False,2,59.62,2233.93
12,61.88,65,1.03,False,False,2,90.09,2142.41
13,61.88,70,1.77,False,False,2,146.31,1994.55
14,61.88,84,0.8,False,False,2,127.18,1865.34
15,61.88,133,1.54,False,False,2,77.86,1783.8
16,61.88,77,1.33,False,False,2,108.28,1673.65
17,61.88,84,0.9,False,False,2,145.7,1527.23
18,61.88,70,1.31,False,False,2,127.14,1398.3
19,61.88,106,0.67,False,False,2,76.28,1321.15
20,61.88,60,1.31,False,False,2,120.92,1198.27
21,61.88,90,1.31,False,False,2,87.44,1109.26
22,61.88,84,0.94,False,False,2,44.5,1063.74
1,62.25,84,0.86,False,False,2,61.99,0.02
2,62.25,89,1.48,False,False,2,106.13,2813.55
3,62.25,121,1.52,False,False,2,41.57,2770.84
4,62.25,80,1.17,False,False,2,33.14,2736.58
5,62.25,64,1.47,False,False,2,36.78,2699.07
6,62.25,72,1.52,False,False,2,137.21,2561.23
7,62.25,112,1.34,False,False,2,56.82,2503.52
8,62.25,96,1.47,False,False,2,84.79,2417.51
9,62.25,91,0.91,False,False,2,94.3,2322.15
10,62.25,65,0.59,False,False,2,133.69,2187.63
11,62.25,69,1.51,False,False,2,101.57,2085.04
12,62.25,67,1.84,False,False,2,67.09,2016.98
13,62.25,72,1.03,False,False,2,145.18,1870.67
14,62.25,85,0.82,False,False,2,33.24,1836.43
15,62.25,130,0.54,False,False,2,52.71,1783.18
16,62.25,78,1.54,False,False,2,24.58,1756.31
17,62.25,87,1.98,False,False,2,40.98,1713.97
18,62.25,69,0.98,False,False,2,149.68,1562.38
19,62.25,106,1.7,False,False,2,118.46,1443.0
20,62.25,60,1.72,False,False,2,108.73,1332.16
21,62.25,90,0.71,False,False,2,144.47,1186.97
22,62.25,86,1.06,False,False,2,52.06,1133.65
1,62.62,82,0.79,False,False,2,132.63,0.01
2,62.62,88,1.24,False,False,2,141.21,1874.44
3,62.62,122,1.87,False,False,2,102.24,1771.33
4,62.62,81,1.82,False,False,2,126.99,1643.37
5,62.62,64,1.81,False,False,2,130.81,1511.2
6,62.62,75,1.63,False,False,2,63.01,1447.32
7,62.62,109,0.67,False,False,2,108.43,1336.32
8,62.62,97,1.07,False,False,2,117.74,1217.94
9,62.62,94,1.66,False,False,2,100.29,1116.8
10,62.62,64,1.88,False,False,2,86.2,1029.88
11,62.62,71,1.06,False,False,2,27.37,1001.59
12,62.62,65,1.35,False,False,2,25.06,975.72
13,62.62,72,1.37,False,False,2,124.5,849.33
14,62.62,84,0.88,False,False,2,81.85,766.38
15,62.62,131,1.47,False,False,2,146.33,618.72
16,62.62,80,0.67,False,False,2,71.6,545.35
17,62.62,88,0.83,False,False,2,91.42,453.0
18,62.62,72,1.85,False,False,2,100.67,351.36
19,62.62,109,0.65,False,False,2,100.07,250.24
20,62.62,60,0.66,False,False,2,102.63,146.67
21,62.62,91,1.77,False,False,2,101.89,44.04
22,62.62,88,1.16,False,False,2,42.68,0.02
1,63.0,85,0.85,False,False,2,55.85,958.32
2,63.0,89,1.79,False,False,2,67.97,888.07
3,63.0,122,1.86,False,False,2,32.96,854.47
4,63.0,79,0.67,False,False,2,125.4,728.44
5,63.0,65,1.56,False,False,2,134.79,593.07
6,63.0,75,1.43,False,False,2,129.32,461.44
7,63.0,110,1.0,False,False,2,53.8,406.98
8,63.0,100,0.92,False,False,2,36.45,368.53
9,63.0,96,1.91,False,False,2,58.39,309.06
10,63.0,62,0.9,False,False,2,63.63,244.77
11,63.0,74,1.23,False,False,2,101.5,140.27
12,63.0,67,0.89,False,False,2,138.92,0.01
13,63.0,72,1.45,False,False,2,72.29,2044.36
14,63.0,86,1.26,False,False,2,84.1,1959.36
15,63.0,134,1.48,False,False,2,136.8,1822.01
16,63.0,81,1.89,False,False,2,82.68,1737.21
17,63.0,90,1.51,False,False,2,85.64,1649.45
18,63.0,72,0.76,False,False,2,61.61,1587.17
19,63.0,107,0.83,False,False,2,55.42,1529.66
20,63.0,62,0.55,False,False,2,92.34,1436.11
21,63.0,92,1.95,False,False,2,147.22,1288.08
1,63.38,83,0.92,False,False,2,142.67,142.53
2,63.38,91,1.98,False,False,2,141.11,0.01
3,63.38,124,1.73,False,False,2,131.5,2920.83
4,63.38,76,0.69,False,False,2,74.16,2845.47
5,63.38,65,1.54,False,False,2,105.49,2738.85
6,63.38,77,0.96,False,False,2,112.63,2625.34
7,63.38,110,1.57,False,False,2,46.93,2577.5
8,63.38,97,1.41,False,False,2,93.38,2482.2
9,63.38,95,0.62,False,False,2,124.66,2356.47
10,63.38,65,1.32,False,False,2,101.41,2252.56
11,63.38,74,1.6,False,False,2,138.41,2113.11
12,63.38,69,1.14,False,False,2,117.72,1994.28
13,63.38,72,0.93,False,False,2,141.75,1851.78
14,63.38,86,0.8,False,False,2,66.13,1784.38
15,63.38,131,0.72,False,False,2,67.0,1716.6
16,63.38,81,0.58,False,False,2,40.17,1674.7
17,63.38,91,1.27,False,False,2,106.04,1568.06
18,63.38,70,1.18,False,False,2,110.35,1456.99
19,63.38,109,1.42,False,False,2,99.67,1356.47
20,63.38,63,1.67,False,False,2,33.74,1322.14
21,63.38,90,1.21,False,False,2,122.94,1198.0
22,63.38,90,1.93,False,False,2,54.11,1142.11
1,63.75,80,0.63,False,False,2,140.67,0.02
2,63.75,92,0.94,False,False,2,49.21,2766.45
3,63.75,127,0.8,False,False,2,20.44,2745.22
4,63.75,75,1.61,False,False,2,113.57,2629.23
5,63.75,67,1.7,False,False,2,131.7,2496.65
6,63.75,77,1.39,False,False,2,37.07,2457.03
7,63.75,108,1.35,False,False,2,127.63,2328.4
8,63.75,95,1.71,False,False,2,24.03,2303.72
9,63.75,93,1.38,False,False,2,125.03,2177.9
10,63.75,65,0.81,False,False,2,62.54,2114.42
11,63.75,77,1.03,False,False,2,70.66,2043.19
12,63.75,70,1.07,False,False,2,110.46,1930.66
13,63.75,75,1.05,False,False,2,81.68,1848.29
14,63.75,87,1.64,False,False,2,93.1,1752.69
15,63.75,130,1.92,False,False,2,51.58,1699.52
16,63.75,82,1.5,False,False,2,20.24,1677.95
17,63.75,88,1.47,False,False,2,128.69,1548.32
18,63.75,70,0.62,False,False,2,68.43,1479.35
19,63.75,109,1.28,False,False,2,122.27,1354.81
20,63.75,65,0.86,False,False,2,107.98,1245.98
21,63.75,89,1.84,False,False,2,143.21,1102.08
22,63.75,88,1.51,False,False,2,36.82,1063.78
1,64.12,83,0.99,False,False,2,62.1,0.02
2,64.12,92,0.65,False,False,2,104.91,2750.47
3,64.12,127,0.58,False,False,2,49.02,2700.04
4,64.12,74,1.54,False,False,2,64.46,2634.94
5,64.12,69,1.67,False,False,2,143.14,2490.79
6,64.12,80,0.7,False,False,2,73.68,2416.24
7,64.12,105,1.12,False,False,2,60.72,2354.69
8,64.12,94,0.92,False,False,2,108.48,2245.44
9,64.12,93,0.6,False,False,2,136.67,2107.91
10,64.12,65,0.84,False,False,2,97.17,2009.71
11,64.12,74,1.26,False,False,2,108.5,1900.57
12,64.12,68,0.61,False,False,2,47.11,1852.43
13,64.12,78,1.1,False,False,2,90.97,1758.93
14,64.12,87,0.86,False,False,2,143.74,1613.39
15,64.12,131,1.74,False,False,2,43.31,1568.98
16,64.12,85,1.18,False,False,2,21.87,1545.97
17,64.12,85,1.32,False,False,2,60.08,1483.88
18,64.12,68,0.97,False,False,2,68.19,1415.28
19,64.12,110,1.01,False,False,2,47.93,1366.1
20,64.12,65,1.45,False,False,2,124.74,1239.38
21,64.12,91,0.59,False,False,2,24.03,1214.73
22,64.12,87,1.91,False,False,2,134.52,1077.97
1,64.5,83,1.96,False,False,2,76.46,0.02
2,64.5,89,0.82,False,False,2,128.31,2933.5
3,64.5,130,1.89,False,False,2,106.08,2826.7
4,64.5,73,1.46,False,False,2,132.03,2694.05
5,64.5,71,0.75,False,False,2,98.68,2594.48
6,64.5,83,1.49,False,False,2,124.37,2468.46
7,64.5,106,0.66,False,False,2,64.31,2402.55
8,64.5,96,1.06,False,False,2,116.48,2285.11
9,64.5,96,0.99,False,False,2,63.31,2221.02
10,64.5,64,1.91,False,False,2,85.59,2134.86
11,64.5,72,1.78,False,False,2,47.81,2086.23
12,64.5,68,1.09,False,False,2,23.13,2062.2
13,64.5,76,1.68,False,False,2,142.24,1919.04
14,64.5,90,0.92,False,False,2,122.87,1795.52
15,64.5,130,0.68,False,False,2,36.44,1758.09
16,64.5,82,1.98,False,False,2,53.24,1704.06
17,64.5,88,1.87,False,False,2,146.05,1557.01
18,64.5,70,0.86,False,False,2,67.03,1489.06
19,64.5,108,0.73,False,False,2,81.02,1407.4
20,64.5,63,1.19,False,False,2,146.0,1260.84
21,64.5,93,0.53,False,False,2,74.33,1185.81
22,64.5,88,1.1,False,False,2,57.8,1127.23
1,64.88,84,0.94,False,False,2,125.72,0.01
2,64.88,92,1.71,False,False,2,27.6,2839.47
3,64.88,132,1.7,False,False,2,149.86,2689.03
4,64.88,71,1.76,False,False,2,115.77,2572.14
5,64.88,74,1.93,False,False,2,96.46,2475.1
6,64.88,84,2.0,False,False,2,145.8,2328.53
7,64.88,104,1.13,False,False,2,28.99,2298.62
8,64.88,94,1.18,False,False,2,110.38,2187.13
10,64.88,63,1.55,False,False,2,141.21,2044.45
11,64.88,74,0.55,False,False,2,119.0,1924.39
12,64.88,67,1.8,False,False,2,102.49,1820.29
13,64.88,76,1.27,False,False,2,142.94,1676.58
14,64.88,93,1.23,False,False,2,87.17,1588.83
15,64.88,131,1.64,False,False,2,55.47,1532.51
16,64.88,83,1.53,False,False,2,69.6,1462.05
17,64.88,90,0.66,False,False,2,36.38,1425.2
18,64.88,68,1.55,False,False,2,30.43,1394.2
19,64.88,105,1.66,False,False,2,42.9,1350.6
20,64.88,62,0.66,False,False,2,20.73,1328.61
21,64.88,94,0.73,False,False,2,92.87,1233.9
22,64.88,85,1.63,False,False,2,116.47,1116.42
1,65.25,82,0.55,False,False,2,114.58,0.01
2,65.25,93,1.31,False,False,2,102.4,2878.96
3,65.25,134,1.5,False,False,2,133.77,2744.25
4,65.25,74,1.83,False,False,2,124.23,2619.26
5,65.25,76,1.92,False,False,2,119.55,2498.68
6,65.25,85,1.76,False,False,2,70.17,2425.69
7,65.25,104,1.41,False,False,2,55.98,2368.63
8,65.25,97,1.34,False,False,2,80.16,2287.46
9,65.25,94,0.8,False,False,2,64.61,2220.28
10,65.25,62,1.74,False,False,2,119.45,2098.87
11,65.25,74,1.02,False,False,2,75.37,2022.89
12,65.25,66,1.45,False,False,2,64.24,1957.86
13,65.25,77,1.61,False,False,2,62.03,1895.36
14,65.25,95,1.16,False,False,2,144.36,1750.04
15,65.25,134,0.62,False,False,2,43.67,1705.02
16,65.25,81,1.07,False,False,2,141.43,1561.45
17,65.25,92,0.74,False,False,2,22.44,1537.93
18,65.25,65,1.65,False,False,2,116.7,1420.51
19,65.25,105,1.4,False,False,2,46.35,1371.98
20,65.25,65,0.75,False,False,2,102.93,1268.36
21,65.25,97,1.53,False,False,2,53.63,1214.06
22,65.25,87,0.98,False,False,2,74.9,1137.46
1,65.62,83,1.18,False,False,2,136.47,0.02
2,65.62,94,1.19,False,False,2,93.78,1963.75
3,65.62,134,1.06,False,False,2,115.56,1845.84
4,65.62,77,1.82,False,False,2,102.05,1742.85
5,65.62,79,1.3,False,False,2,125.39,1616.82
6,65.62,86,0.96,False,False,2,45.22,1570.76
7,65.62,105,0.51,False,False,2,87.27,1482.69
8,65.62,96,1.21,False,False,2,120.42,1361.18
9,65.62,94,1.84,False,False,2,47.75,1311.68
10,65.62,64,1.56,False,False,2,49.67,1260.69
11,65.62,71,0.55,False,False,2,49.22,1210.58
12,65.62,66,1.68,False,False,2,26.13,1182.2
13,65.62,78,1.5,False,False,2,85.25,1096.14
14,65.62,95,1.98,False,False,2,145.69,949.58
15,65.62,134,1.99,False,False,2,43.73,905.02
16,65.62,80,1.67,False,False,2,81.41,820.94
17,65.62,95,1.65,False,False,2,144.67,675.55
18,65.62,63,0.81,False,False,2,143.46,531.28
19,65.62,102,0.57,False,False,2,137.0,393.49
20,65.62,64,1.01,False,False,2,133.26,258.73
21,65.62,95,0.86,False,False,2,123.2,134.64
22,65.62,88,1.87,False,False,2,133.36,0.02
1,66.0,84,1.34,False,False,2,114.65,906.36
2,66.0,96,1.57,False,False,2,33.85,870.55
3,66.0,133,1.85,False,False,2,146.87,722.76
4,66.0,74,0.52,False,False,2,130.15,591.99
5,66.0,77,1.41,False,False,2,110.96,479.57
6,66.0,89,1.4,False,False,2,117.63,360.96
7,66.0,107,1.75,False,False,2,149.55,209.67
8,66.0,97,1.41,False,False,2,36.54,172.54
9,66.0,94,1.68,False,False,2,49.9,121.8
10,66.0,61,0.93,False,False,2,24.52,96.5
11,66.0,72,0.97,False,False,2,32.32,63.39
12,66.0,64,1.37,False,False,2,61.8,0.02
13,66.0,81,1.45,False,False,2,87.86,1915.48
14,66.0,95,0.95,False,False,2,30.22,1884.26
15,66.0,132,1.04,False,False,2,143.71,1738.58
16,66.0,82,1.62,False,False,2,114.32,1622.6
17,66.0,97,1.94,False,False,2,106.97,1514.95
18,66.0,62,1.28,False,False,2,38.14,1475.57
19,66.0,105,1.9,False,False,2,67.06,1407.6
20,66.0,65,0.51,False,False,2,115.94,1290.93
21,66.0,93,1.4,False,False,2,97.86,1192.34
22,66.0,87,1.59,False,False,2,82.47,1109.09
1,66.38,81,0.79,False,False,2,107.89,0.02
2,66.38,93,1.48,False,False,2,60.5,2599.18
3,66.38,136,0.79,False,False,2,32.83,2565.21
4,66.38,73,1.27,False,False,2,125.93,2438.29
5,66.38,78,1.59,False,False,2,37.01,2400.44
6,66.38,88,0.93,False,False,2,58.61,2341.17
7,66.38,109,1.72,False,False,2,24.59,2315.87
8,66.38,99,1.07,False,False,2,133.3,2179.89
9,66.38,92,1.58,False,False,2,127.02,2051.16
10,66.38,60,1.4,False,False,2,113.44,1936.57
11,66.38,75,1.36,False,False,2,29.19,1905.76
12,66.38,67,1.56,False,False,2,121.81,1783.39
13,66.38,78,1.73,False,False,2,84.12,1698.19
14,66.38,97,1.79,False,False,2,110.48,1586.45
15,66.38,132,1.22,False,False,2,71.97,1513.68
16,66.38,83,1.76,False,False,2,25.16,1487.82
17,66.38,95,1.2,False,False,2,54.59,1432.29
18,66.38,64,0.97,False,False,2,35.75,1395.72
19,66.38,107,1.31,False,False,2,140.26,1254.87
20,66.38,64,1.61,False,False,2,27.06,1225.77
21,66.38,94,1.22,False,False,2,62.06,1162.89
22,66.38,87,0.61,False,False,2,132.33,1029.26
1,66.75,81,1.03,False,False,2,27.63,0.02
2,66.75,95,1.67,False,False,2,98.52,2763.91
3,66.75,134,1.32,False,False,2,55.71,2707.12
4,66.75,74,0.81,False,False,2,40.39,2666.05
5,66.75,77,1.39,False,False,2,106.66,2558.41
6,66.75,86,1.26,False,False,2,130.99,2426.42
8,66.75,102,1.54,False,False,2,108.06,2316.49
9,66.75,92,0.55,False,False,2,55.43,2260.37
10,66.75,60,1.31,False,False,2,101.94,2156.43
11,66.75,74,0.87,False,False,2,21.72,2133.89
12,66.75,70,1.15,False,False,2,136.39,1996.44
13,66.75,79,1.39,False,False,2,143.52,1850.89
14,66.75,98,1.37,False,False,2,114.58,1735.32
15,66.75,135,1.82,False,False,2,42.32,1691.16
16,66.75,84,1.74,False,False,2,77.29,1612.95
17,66.75,95,0.54,False,False,2,74.67,1537.45
18,66.75,66,1.34,False,False,2,139.29,1396.22
19,66.75,110,1.55,False,False,2,91.49,1303.81
20,66.75,65,1.47,False,False,2,145.92,1156.83
21,66.75,95,0.69,False,False,2,60.1,1095.81
22,66.75,90,0.81,False,False,2,36.41,1058.33
1,67.12,84,0.67,False,False,2,56.7,0.01
2,67.12,98,1.39,False,False,2,34.64,2731.09
3,67.12,132,0.98,False,False,2,39.54,2690.63
4,67.12,74,1.64,False,False,2,70.81,2618.75
5,67.12,80,0.84,False,False,2,20.6,2597.48
6,67.12,83,1.76,False,False,2,110.86,2486.04
7,67.12,113,0.71,False,False,2,36.36,2448.81
8,67.12,103,1.48,False,False,2,79.7,2367.62
9,67.12,89,1.72,False,False,2,23.93,2342.56
10,67.12,60,1.29,False,False,2,146.39,2195.1
11,67.12,75,0.73,False,False,2,122.67,2071.67
12,67.12,73,1.52,False,False,2,100.12,1969.76
13,67.12,76,1.94,False,False,2,141.26,1826.46
14,67.12,97,0.59,False,False,2,74.83,1750.7
15,67.12,136,1.68,False,False,2,37.22,1712.66
16,67.12,82,0.91,False,False,2,91.47,1620.2
17,67.12,97,1.43,False,False,2,90.49,1528.72
18,67.12,68,0.92,False,False,2,131.31,1395.14
19,67.12,108,0.7,False,False,2,118.77,1275.7
20,67.12,68,1.85,False,False,2,42.36,1232.31
21,67.12,96,1.8,False,False,2,24.23,1207.51
22,67.12,88,1.65,False,False,2,88.42,1118.5
1,67.5,86,1.02,False,False,2,117.0,0.02
2,67.5,99,0.99,False,False,2,130.57,2805.61
3,67.5,135,1.58,False,False,2,103.57,2701.31
4,67.5,72,0.5,False,False,2,44.96,2655.39
5,67.5,80,1.41,False,False,2,145.99,2508.29
6,67.5,80,0.66,False,False,2,132.4,2374.65
7,67.5,115,1.96,False,False,2,126.12,2246.73
8,67.5,100,1.51,False,False,2,44.51,2201.59
9,67.5,87,0.69,False,False,2,127.59,2072.85
10,67.5,61,1.88,False,False,2,42.54,2027.17
11,67.5,72,1.87,False,False,2,126.6,1899.82
12,67.5,73,1.18,False,False,2,67.99,1831.22
13,67.5,75,0.92,False,False,2,60.23,1769.8
14,67.5,96,0.5,False,False,2,52.65,1716.32
15,67.5,135,1.0,False,False,2,133.66,1581.71
16,67.5,80,0.55,False,False,2,75.4,1505.74
17,67.5,97,1.33,False,False,2,97.8,1407.05
18,67.5,68,1.88,False,False,2,117.43,1286.75
19,67.5,105,1.03,False,False,2,25.94,1259.82
20,67.5,67,1.72,False,False,2,25.26,1233.05
21,67.5,97,1.24,False,False,2,27.08,1205.15
22,67.5,91,1.43,False,False,2,122.43,1081.0
1,67.88,89,1.3,False,False,2,79.39,0.02
2,67.88,101,0.81,False,False,2,71.5,2418.89
3,67.88,134,1.35,False,False,2,129.3,2288.32
4,67.88,74,1.38,False,False,2,58.38,2227.12
5,67.88,77,1.02,False,False,2,138.83,2087.41
6,67.88,77,1.51,False,False,2,59.24,2027.03
7,67.88,117,0.78,False,False,2,100.06,1926.09
8,67.88,101,1.34,False,False,2,92.2,1832.84
9,67.88,85,1.86,False,False,2,23.21,1808.57
10,67.88,61,0.57,False,False,2,25.25,1782.77
11,67.88,73,1.53,False,False,2,97.02,1684.84
12,67.88,73,1.55,False,False,2,87.55,1596.27
13,67.88,72,1.98,False,False,2,24.08,1571.46
14,67.88,99,0.87,False,False,2,60.12,1510.68
15,67.88,132,1.19,False,False,2,20.01,1489.84
16,67.88,81,0.58,False,False,2,40.21,1448.43
17,67.88,94,1.64,False,False,2,65.81,1380.66
18,67.88,68,1.06,False,False,2,92.99,1287.03
19,67.88,107,1.85,False,False,2,95.08,1191.29
20,67.88,65,0.87,False,False,2,70.31,1119.3
21,67.88,94,1.78,False,False,2,36.48,1082.04
22,67.88,89,1.76,False,False,2,57.09,1023.84
1,68.25,88,1.62,False,False,2,22.36,0.01
2,68.25,103,1.89,False,False,2,146.46,2810.57
3,68.25,132,1.27,False,False,2,148.21,2660.34
4,68.25,76,0.86,False,False,2,74.76,2584.74
5,68.25,78,0.7,False,False,2,89.75,2494.32
6,68.25,75,1.33,False,False,2,128.1,2365.32
7,68.25,118,1.7,False,False,2,114.21,2249.58
8,68.25,100,1.27,False,False,2,111.61,2136.38
9,68.25,86,1.43,False,False,2,62.83,2071.95
10,68.25,60,1.27,False,False,2,63.75,2005.76
11,68.25,70,1.66,False,False,2,123.35,1881.39
12,68.25,71,1.14,False,False,2,70.74,1809.67
13,68.25,75,1.01,False,False,2,71.07,1734.17
14,68.25,102,1.89,False,False,2,77.11,1656.2
15,68.25,131,1.95,False,False,2,114.59,1540.44
16,68.25,80,1.89,False,False,2,38.16,1501.36
17,68.25,96,0.56,False,False,2,47.53,1452.09
18,68.25,65,1.89,False,False,2,41.43,1409.34
19,68.25,108,0.93,False,False,2,54.68,1353.8
20,68.25,63,1.15,False,False,2,77.74,1275.28
21,68.25,95,1.05,False,False,2,57.83,1214.88
22,68.25,86,1.16,False,False,2,81.19,1132.56
1,68.62,89,0.89,False,False,2,130.65,0.01
2,68.62,106,0.59,False,False,2,66.68,2901.44
3,68.62,132,0.62,False,False,2,107.76,2792.61
4,68.62,78,1.86,False,False,2,60.17,2731.64
5,68.62,81,1.75,False,False,2,108.24,2622.06
6,68.62,72,1.14,False,False,2,20.61,2598.68
7,68.62,117,1.61,False,False,2,130.46,2466.62
8,68.62,101,1.93,False,False,2,122.19,2343.5
9,68.62,85,1.65,False,False,2,46.92,2294.69
10,68.62,60,0.55,False,False,2,54.02,2238.11
11,68.62,71,1.59,False,False,2,105.62,2131.56
12,68.62,71,1.81,False,False,2,109.28,2020.0
13,68.62,74,1.25,False,False,2,45.24,1972.16
14,68.62,103,1.0,False,False,2,141.31,1828.9
15,68.62,129,0.71,False,False,2,136.1,1689.59
16,68.62,78,1.33,False,False,2,59.88,1628.93
17,68.62,96,1.52,False,False,2,34.32,1593.87
18,68.62,66,1.99,False,False,2,111.91,1480.34
19,68.62,111,1.59,False,False,2,91.0,1388.29
20,68.62,61,1.51,False,False,2,129.98,1257.59
21,68.62,93,1.27,False,False,2,122.44,1134.46
22,68.62,86,0.74,False,False,2,50.81,1082.62
1,69.0,89,0.88,False,False,2,80.98,0.01
2,69.0,107,0.6,False,False,2,136.51,1869.33
3,69.0,134,1.48,False,False,2,67.65,1800.65
4,69.0,77,0.97,False,False,2,72.85,1727.16
5,69.0,80,0.94,False,False,2,38.1,1688.46
6,69.0,73,1.03,False,False,2,133.5,1554.14
7,69.0,119,1.66,False,False,2,113.29,1440.29
8,69.0,101,1.19,False,False,2,50.11,1388.28
9,69.0,86,1.23,False,False,2,106.9,1280.14
10,69.0,63,1.45,False,False,2,99.53,1179.62
11,69.0,69,0.74,False,False,2,75.15,1103.57
12,69.0,71,1.77,False,False,2,26.11,1075.62
13,69.0,75,1.54,False,False,2,62.59,1012.13
14,69.0,103,1.43,False,False,2,104.22,907.44
15,69.0,126,1.13,False,False,2,105.3,801.66
16,69.0,76,0.64,False,False,2,86.53,714.54
17,69.0,95,1.54,False,False,2,61.89,651.94
18,69.0,63,1.93,False,False,2,145.92,505.26
19,69.0,111,1.89,False,False,2,146.04,356.58
20,69.0,60,1.14,False,False,2,127.47,227.55
21,69.0,94,1.29,False,False,2,122.61,103.53
22,69.0,85,1.15,False,False,2,102.88,0.01
1,69.38,87,0.68,False,False,2,105.81,922.84
2,69.38,109,0.57,False,False,2,69.97,851.69
3,69.38,137,1.39,False,False,2,150.0,700.78
4,69.38,77,1.88,False,False,2,59.93,639.71
5,69.38,79,1.57,False,False,2,67.55,571.11
6,69.38,76,1.34,False,False,2,120.57,449.84
7,69.38,120,1.62,False,False,2,98.23,350.91
8,69.38,102,0.81,False,False,2,85.33,263.4
9,69.38,89,1.79,False,False,2,53.08,209.49
10,69.38,64,1.27,False,False,2,49.73,158.8
11,69.38,71,0.58,False,False,2,26.35,131.58
12,69.38,68,0.87,False,False,2,129.12,0.02
13,69.38,72,1.98,False,False,2,48.54,2000.69
14,69.38,104,1.49,False,False,2,72.5,1927.1
15,69.38,123,1.15,False,False,2,113.73,1812.04
16,69.38,77,0.83,False,False,2,64.81,1746.26
17,69.38,96,0.96,False,False,2,57.73,1687.12
18,69.38,64,1.58,False,False,2,114.4,1571.56
19,69.38,109,1.93,False,False,2,139.79,1430.24
20,69.38,62,1.86,False,False,2,89.94,1339.68
21,69.38,91,0.67,False,False,2,33.55,1305.29
22,69.38,88,0.58,False,False,2,33.04,1271.46
1,69.75,90,0.92,False,False,2,133.61,136.58
2,69.75,112,1.17,False,False,2,132.12,0.01
3,69.75,138,1.93,False,False,2,52.78,2828.76
4,69.75,78,1.37,False,False,2,103.68,2724.43
5,69.75,80,1.97,False,False,2,85.14,2638.32
6,69.75,73,1.03,False,False,2,101.18,2536.32
7,69.75,117,1.65,False,False,2,40.63,2494.9
8,69.75,101,1.84,False,False,2,117.18,2376.72
9,69.75,91,1.38,False,False,2,75.67,2299.92
10,69.75,65,1.26,False,False,2,139.95,2158.98
11,69.75,71,1.16,False,False,2,32.69,2124.15
12,69.75,67,1.81,False,False,2,129.2,1994.0
13,69.75,74,0.69,False,False,2,92.64,1899.83
14,69.75,103,0.87,False,False,2,23.84,1873.68
15,69.75,126,0.63,False,False,2,124.08,1747.46
16,69.75,75,0.68,False,False,2,138.38,1606.86
17,69.75,96,0.82,False,False,2,83.2,1522.25
18,69.75,62,0.96,False,False,2,72.01,1449.56
19,69.75,112,0.62,False,False,2,71.61,1377.38
20,69.75,60,1.43,False,False,2,113.11,1263.39
21,69.75,94,0.56,False,False,2,108.24,1154.44
22,69.75,89,0.86,False,False,2,21.86,1131.76
1,70.12,92,0.65,False,False,2,130.26,0.02
2,70.12,110,1.09,False,False,2,127.73,2649.56
3,70.12,138,1.07,False,False,2,134.59,2513.89
4,70.12,75,0.87,False,False,2,84.59,2428.33
5,70.12,80,1.83,False,False,2,77.67,2350.27
6,70.12,73,1.06,False,False,2,22.97,2326.81
7,70.12,119,0.52,False,False,2,104.04,2222.19
8,70.12,100,0.78,False,False,2,29.51,2189.08
9,70.12,93,1.87,False,False,2,119.84,2068.18
10,70.12,63,1.33,False,False,2,131.08,1936.39
11,70.12,71,0.7,False,False,2,20.55,1915.14
12,70.12,70,1.0,False,False,2,31.69,1882.98
13,70.12,76,1.47,False,False,2,149.66,1732.42
14,70.12,100,0.85,False,False,2,72.63,1659.17
15,70.12,125,0.92,False,False,2,50.31,1607.99
16,70.12,78,0.51,False,False,2,44.66,1561.78
17,70.12,94,1.62,False,False,2,24.29,1535.22
18,70.12,65,0.59,False,False,2,82.8,1451.71
19,70.12,111,0.55,False,False,2,75.58,1375.2
20,70.12,61,1.98,False,False,2,75.13,1299.1
21,70.12,97,0.76,False,False,2,91.5,1206.62
22,70.12,92,1.11,False,False,2,62.9,1142.83
1,70.5,94,0.74,False,False,2,140.02,0.03
2,70.5,107,2.0,False,False,2,82.56,2967.09
3,70.5,141,0.61,False,False,2,110.22,2854.68
4,70.5,74,1.4,False,False,2,58.96,2795.25
5,70.5,80,1.32,False,False,2,74.92,2719.02
6,70.5,71,1.89,False,False,2,43.12,2674.23
7,70.5,119,0.71,False,False,2,90.3,2581.66
8,70.5,98,0.97,False,False,2,125.22,2454.68
9,70.5,90,1.88,False,False,2,131.37,2322.45
10,70.5,65,0.79,False,False,2,29.62,2291.94
11,70.5,70,1.42,False,False,2,146.55,2144.48
12,70.5,72,1.49,False,False,2,149.42,1994.29
13,70.5,75,1.86,False,False,2,42.75,1950.6
14,70.5,102,1.78,False,False,2,36.19,1913.15
15,70.5,122,1.35,False,False,2,109.57,1802.96
16,70.5,77,2.0,False,False,2,147.16,1653.1
17,70.5,91,1.17,False,False,2,58.18,1592.44
18,70.5,63,1.39,False,False,2,104.52,1486.93
19,70.5,112,1.71,False,False,2,74.43,1410.81
20,70.5,62,1.05,False,False,2,121.08,1289.2
21,70.5,96,1.7,False,False,2,30.15,1258.04
22,70.5,92,0.8,False,False,2,132.07,1125.44
1,70.88,95,1.34,False,False,2,124.3,0.01
2,70.88,108,0.79,False,False,2,58.69,2843.26
3,70.88,142,1.37,False,False,2,61.43,2780.91
4,70.88,73,1.29,False,False,2,132.25,2647.61
5,70.88,80,1.88,False,False,2,76.27,2570.01
6,70.88,72,1.03,False,False,2,140.79,2428.26
7,70.88,117,1.84,False,False,2,66.15,2359.63
8,70.88,97,1.98,False,False,2,77.68,2280.87
9,70.88,91,1.16,False,False,2,139.24,2140.64
10,70.88,62,1.21,False,False,2,79.56,2060.09
11,70.88,68,1.39,False,False,2,132.36,1926.45
12,70.88,73,0.91,False,False,2,97.51,1827.96
13,70.88,74,1.87,False,False,2,52.41,1774.75
14,70.88,101,0.95,False,False,2,27.56,1745.41
15,70.88,121,1.06,False,False,2,73.2,1671.02
16,70.88,74,1.42,False,False,2,60.63,1609.4
17,70.88,93,1.31,False,False,2,43.12,1565.22
18,70.88,63,0.64,False,False,2,68.19,1495.98
19,70.88,113,0.56,False,False,2,140.45,1354.55
20,70.88,65,0.71,False,False,2,58.33,1295.1
21,70.88,98,1.33,False,False,2,77.78,1216.63
22,70.88,95,1.53,False,False,2,87.54,1127.51
1,71.25,93,1.09,False,False,2,126.17,0.02
2,71.25,106,1.7,False,False,2,30.9,2752.0
3,71.25,144,1.44,False,False,2,140.81,2609.91
4,71.25,74,1.53,False,False,2,86.69,2522.24
5,71.25,80,1.98,False,False,2,106.48,2414.87
6,71.25,73,0.62,False,False,2,46.85,2367.28
7,71.25,119,1.14,False,False,2,38.42,2327.65
9,71.25,91,1.39,False,False,2,44.72,2281.2
10,71.25,60,0.81,False,False,2,78.67,2201.67
11,71.25,71,0.72,False,False,2,120.95,2079.4
12,71.25,74,1.69,False,False,2,126.12,1950.9
13,71.25,71,0.96,False,False,2,103.98,1845.86
14,71.25,99,0.91,False,False,2,58.68,1786.25
15,71.25,123,1.34,False,False,2,33.79,1751.66
16,71.25,71,1.4,False,False,2,102.0,1649.1
17,71.25,94,1.53,False,False,2,35.5,1612.58
18,71.25,62,1.68,False,False,2,85.85,1525.51
19,71.25,112,0.78,False,False,2,62.84,1461.83
20,71.25,66,1.72,False,False,2,77.34,1382.88
21,71.25,98,1.99,False,False,2,143.43,1236.71
22,71.25,97,1.21,False,False,2,114.52,1120.99
1,71.62,90,1.73,False,False,2,119.49,0.01
2,71.62,106,1.54,False,False,2,29.52,2895.83
3,71.62,144,1.49,False,False,2,84.99,2810.06
4,71.62,76,1.09,False,False,2,67.37,2741.89
5,71.62,78,1.46,False,False,2,98.58,2642.12
6,71.62,73,1.88,False,False,2,96.51,2543.96
7,71.62,121,1.18,False,False,2,119.38,2423.57
8,71.62,96,0.72,False,False,2,108.21,2313.38
9,71.62,90,1.82,False,False,2,89.13,2223.44
10,71.62,60,1.49,False,False,2,64.63,2157.94
11,71.62,72,1.06,False,False,2,80.59,2075.98
12,71.62,77,1.17,False,False,2,51.37,2023.24
13,71.62,69,0.99,False,False,2,71.58,1950.82
14,71.62,97,1.55,False,False,2,92.93,1857.17
15,71.62,120,0.64,False,False,2,133.53,1722.79
16,71.62,71,1.23,False,False,2,132.56,1589.14
17,71.62,96,1.81,False,False,2,107.2,1480.95
18,71.62,62,0.89,False,False,2,71.99,1408.2
19,71.62,115,1.3,False,False,2,144.75,1262.54
20,71.62,63,1.14,False,False,2,53.27,1208.3
21,71.62,95,1.77,False,False,2,134.43,1072.74
22,71.62,99,1.39,False,False,2,32.02,1039.66
1,72.0,92,1.94,False,False,2,37.82,0.02
2,72.0,103,1.82,False,False,2,108.76,2605.64
3,72.0,145,1.97,False,False,2,72.98,2532.0
4,72.0,76,1.96,False,False,2,54.13,2477.22
5,72.0,80,1.46,False,False,2,143.2,2333.42
6,72.0,76,1.29,False,False,2,22.82,2309.57
7,72.0,124,1.04,False,False,2,26.26,2282.68
8,72.0,97,0.82,False,False,2,40.18,2239.73
9,72.0,92,1.93,False,False,2,54.24,2184.77
11,72.0,69,1.16,False,False,2,125.39,2055.97
12,72.0,75,1.63,False,False,2,24.01,2030.63
13,72.0,66,0.68,False,False,2,48.56,1981.58
14,72.0,96,1.12,False,False,2,82.24,1898.57
15,72.0,122,1.43,False,False,2,134.56,1763.31
16,72.0,70,0.85,False,False,2,82.8,1679.59
17,72.0,94,1.28,False,False,2,93.74,1582.71
18,72.0,65,0.73,False,False,2,46.47,1535.17
19,72.0,114,1.92,False,False,2,20.97,1513.44
20,72.0,64,1.92,False,False,2,138.19,1374.44
21,72.0,95,1.83,False,False,2,122.64,1250.74
22,72.0,97,1.7,False,False,2,116.2,1133.69
2,72.38,103,1.87,False,False,2,131.55,0.01
3,72.38,145,1.89,False,False,2,144.58,2933.97
4,72.38,76,1.33,False,False,2,68.39,2864.65
5,72.38,81,1.82,False,False,2,135.57,2728.19
6,72.38,73,1.16,False,False,2,24.56,2702.33
7,72.38,126,1.68,False,False,2,134.56,2567.02
8,72.38,97,1.25,False,False,2,101.04,2464.14
9,72.38,90,1.9,False,False,2,53.07,2409.94
10,72.38,60,0.72,False,False,2,79.25,2329.68
11,72.38,68,0.84,False,False,2,37.04,2291.72
12,72.38,73,1.25,False,False,2,73.55,2217.01
13,72.38,69,1.53,False,False,2,65.96,2149.62
14,72.38,97,1.71,False,False,2,118.56,2030.11
15,72.38,123,1.12,False,False,2,143.43,1886.12
16,72.38,70,1.22,False,False,2,90.91,1793.85
17,72.38,96,1.03,False,False,2,109.87,1683.19
18,72.38,67,1.89,False,False,2,133.69,1548.61
19,72.38,117,1.75,False,False,2,115.83,1431.11
20,72.38,64,1.47,False,False,2,148.55,1281.8
21,72.38,92,0.86,False,False,2,31.26,1249.05
22,72.38,95,1.49,False,False,2,112.14,1136.33
1,72.75,91,1.71,False,False,2,135.04,0.01
2,72.75,102,0.86,False,False,2,122.02,2956.83
3,72.75,148,0.85,False,False,2,75.55,2879.87
4,72.75,75,1.74,False,False,2,64.6,2814.73
5,72.75,80,1.9,False,False,2,118.53,2694.78
6,72.75,71,1.77,False,False,2,129.6,2563.67
7,72.75,129,1.38,False,False,2,124.14,2438.41
8,72.75,99,0.86,False,False,2,85.84,2351.68
9,72.75,87,1.48,False,False,2,36.26,2314.74
10,72.75,60,1.25,False,False,2,94.65,2219.29
11,72.75,68,1.09,False,False,2,96.86,2121.72
12,72.75,73,1.32,False,False,2,42.25,2078.43
13,72.75,67,0.67,False,False,2,72.95,2004.66
14,72.75,95,0.74,False,False,2,108.9,1894.81
15,72.75,120,1.77,False,False,2,96.4,1797.45
16,72.75,67,1.39,False,False,2,63.81,1732.57
17,72.75,95,0.99,False,False,2,57.37,1674.59
18,72.75,70,0.94,False,False,2,132.37,1541.26
19,72.75,114,0.81,False,False,2,140.6,1399.66
20,72.75,61,1.11,False,False,2,102.11,1296.65
21,72.75,94,1.7,False,False,2,47.17,1248.5
22,72.75,98,1.35,False,False,2,114.91,1133.08
1,73.12,92,1.22,False,False,2,131.38,0.02
6,73.12,74,8.95,True,False,1,45.58,0.01
2,73.12,99,1.55,False,False,2,28.7,129674.39
3,73.12,146,0.56,False,False,2,65.12,129608.59
4,73.12,75,1.02,False,False,2,84.25,129523.74
5,73.12,83,1.85,False,False,2,89.37,129433.58
7,73.12,127,1.39,False,False,2,93.27,2282.17
8,73.12,99,1.99,False,False,2,68.17,2213.24
9,73.12,88,1.67,False,False,2,118.38,2094.17
10,73.12,60,1.53,False,False,2,149.38,1943.26
12,73.12,71,0.58,False,False,2,139.79,1794.14
13,73.12,70,0.62,False,False,2,20.4,1772.87
14,73.12,95,1.83,False,False,2,103.54,1667.44
15,73.12,117,1.12,False,False,2,61.2,1605.24
16,73.12,66,1.82,False,False,2,81.48,1522.66
17,73.12,93,1.21,False,False,2,123.45,1397.68
18,73.12,67,0.82,False,False,2,100.09,1296.83
19,73.12,111,1.41,False,False,2,106.78,1189.08
20,73.12,64,1.62,False,False,2,31.09,1157.15
21,73.12,95,1.53,False,False,2,68.44,1087.71
22,73.12,100,0.65,False,False,2,26.65,1060.0
1,73.5,91,0.91,False,False,2,58.64,0.02
2,73.5,99,0.96,False,False,2,130.95,2593.72
3,73.5,146,1.47,False,False,2,34.9,2557.9
4,73.5,76,1.79,False,False,2,35.97,2520.75
5,73.5,84,2.0,False,False,2,49.82,2469.95
6,73.5,72,1.17,False,False,2,106.57,2361.93
7,73.5,127,0.6,False,False,2,125.3,2235.3
8,73.5,96,0.73,False,False,2,86.63,2147.02
9,73.5,89,1.22,False,False,2,132.34,2013.51
10,73.5,60,0.51,False,False,2,99.2,1912.98
11,73.5,68,1.74,False,False,2,28.16,1884.22
12,73.5,68,1.39,False,False,2,86.17,1797.18
13,73.5,68,1.06,False,False,2,66.25,1729.41
14,73.5,94,1.41,False,False,2,43.04,1685.48
15,73.5,116,1.49,False,False,2,33.76,1650.73
16,73.5,64,1.09,False,False,2,133.74,1516.05
17,73.5,90,0.54,False,False,2,85.27,1429.44
18,73.5,70,1.87,False,False,2,62.73,1365.39
19,73.5,112,1.65,False,False,2,41.13,1323.14
20,73.5,64,0.94,False,False,2,58.86,1263.63
21,73.5,98,1.11,False,False,2,73.97,1188.96
22,73.5,98,1.96,False,False,2,69.29,1119.16
1,73.88,89,0.75,False,False,2,117.5,0.02
2,73.88,101,1.74,False,False,2,73.16,2728.0
3,73.88,143,1.17,False,False,2,109.42,2617.77
4,73.88,74,0.61,False,False,2,131.77,2485.02
5,73.88,85,0.74,False,False,2,58.73,2425.23
6,73.88,74,0.88,False,False,2,21.48,2402.45
7,73.88,129,1.49,False,False,2,38.83,2362.92
8,73.88,98,0.71,False,False,2,93.86,2268.44
9,73.88,90,1.03,False,False,2,128.67,2138.8
10,73.88,62,1.17,False,False,2,132.09,2004.59
11,73.88,65,1.64,False,False,2,149.98,1851.91
12,73.88,71,1.21,False,False,2,59.99,1790.8
13,73.88,66,1.42,False,False,2,145.62,1644.2
14,73.88,97,1.39,False,False,2,61.37,1580.65
15,73.88,114,1.35,False,False,2,75.32,1503.88
16,73.88,64,1.9,False,False,2,69.78,1433.42
17,73.88,87,1.75,False,False,2,38.09,1394.55
18,73.88,69,0.72,False,False,2,50.0,1343.72
19,73.88,109,1.01,False,False,2,139.69,1203.1
20,73.88,64,1.9,False,False,2,110.73,1091.33
21,73.88,96,1.7,False,False,2,49.82,1040.44
1,74.25,86,1.75,False,False,2,37.86,0.02
2,74.25,104,1.87,False,False,2,72.77,1963.79
3,74.25,146,0.78,False,False,2,128.24,1834.6
4,74.25,73,1.84,False,False,2,71.95,1761.74
5,74.25,88,0.51,False,False,2,119.54,1641.49
6,74.25,71,1.03,False,False,2,105.69,1535.0
7,74.25,126,0.94,False,False,2,143.49,1390.71
8,74.25,97,1.29,False,False,2,132.28,1257.64
9,74.25,89,1.14,False,False,2,98.52,1158.15
10,74.25,62,1.77,False,False,2,113.94,1043.47
11,74.25,62,0.97,False,False,2,115.92,926.37
12,74.25,72,1.33,False,False,2,63.61,862.12
13,74.25,63,1.38,False,False,2,101.99,758.98
14,74.25,97,1.25,False,False,2,22.52,733.75
15,74.25,114,1.46,False,False,2,52.16,680.72
16,74.25,63,1.69,False,False,2,125.75,554.14
17,74.25,86,1.56,False,False,2,137.52,415.5
18,74.25,72,1.78,False,False,2,109.79,303.28
19,74.25,110,1.27,False,False,2,33.57,268.13
20,74.25,66,0.87,False,False,2,101.77,165.64
21,74.25,98,0.92,False,False,2,53.39,110.19
22,74.25,100,0.61,False,False,2,108.84,0.02
1,74.62,84,0.62,False,False,2,54.6,979.18
2,74.62,101,1.25,False,False,2,43.34,934.95
3,74.62,143,1.57,False,False,2,39.51,894.72
4,74.62,71,0.6,False,False,2,87.19,806.6
5,74.62,90,0.73,False,False,2,115.95,689.84
6,74.62,69,0.63,False,False,2,56.1,632.94
7,74.62,129,1.28,False,False,2,88.49,544.03
8,74.62,96,0.54,False,False,2,71.16,470.64
9,74.62,86,0.97,False,False,2,56.2,413.77
10,74.62,63,1.72,False,False,2,113.11,299.57
11,74.62,62,0.5,False,False,2,135.98,162.6
12,74.62,75,1.39,False,False,2,106.77,55.24
13,74.62,61,1.45,False,False,2,54.57,0.02
14,74.62,99,1.21,False,False,2,149.68,1879.12
15,74.62,116,1.47,False,False,2,66.62,1811.3
16,74.62,65,0.51,False,False,2,42.71,1766.6
17,74.62,83,1.62,False,False,2,141.61,1622.44
18,74.62,69,1.1,False,False,2,27.24,1594.18
19,74.62,108,1.76,False,False,2,52.09,1541.12
20,74.62,66,1.63,False,False,2,88.03,1452.2
21,74.62,101,0.66,False,False,2,39.84,1411.35
22,74.62,100,1.08,False,False,2,117.57,1292.76
1,75.0,81,1.64,False,False,2,133.45,157.49
2,75.0,104,0.99,False,False,2,22.71,133.29
3,75.0,145,1.65,False,False,2,44.2,88.51
4,75.0,71,0.99,False,False,2,86.91,0.01
5,75.0,88,1.01,False,False,2,138.67,2879.66
6,75.0,70,0.67,False,False,2,144.43,2733.93
7,75.0,132,1.83,False,False,2,68.77,2663.71
8,75.0,98,1.84,False,False,2,122.38,2540.22
9,75.0,83,1.72,False,False,2,82.57,2456.6
10,75.0,66,1.73,False,False,2,131.57,2323.96
11,75.0,63,1.03,False,False,2,91.61,2231.38
12,75.0,72,0.68,False,False,2,30.44,2200.05
13,75.0,63,0.53,False,False,2,59.71,2139.29
14,75.0,99,1.97,False,False,2,60.25,2078.11
15,75.0,117,1.0,False,False,2,137.24,1939.87
16,75.0,62,1.92,False,False,2,136.54,1802.26
17,75.0,81,0.65,False,False,2,59.48,1741.74
18,75.0,68,1.42,False,False,2,121.47,1619.17
19,75.0,109,1.02,False,False,2,119.0,1499.11
20,75.0,63,0.83,False,False,2,139.71,1358.46
21,75.0,100,1.51,False,False,2,93.82,1263.83
22,75.0,103,1.25,False,False,2,121.76,1141.28
1,75.38,78,1.32,False,False,2,140.21,0.02
2,75.38,102,0.51,False,False,2,126.38,2801.5
3,75.38,146,1.13,False,False,2,115.89,2685.0
4,75.38,71,1.39,False,False,2,118.24,2566.03
5,75.38,89,1.09,False,False,2,45.24,2519.45
6,75.38,67,1.56,False,False,2,130.38,2388.28
7,75.38,130,1.49,False,False,2,116.88,2270.73
8,75.38,98,1.47,False,False,2,35.74,2233.82
9,75.38,85,1.05,False,False,2,119.25,2113.32
10,75.38,64,0.91,False,False,2,21.78,2090.51
11,75.38,66,1.19,False,False,2,147.85,1941.87
12,75.38,72,1.84,False,False,2,110.77,1830.28
13,75.38,62,0.92,False,False,2,149.08,1680.35
14,75.38,97,1.64,False,False,2,57.84,1621.49
15,75.38,120,1.37,False,False,2,52.18,1568.58
16,75.38,60,1.99,False,False,2,22.66,1545.25
17,75.38,81,0.84,False,False,2,119.1,1424.69
18,75.38,68,1.35,False,False,2,43.57,1380.21
19,75.38,106,0.87,False,False,2,42.51,1337.09
20,75.38,61,0.83,False,False,2,86.61,1249.81
21,75.38,103,0.54,False,False,2,114.81,1132.65
22,75.38,102,1.98,False,False,2,44.49,1086.7
1,75.75,75,1.14,False,False,2,85.33,0.02
2,75.75,101,1.86,False,False,2,81.47,1942.06
3,75.75,146,1.43,False,False,2,126.43,1814.89
4,75.75,71,1.61,False,False,2,83.25,1730.92
5,75.75,90,0.84,False,False,2,105.74,1623.18
6,75.75,68,1.05,False,False,2,70.23,1551.93
7,75.75,127,0.77,False,False,2,69.9,1481.2
8,75.75,99,0.8,False,False,2,107.6,1371.09
9,75.75,86,0.94,False,False,2,55.4,1315.06
10,75.75,66,1.9,False,False,2,101.08,1213.48
11,75.75,64,1.8,False,False,2,69.02,1143.52
12,75.75,74,1.25,False,False,2,79.01,1063.71
13,75.75,63,1.72,False,False,2,104.71,958.09
14,75.75,95,0.87,False,False,2,108.08,849.11
15,75.75,122,1.45,False,False,2,84.33,764.18
16,75.75,61,1.94,False,False,2,125.44,637.74
17,75.75,78,0.9,False,False,2,36.97,599.94
18,75.75,70,1.83,False,False,2,93.46,506.05
19,75.75,104,1.29,False,False,2,121.92,383.67
20,75.75,62,1.26,False,False,2,118.03,265.14
21,75.75,102,1.31,False,False,2,114.69,149.89
22,75.75,105,1.35,False,False,2,148.97,0.01
1,76.12,77,0.74,False,False,2,64.79,978.58
2,76.12,104,0.82,False,False,2,140.05,837.6
3,76.12,149,0.89,False,False,2,106.43,730.38
4,76.12,73,1.12,False,False,2,53.95,675.52
5,76.12,88,1.25,False,False,2,133.53,540.92
6,76.12,70,0.96,False,False,2,50.8,489.05
7,76.12,129,0.65,False,False,2,65.01,422.93
8,76.12,96,0.81,False,False,2,58.42,363.74
9,76.12,83,0.67,False,False,2,29.57,331.99
10,76.12,69,1.83,False,False,2,109.77,220.6
11,76.12,67,1.37,False,False,2,147.39,72.25
12,76.12,77,1.33,False,False,2,71.28,0.01
13,76.12,62,1.69,False,False,2,43.67,2025.15
14,76.12,93,0.96,False,False,2,103.71,1920.52
15,76.12,122,1.32,False,False,2,54.67,1865.16
16,76.12,60,0.99,False,False,2,106.55,1757.66
17,76.12,76,0.96,False,False,2,98.48,1658.23
18,76.12,70,0.69,False,False,2,59.88,1597.69
19,76.12,104,0.57,False,False,2,140.02,1456.77
20,76.12,63,1.35,False,False,2,128.06,1327.89
21,76.12,104,1.29,False,False,2,127.25,1199.77
22,76.12,105,0.92,False,False,2,105.43,1093.39
1,76.5,75,1.83,False,False,2,91.6,0.02
2,76.5,107,1.1,False,False,2,111.46,2632.28
3,76.5,150,0.55,False,False,2,56.9,2574.7
4,76.5,70,1.53,False,False,2,115.12,2458.64
5,76.5,86,0.95,False,False,2,51.77,2405.59
6,76.5,67,0.82,False,False,2,130.16,2274.79
7,76.5,131,1.0,False,False,2,130.88,2142.29
8,76.5,95,0.56,False,False,2,42.92,2096.77
9,76.5,86,0.55,False,False,2,140.8,1953.95
10,76.5,72,1.24,False,False,2,22.42,1929.56
11,76.5,70,1.65,False,False,2,147.17,1780.69
12,76.5,79,0.95,False,False,2,134.51,1643.65
13,76.5,63,1.06,False,False,2,21.77,1620.81
15,76.5,119,1.66,False,False,2,38.98,1580.51
16,76.5,60,1.68,False,False,2,118.08,1460.93
17,76.5,74,1.26,False,False,2,46.46,1413.38
18,76.5,73,1.13,False,False,2,114.46,1298.39
19,76.5,107,1.29,False,False,2,23.62,1273.83
20,76.5,63,0.63,False,False,2,114.9,1157.88
21,76.5,105,1.42,False,False,2,39.62,1115.85
22,76.5,105,1.38,False,False,2,80.96,1034.31
1,76.88,72,1.38,False,False,2,33.17,0.02
2,76.88,105,0.86,False,False,2,57.92,3003.86
3,76.88,147,1.13,False,False,2,105.46,2897.96
4,76.88,72,1.67,False,False,2,92.02,2805.47
5,76.88,83,1.24,False,False,2,71.82,2733.13
6,76.88,69,1.1,False,False,2,54.96,2677.07
7,76.88,134,0.71,False,False,2,93.28,2580.06
8,76.88,98,1.84,False,False,2,50.38,2528.91
9,76.88,87,0.64,False,False,2,85.8,2441.72
10,76.88,73,1.88,False,False,2,53.88,2387.24
11,76.88,69,1.7,False,False,2,113.34,2272.95
12,76.88,77,1.55,False,False,2,72.94,2198.61
13,76.88,62,0.65,False,False,2,57.68,2140.01
14,76.88,91,1.29,False,False,2,81.36,2057.87
15,76.88,120,0.72,False,False,2,120.75,1936.62
16,76.88,61,1.01,False,False,2,77.94,1858.18
17,76.88,77,1.36,False,False,2,124.14,1733.81
18,76.88,70,1.96,False,False,2,135.5,1597.7
19,76.88,109,0.54,False,False,2,91.71,1504.4
20,76.88,63,0.8,False,False,2,134.24,1368.87
21,76.88,106,1.87,False,False,2,97.33,1270.69
22,76.88,102,0.99,False,False,2,131.95,1138.22
1,77.25,73,0.85,False,False,2,136.63,0.02
2,77.25,106,1.86,False,False,2,121.65,2674.93
3,77.25,146,1.9,False,False,2,60.5,2612.99
4,77.25,75,1.65,False,False,2,112.29,2500.0
5,77.25,83,0.86,False,False,2,63.77,2435.67
6,77.25,67,1.07,False,False,2,98.56,2336.09
7,77.25,137,0.93,False,False,2,122.87,2212.56
8,77.25,97,1.18,False,False,2,107.03,2105.12
9,77.25,87,1.99,False,False,2,59.81,2044.75
10,77.25,75,1.01,False,False,2,114.8,1929.29
11,77.25,69,0.96,False,False,2,132.39,1795.96
12,77.25,75,1.01,False,False,2,30.36,1764.95
13,77.25,61,1.64,False,False,2,86.28,1678.14
14,77.25,90,1.4,False,False,2,33.4,1642.05
15,77.25,117,0.74,False,False,2,34.4,1606.9
16,77.25,64,1.54,False,False,2,83.32,1522.64
17,77.25,80,1.56,False,False,2,142.46,1379.14
18,77.25,69,0.86,False,False,2,47.39,1330.67
19,77.25,111,0.98,False,False,2,31.88,1298.1
20,77.25,63,1.8,False,False,2,61.8,1235.79
21,77.25,106,0.6,False,False,2,62.35,1171.99
22,77.25,99,0.99,False,False,2,44.8,1126.37
1,77.62,74,1.44,False,False,2,124.6,0.01
2,77.62,107,0.96,False,False,2,80.44,2979.36
3,77.62,147,0.68,False,False,2,128.41,2850.1
4,77.62,77,1.02,False,False,2,69.69,2779.48
5,77.62,85,0.58,False,False,2,118.18,2660.63
6,77.62,69,1.67,False,False,2,149.34,2510.55
7,77.62,134,1.41,False,False,2,87.33,2422.17
9,77.62,88,0.97,False,False,2,72.55,2348.6
10,77.62,72,1.0,False,False,2,143.62,2203.07
11,77.62,71,0.6,False,False,2,139.29,2063.14
12,77.62,77,1.13,False,False,2,61.46,2000.38
13,77.62,62,0.79,False,False,2,100.64,1898.92
14,77.62,92,0.51,False,False,2,81.21,1816.49
15,77.62,117,1.22,False,False,2,120.4,1695.43
16,77.62,64,1.0,False,False,2,143.65,1551.01
17,77.62,77,0.68,False,False,2,107.64,1441.39
18,77.62,70,1.59,False,False,2,99.03,1341.59
19,77.62,110,1.63,False,False,2,45.91,1294.76
20,77.62,64,0.55,False,False,2,41.08,1252.41
21,77.62,105,1.15,False,False,2,22.49,1229.35
22,77.62,96,0.5,False,False,2,148.87,1079.71
1,78.0,76,0.74,False,False,2,78.69,0.02
2,78.0,109,0.88,False,False,2,118.56,2911.23
3,78.0,150,0.71,False,False,2,136.18,2774.45
4,78.0,79,1.2,False,False,2,45.14,2726.51
5,78.0,84,1.66,False,False,2,140.27,2585.59
6,78.0,72,0.86,False,False,2,89.43,2495.34
7,78.0,134,1.45,False,False,2,124.16,2369.37
8,78.0,97,1.13,False,False,2,128.01,2240.64
9,78.0,86,1.29,False,False,2,148.93,2090.06
10,78.0,73,1.91,False,False,2,61.84,2027.05
11,78.0,74,1.7,False,False,2,28.49,1997.39
12,78.0,78,1.09,False,False,2,57.14,1939.33
14,78.0,95,1.31,False,False,2,93.6,1844.16
15,78.0,116,1.59,False,False,2,109.67,1733.56
16,78.0,63,1.51,False,False,2,140.67,1592.04
17,78.0,74,1.0,False,False,2,91.6,1499.53
18,78.0,71,1.21,False,False,2,140.52,1357.48
19,78.0,107,1.56,False,False,2,75.05,1281.5
20,78.0,62,1.34,False,False,2,44.04,1234.89
21,78.0,107,0.55,False,False,2,44.64,1189.32
22,78.0,94,1.04,False,False,2,66.44,1121.93
1,78.38,73,1.28,False,False,2,120.8,0.02
2,78.38,111,1.84,False,False,2,148.86,2550.35
3,78.38,147,1.57,False,False,2,27.12,2521.96
4,78.38,78,0.79,False,False,2,112.7,2408.43
5,78.38,82,1.39,False,False,2,37.35,2369.87
6,78.38,74,1.87,False,False,2,93.04,2275.83
7,78.38,132,1.71,False,False,2,34.34,2238.78
8,78.38,95,1.05,False,False,2,89.81,2148.04
9,78.38,86,1.16,False,False,2,68.87,2078.29
10,78.38,70,1.4,False,False,2,140.5,1936.95
11,78.38,75,1.45,False,False,2,123.15,1813.07
13,78.38,66,1.15,False,False,2,83.3,1727.04
14,78.38,97,1.26,False,False,2,102.41,1623.54
15,78.38,114,1.81,False,False,2,49.87,1572.82
16,78.38,63,1.34,False,False,2,50.94,1521.35
17,78.38,76,0.56,False,False,2,88.93,1430.97
18,78.38,70,1.29,False,False,2,113.89,1314.49
19,78.38,110,0.79,False,False,2,48.55,1265.0
20,78.38,62,1.12,False,False,2,68.31,1195.08
21,78.38,105,1.76,False,False,2,133.24,1060.47
22,78.38,93,1.57,False,False,2,37.02,1022.9
1,78.75,76,1.97,False,False,2,21.44,0.01
2,78.75,109,1.12,False,False,2,124.83,2590.91
3,78.75,144,0.77,False,False,2,26.92,2563.49
4,78.75,79,0.62,False,False,2,96.71,2465.94
5,78.75,84,1.38,False,False,2,20.53,2444.27
6,78.75,77,0.9,False,False,2,101.3,2341.91
7,78.75,133,1.58,False,False,2,139.26,2201.68
8,78.75,96,1.78,False,False,2,79.34,2121.58
9,78.75,84,0.98,False,False,2,49.75,2070.84
10,78.75,68,1.13,False,False,2,34.34,2035.5
11,78.75,78,1.96,False,False,2,113.19,1921.57
12,78.75,81,1.79,False,False,2,118.61,1802.12
14,78.75,96,1.89,False,False,2,55.8,1744.93
15,78.75,117,0.62,False,False,2,105.59,1637.37
17,78.75,77,1.09,False,False,2,29.92,1605.45
18,78.75,68,0.83,False,False,2,143.68,1460.93
19,78.75,110,1.11,False,False,2,104.97,1355.24
20,78.75,61,1.14,False,False,2,132.81,1221.13
21,78.75,107,1.94,False,False,2,139.22,1080.18
22,78.75,94,0.6,False,False,2,56.24,1022.0
1,79.12,76,1.28,False,False,2,20.94,0.01
2,79.12,112,0.54,False,False,2,57.02,2894.35
3,79.12,146,1.91,False,False,2,68.53,2822.87
4,79.12,79,0.66,False,False,2,89.61,2732.68
5,79.12,87,0.65,False,False,2,113.95,2617.54
6,79.12,80,0.76,False,False,2,89.25,2526.08
7,79.12,130,1.56,False,False,2,64.93,2460.24
8,79.12,97,1.65,False,False,2,27.9,2431.84
9,79.12,81,1.31,False,False,2,114.78,2315.14
10,79.12,68,1.59,False,False,2,46.14,2268.09
11,79.12,78,1.17,False,False,2,127.49,2139.21
12,79.12,82,1.62,False,False,2,110.79,2027.64
13,79.12,70,1.83,False,False,2,96.59,1930.2
14,79.12,99,0.84,False,False,2,64.75,1864.72
15,79.12,116,1.42,False,False,2,146.35,1717.52
16,79.12,64,1.58,False,False,2,95.59,1621.14
17,79.12,75,0.9,False,False,2,51.09,1568.79
18,79.12,66,0.64,False,False,2,36.87,1530.99
19,79.12,111,0.69,False,False,2,73.35,1456.59
20,79.12,60,1.08,False,False,2,64.22,1391.62
21,79.12,106,1.04,False,False,2,111.85,1278.63
22,79.12,97,0.62,False,False,2,148.81,1128.86
1,79.5,77,0.92,False,False,2,127.59,0.01
2,79.5,112,1.34,False,False,2,55.7,2734.68
3,79.5,148,1.29,False,False,2,91.98,2641.81
4,79.5,76,0.66,False,False,2,72.21,2568.83
5,79.5,90,1.55,False,False,2,36.19,2531.44
6,79.5,79,1.02,False,False,2,46.35,2484.13
7,79.5,127,1.15,False,False,2,90.82,2392.86
8,79.5,99,1.75,False,False,2,115.84,2276.25
9,79.5,82,1.49,False,False,2,23.89,2250.85
10,79.5,69,0.86,False,False,2,136.7,2113.04
11,79.5,79,0.57,False,False,2,144.85,1967.32
12,79.5,85,1.85,False,False,2,96.19,1870.02
13,79.5,67,1.63,False,False,2,98.08,1769.77
14,79.5,96,1.36,False,False,2,97.95,1670.4
15,79.5,114,1.94,False,False,2,51.74,1617.55
16,79.5,61,1.01,False,False,2,125.67,1491.16
17,79.5,78,1.69,False,False,2,65.09,1424.7
18,79.5,64,1.86,False,False,2,31.48,1392.39
19,79.5,110,1.27,False,False,2,39.77,1351.95
20,79.5,63,0.79,False,False,2,141.92,1209.08
21,79.5,107,0.96,False,False,2,58.22,1149.81
22,79.5,99,1.53,False,False,2,57.19,1091.06
1,79.88,74,1.16,False,False,2,90.01,0.01
2,79.88,115,1.07,False,False,2,28.01,2814.1
3,79.88,149,1.13,False,False,2,111.54,2701.8
4,79.88,78,1.26,False,False,2,83.97,2617.16
5,79.88,89,1.15,False,False,2,60.07,2555.88
6,79.88,76,1.18,False,False,2,73.88,2481.23
7,79.88,128,1.18,False,False,2,124.48,2356.17
8,79.88,101,1.23,False,False,2,25.86,2329.6
9,79.88,84,1.23,False,False,2,51.18,2276.22
10,79.88,72,0.51,False,False,2,134.8,2140.19
11,79.88,79,0.61,False,False,2,130.29,2008.82
12,79.88,84,0.95,False,False,2,117.11,1890.18
13,79.88,66,1.43,False,False,2,146.41,1742.79
14,79.88,93,1.95,False,False,2,38.7,1702.76
15,79.88,115,1.79,False,False,2,61.92,1640.03
16,79.88,64,1.72,False,False,2,27.09,1611.84
17,79.88,76,1.14,False,False,2,48.91,1562.29
18,79.88,66,1.29,False,False,2,46.77,1514.94
19,79.88,108,1.89,False,False,2,52.45,1460.55
20,79.88,62,0.56,False,False,2,146.6,1310.83
21,79.88,105,1.5,False,False,2,94.59,1215.65
22,79.88,99,1.44,False,False,2,68.75,1145.67
1,80.25,74,0.91,False,False,2,144.22,0.01
2,80.25,116,1.64,False,False,2,24.68,2465.02
3,80.25,149,1.79,False,False,2,148.44,2315.41
4,80.25,75,0.74,False,False,2,99.84,2214.52
5,80.25,92,1.09,False,False,2,80.94,2132.72
6,80.25,73,1.68,False,False,2,50.35,2081.13
7,80.25,125,0.69,False,False,2,57.66,2022.56
8,80.25,104,1.93,False,False,2,27.84,1994.0
9,80.25,83,1.67,False,False,2,148.82,1843.9
10,80.25,69,1.64,False,False,2,61.13,1782.14
11,80.25,81,1.02,False,False,2,27.6,1753.75
12,80.25,81,1.5,False,False,2,37.62,1715.39
13,80.25,63,1.02,False,False,2,50.06,1664.86
14,80.25,94,1.2,False,False,2,36.86,1627.05
15,80.25,116,0.67,False,False,2,128.36,1497.97
16,80.25,66,1.03,False,False,2,53.03,1444.39
17,80.25,78,1.0,False,False,2,96.63,1346.52
18,80.25,64,1.45,False,False,2,130.97,1214.45
19,80.25,110,1.31,False,False,2,56.75,1157.04
20,80.25,64,1.87,False,False,2,26.34,1129.6
21,80.25,107,0.94,False,False,2,64.88,1064.14
1,80.62,71,1.54,False,False,2,60.78,0.01
2,80.62,113,1.2,False,False,2,72.77,2653.67
3,80.62,146,1.77,False,False,2,33.22,2619.6
4,80.62,72,1.05,False,False,2,63.35,2555.5
5,80.62,93,0.58,False,False,2,128.48,2425.57
6,80.62,76,1.57,False,False,2,24.26,2400.44
7,80.62,123,0.55,False,False,2,32.61,2366.95
8,80.62,104,1.97,False,False,2,147.8,2218.68
9,80.62,86,0.77,False,False,2,62.5,2155.59
10,80.62,69,0.7,False,False,2,80.67,2073.98
11,80.62,83,1.07,False,False,2,129.54,1942.99
12,80.62,83,1.86,False,False,2,88.61,1853.77
13,80.62,62,0.97,False,False,2,121.56,1730.75
14,80.62,93,1.21,False,False,2,45.03,1684.67
15,80.62,114,1.94,False,False,2,83.71,1600.37
16,80.62,63,1.58,False,False,2,70.53,1529.02
17,80.62,76,1.65,False,False,2,23.21,1505.25
18,80.62,65,1.19,False,False,2,79.22,1425.65
19,80.62,111,1.74,False,False,2,70.25,1354.64
20,80.62,67,1.94,False,False,2,79.22,1274.41
21,80.62,105,1.39,False,False,2,137.59,1136.21
22,80.62,96,1.54,False,False,2,108.74,1025.59
1,81.0,68,1.86,False,False,2,24.24,0.02
2,81.0,113,0.86,False,False,2,82.66,2979.71
3,81.0,145,0.76,False,False,2,22.8,2956.09
4,81.0,74,0.57,False,False,2,62.75,2892.75
5,81.0,93,1.15,False,False,2,101.72,2789.68
6,81.0,73,1.32,False,False,2,34.6,2754.09
7,81.0,125,0.95,False,False,2,34.14,2718.95
8,81.0,103,0.57,False,False,2,130.11,2587.95
9,81.0,87,0.61,False,False,2,59.24,2527.82
10,81.0,69,1.07,False,False,2,102.39,2424.63
11,81.0,86,0.53,False,False,2,142.94,2280.62
12,81.0,80,0.88,False,False,2,95.36,2184.46
13,81.0,62,1.39,False,False,2,148.88,2034.81
14,81.0,91,0.54,False,False,2,126.07,1908.13
15,81.0,111,1.57,False,False,2,62.47,1845.01
16,81.0,60,1.04,False,False,2,41.49,1802.6
17,81.0,78,1.59,False,False,2,60.88,1740.96
18,81.0,66,1.97,False,False,2,70.19,1669.97
19,81.0,110,1.29,False,False,2,149.64,1519.07
20,81.0,69,0.56,False,False,2,140.76,1376.5
21,81.0,103,0.88,False,False,2,135.76,1239.82
22,81.0,97,0.59,False,False,2,114.34,1124.39
1,81.38,71,1.83,False,False,2,123.13,0.02
2,81.38,114,0.63,False,False,2,119.89,2960.62
3,81.38,143,1.28,False,False,2,138.6,2821.16
4,81.38,74,1.17,False,False,2,63.34,2756.73
5,81.38,95,1.17,False,False,2,124.01,2630.11
6,81.38,73,0.74,False,False,2,76.52,2552.1
7,81.38,122,0.66,False,False,2,57.16,2494.14
8,81.38,100,0.81,False,False,2,60.53,2432.08
9,81.38,84,0.75,False,False,2,118.87,2311.78
10,81.38,66,1.35,False,False,2,126.37,2184.85
11,81.38,88,0.67,False,False,2,79.35,2104.28
12,81.38,78,1.83,False,False,2,75.23,2027.24
13,81.38,64,1.53,False,False,2,62.49,1963.55
14,81.38,91,1.63,False,False,2,34.83,1927.62
15,81.38,111,1.74,False,False,2,137.0,1788.08
16,81.38,60,1.77,False,False,2,89.44,1697.59
17,81.38,81,1.55,False,False,2,121.08,1575.17
18,81.38,68,1.61,False,False,2,92.37,1481.86
19,81.38,109,1.37,False,False,2,99.19,1381.38
20,81.38,66,1.53,False,False,2,61.83,1317.92
21,81.38,105,0.63,False,False,2,57.31,1260.1
22,81.38,95,1.12,False,False,2,143.34,1116.09
1,81.75,72,0.74,False,False,2,114.16,0.02
2,81.75,114,1.86,False,False,2,135.42,1903.35
3,81.75,146,0.71,False,False,2,93.33,1809.35
4,81.75,72,1.66,False,False,2,94.77,1713.64
5,81.75,96,0.61,False,False,2,146.39,1566.46
6,81.75,75,1.22,False,False,2,91.3,1474.53
7,81.75,119,0.96,False,False,2,54.24,1418.69
8,81.75,97,1.9,False,False,2,36.21,1381.89
9,81.75,84,1.79,False,False,2,37.53,1343.51
10,81.75,69,1.75,False,False,2,143.45,1198.94
11,81.75,85,1.04,False,False,2,108.24,1089.16
12,81.75,77,0.98,False,False,2,59.53,1027.06
13,81.75,63,0.81,False,False,2,131.46,894.59
14,81.75,89,1.55,False,False,2,50.36,843.15
15,81.75,110,1.07,False,False,2,95.19,746.52
16,81.75,62,0.71,False,False,2,113.17,632.39
17,81.75,78,0.57,False,False,2,114.83,516.82
18,81.75,69,1.18,False,False,2,81.58,433.41
19,81.75,106,0.74,False,False,2,85.2,347.42
20,81.75,65,0.58,False,False,2,146.52,199.95
21,81.75,108,0.9,False,False,2,51.74,147.48
22,81.75,93,1.21,False,False,2,145.11,0.01
1,82.12,72,1.1,False,False,2,21.75,1023.09
2,82.12,112,1.53,False,False,2,50.33,972.04
3,82.12,146,0.59,False,False,2,53.34,917.25
4,82.12,74,1.26,False,False,2,132.28,781.81
5,82.12,95,1.93,False,False,2,142.2,638.35
6,82.12,72,1.24,False,False,2,41.67,595.88
7,82.12,117,0.97,False,False,2,138.62,456.69
8,82.12,94,1.56,False,False,2,99.3,356.13
9,82.12,84,1.69,False,False,2,66.85,286.92
10,82.12,71,1.13,False,False,2,137.9,147.53
11,82.12,85,1.0,False,False,2,146.3,0.01
12,82.12,79,1.19,False,False,2,97.69,1953.07
13,82.12,61,0.74,False,False,2,136.12,1816.33
14,82.12,89,1.36,False,False,2,44.93,1770.84
15,82.12,112,1.57,False,False,2,103.17,1666.96
16,82.12,63,1.71,False,False,2,132.82,1533.24
17,82.12,77,1.07,False,False,2,64.93,1465.53
18,82.12,68,0.95,False,False,2,104.45,1359.66
19,82.12,109,1.69,False,False,2,60.63,1297.86
20,82.12,62,1.68,False,False,2,105.06,1191.91
21,82.12,111,1.69,False,False,2,30.65,1159.89
22,82.12,94,0.87,False,False,2,24.99,1133.07
1,82.5,71,1.82,False,False,2,71.62,59.24
2,82.5,111,1.76,False,False,2,57.41,0.02
3,82.5,147,0.55,False,False,2,48.51,2615.54
4,82.5,71,1.1,False,False,2,99.19,2514.26
5,82.5,98,0.89,False,False,2,47.58,2465.53
6,82.5,75,1.83,False,False,2,133.04,2331.94
7,82.5,115,0.91,False,False,2,31.07,2299.73
8,82.5,94,1.35,False,False,2,120.98,2176.16
9,82.5,82,0.95,False,False,2,20.03,2155.59
10,82.5,68,1.38,False,False,2,142.78,2012.01
11,82.5,84,1.07,False,False,2,78.05,1932.09
12,82.5,82,1.2,False,False,2,117.31,1814.12
13,82.5,62,1.23,False,False,2,64.78,1748.51
14,82.5,92,1.69,False,False,2,47.31,1698.9
15,82.5,112,1.16,False,False,2,32.47,1665.85
16,82.5,60,0.89,False,False,2,64.8,1600.36
17,82.5,79,1.47,False,False,2,59.91,1539.75
18,82.5,65,0.52,False,False,2,74.9,1464.27
19,82.5,109,1.81,False,False,2,115.85,1347.33
20,82.5,63,0.59,False,False,2,42.77,1303.73
21,82.5,111,1.5,False,False,2,126.34,1176.37
22,82.5,96,0.87,False,False,2,128.46,1047.09
1,82.88,74,1.85,False,False,2,45.62,0.02
2,82.88,110,0.89,False,False,2,139.9,2747.4
3,82.88,150,0.88,False,False,2,44.36,2702.27
4,82.88,71,1.03,False,False,2,100.27,2601.38
5,82.88,96,0.81,False,False,2,66.32,2534.15
6,82.88,76,1.56,False,False,2,83.55,2449.85
7,82.88,117,0.79,False,False,2,79.97,2368.93
8,82.88,93,0.58,False,False,2,94.9,2273.4
9,82.88,79,1.89,False,False,2,125.45,2147.0
10,82.88,65,0.96,False,False,2,48.23,2097.52
11,82.88,86,1.42,False,False,2,124.2,1972.36
12,82.88,84,1.53,False,False,2,87.55,1884.0
13,82.88,65,1.62,False,False,2,83.08,1800.11
14,82.88,90,1.16,False,False,2,44.1,1755.33
15,82.88,111,1.62,False,False,2,118.67,1635.84
16,82.88,63,1.94,False,False,2,70.17,1564.72
17,82.88,80,1.25,False,False,2,138.49,1425.74
18,82.88,65,1.94,False,False,2,142.76,1282.11
19,82.88,107,1.2,False,False,2,56.41,1224.66
20,82.88,63,1.69,False,False,2,76.54,1147.32
21,82.88,108,1.98,False,False,2,35.79,1110.87
1,83.25,76,1.36,False,False,2,108.91,0.02
2,83.25,111,1.18,False,False,2,54.48,2885.37
3,83.25,153,1.64,False,False,2,111.32,2773.16
4,83.25,69,1.54,False,False,2,90.66,2681.71
5,83.25,98,0.92,False,False,2,144.51,2536.62
6,83.25,78,0.62,False,False,2,64.7,2470.92
7,83.25,115,1.75,False,False,2,118.47,2351.64
8,83.25,92,1.81,False,False,2,21.36,2328.88
9,83.25,76,0.58,False,False,2,31.98,2296.09
10,83.25,67,0.8,False,False,2,25.44,2269.95
11,83.25,84,1.33,False,False,2,31.84,2237.41
12,83.25,83,0.57,False,False,2,126.58,2109.8
13,83.25,63,1.59,False,False,2,116.87,1991.36
14,83.25,92,1.82,False,False,2,56.89,1931.85
15,83.25,112,0.6,False,False,2,122.18,1809.14
16,83.25,64,1.72,False,False,2,81.55,1726.78
17,83.25,81,1.67,False,False,2,149.35,1576.49
18,83.25,66,1.88,False,False,2,94.04,1481.31
19,83.25,110,0.62,False,False,2,100.48,1379.7
20,83.25,64,1.81,False,False,2,69.37,1309.37
21,83.25,107,1.89,False,False,2,149.08,1159.4
22,83.25,94,0.75,False,False,2,38.12,1120.4
1,83.62,74,0.59,False,False,2,118.84,0.02
2,83.62,109,1.48,False,False,2,83.01,2491.95
3,83.62,151,1.6,False,False,2,49.64,2441.7
4,83.62,67,1.98,False,False,2,97.11,2343.9
5,83.62,98,1.58,False,False,2,76.32,2266.87
6,83.62,77,1.44,False,False,2,112.05,2153.78
7,83.62,115,0.69,False,False,2,42.52,2109.23
8,83.62,90,1.29,False,False,2,28.72,2078.03
9,83.62,77,1.91,False,False,2,30.81,2046.31
10,83.62,64,1.53,False,False,2,45.98,1999.07
11,83.62,87,1.88,False,False,2,101.4,1895.72
12,83.62,81,1.62,False,False,2,29.0,1865.99
13,83.62,62,1.42,False,False,2,21.2,1843.25
14,83.62,93,1.89,False,False,2,132.47,1709.78
15,83.62,112,0.82,False,False,2,142.25,1566.34
16,83.62,66,0.61,False,False,2,38.78,1527.19
17,83.62,82,1.85,False,False,2,46.19,1479.45
18,83.62,64,1.77,False,False,2,140.04,1337.04
19,83.62,109,0.84,False,False,2,22.88,1313.58
20,83.62,65,0.62,False,False,2,140.1,1172.05
21,83.62,104,0.51,False,False,2,30.33,1141.07
22,83.62,96,1.64,False,False,2,109.94,1030.07
1,84.0,73,0.68,False,False,2,29.2,0.01
2,84.0,109,0.86,False,False,2,80.84,2387.89
3,84.0,150,1.51,False,False,2,92.8,2294.7
4,84.0,68,1.1,False,False,2,80.38,2213.76
5,84.0,96,0.8,False,False,2,28.22,2184.8
6,84.0,74,0.68,False,False,2,77.27,2106.61
7,84.0,112,1.65,False,False,2,139.45,1966.1
8,84.0,91,1.79,False,False,2,36.83,1928.41
9,84.0,80,1.37,False,False,2,100.83,1825.42
10,84.0,66,0.99,False,False,2,48.41,1775.9
11,84.0,85,1.75,False,False,2,23.27,1751.9
12,84.0,84,1.56,False,False,2,28.67,1722.32
13,84.0,61,0.95,False,False,2,63.34,1658.33
14,84.0,95,0.62,False,False,2,28.34,1629.15
15,84.0,111,0.96,False,False,2,49.77,1578.73
16,84.0,67,1.35,False,False,2,71.75,1505.91
17,84.0,82,1.49,False,False,2,135.59,1369.27
18,84.0,65,0.91,False,False,2,26.36,1341.9
19,84.0,108,1.26,False,False,2,140.39,1200.15
20,84.0,65,1.95,False,False,2,98.27,1100.81
21,84.0,105,1.09,False,False,2,23.18,1076.82
22,84.0,97,1.07,False,False,2,33.0,1042.45
1,84.38,75,1.34,False,False,2,41.35,0.01
2,84.38,109,1.99,False,False,2,49.53,2612.39
3,84.38,147,1.94,False,False,2,103.39,2507.88
4,84.38,65,1.9,False,False,2,64.95,2441.86
5,84.38,98,1.64,False,False,2,29.15,2412.1
6,84.38,74,1.18,False,False,2,149.59,2261.85
7,84.38,109,0.8,False,False,2,103.9,2157.21
8,84.38,90,0.81,False,False,2,41.85,2114.66
9,84.38,83,1.37,False,False,2,97.13,2016.5
10,84.38,65,1.5,False,False,2,108.26,1907.32
11,84.38,86,0.52,False,False,2,41.72,1865.06
12,84.38,82,0.73,False,False,2,109.63,1755.14
13,84.38,60,1.24,False,False,2,55.93,1698.41
14,84.38,94,1.28,False,False,2,80.52,1617.41
15,84.38,109,1.37,False,False,2,36.77,1580.25
16,84.38,68,1.88,False,False,2,88.58,1491.15
17,84.38,82,1.87,False,False,2,30.04,1460.49
18,84.38,68,1.32,False,False,2,70.85,1388.89
19,84.38,107,0.71,False,False,2,43.96,1344.26
20,84.38,65,1.28,False,False,2,128.86,1214.86
22,84.38,94,1.35,False,False,2,142.64,1070.88
1,84.75,74,1.65,False,False,2,69.5,0.01
2,84.75,112,1.27,False,False,2,54.27,2645.42
3,84.75,150,1.21,False,False,2,119.92,2524.75
4,84.75,68,1.68,False,False,2,50.7,2473.28
5,84.75,100,0.66,False,False,2,29.46,2443.02
6,84.75,75,1.85,False,False,2,57.03,2385.39
7,84.75,107,1.15,False,False,2,63.5,2321.24
8,84.75,88,0.54,False,False,2,26.56,2293.66
9,84.75,83,0.99,False,False,2,143.31,2149.49
10,84.75,67,0.67,False,False,2,45.76,2102.77
11,84.75,83,1.16,False,False,2,131.62,1970.49
12,84.75,80,1.69,False,False,2,94.14,1875.49
13,84.75,60,1.63,False,False,2,106.05,1768.53
14,84.75,96,0.62,False,False,2,100.51,1665.99
15,84.75,107,1.84,False,False,2,20.44,1644.48
16,84.75,65,1.26,False,False,2,45.75,1598.13
17,84.75,81,1.22,False,False,2,96.1,1499.47
18,84.75,70,1.48,False,False,2,144.25,1353.72
19,84.75,110,0.64,False,False,2,101.53,1251.24
20,84.75,64,1.75,False,False,2,39.27,1211.2
21,84.75,100,1.05,False,False,2,58.19,1151.98
22,84.75,95,1.66,False,False,2,117.96,1032.97
1,85.12,73,0.69,False,False,2,31.03,0.02
2,85.12,111,0.94,False,False,2,37.3,2404.84
3,85.12,148,1.02,False,False,2,88.87,2314.08
4,85.12,71,0.7,False,False,2,22.91,2290.57
5,85.12,103,1.66,False,False,2,71.35,2217.87
6,85.12,75,1.9,False,False,2,36.51,2180.1
7,85.12,109,1.33,False,False,2,85.56,2093.39
8,85.12,87,1.47,False,False,2,63.01,2029.37
9,85.12,86,0.98,False,False,2,61.41,1966.81
10,85.12,70,1.71,False,False,2,126.42,1839.79
11,85.12,85,1.37,False,False,2,90.79,1747.8
12,85.12,78,1.98,False,False,2,98.33,1648.38
13,85.12,61,1.45,False,False,2,25.89,1620.78
14,85.12,95,1.24,False,False,2,95.13,1523.45
15,85.12,109,0.66,False,False,2,140.6,1381.41
16,85.12,68,1.02,False,False,2,43.56,1337.2
17,85.12,81,0.6,False,False,2,27.82,1308.51
18,85.12,72,0.78,False,False,2,66.93,1240.6
19,85.12,108,0.85,False,False,2,34.87,1203.82
20,85.12,67,1.96,False,False,2,65.45,1137.25
21,85.12,102,1.48,False,False,2,42.3,1092.87
22,85.12,93,0.95,False,False,2,62.76,1029.01
1,85.5,72,1.85,False,False,2,27.78,0.01
2,85.5,113,1.48,False,False,2,71.27,2742.58
3,85.5,145,1.2,False,False,2,128.91,2612.67
4,85.5,70,0.92,False,False,2,148.89,2463.06
5,85.5,101,1.46,False,False,2,69.72,2392.58
6,85.5,72,1.21,False,False,2,61.37,2330.47
7,85.5,111,1.97,False,False,2,65.6,2263.85
8,85.5,85,0.89,False,False,2,111.49,2151.64
9,85.5,83,1.46,False,False,2,102.23,2048.1
10,85.5,67,0.71,False,False,2,119.53,1927.78
11,85.5,88,0.67,False,False,2,79.26,1847.84
13,85.5,63,0.65,False,False,2,28.3,1818.41
14,85.5,93,1.22,False,False,2,98.92,1718.77
15,85.5,107,1.67,False,False,2,49.31,1668.0
16,85.5,69,1.28,False,False,2,91.66,1574.47
17,85.5,81,0.51,False,False,2,96.15,1477.34
18,85.5,69,1.3,False,False,2,128.14,1348.3
19,85.5,111,1.86,False,False,2,122.51,1223.86
20,85.5,70,0.57,False,False,2,88.67,1134.47
21,85.5,103,1.61,False,False,2,30.37,1103.34
22,85.5,93,1.13,False,False,2,68.41,1034.0
1,85.88,70,1.01,False,False,2,29.76,0.01
2,85.88,111,1.28,False,False,2,44.9,2638.65
3,85.88,142,0.94,False,False,2,43.97,2593.7
4,85.88,70,0.96,False,False,2,59.45,2531.8
5,85.88,104,1.72,False,False,2,76.3,2452.77
6,85.88,75,1.24,False,False,2,46.48,2404.62
7,85.88,112,1.65,False,False,2,98.25,2305.64
8,85.88,82,1.34,False,False,2,83.41,2221.03
9,85.88,83,1.29,False,False,2,31.04,2188.58
10,85.88,69,1.89,False,False,2,28.25,2158.61
11,85.88,85,0.88,False,False,2,128.65,2029.15
12,85.88,81,0.56,False,False,2,138.07,1889.94
13,85.88,62,0.71,False,False,2,42.68,1846.82
14,85.88,91,1.06,False,False,2,138.35,1707.5
15,85.88,105,1.83,False,False,2,59.63,1645.98
16,85.88,67,1.41,False,False,2,28.54,1616.83
17,85.88,82,0.66,False,False,2,66.9,1549.07
18,85.88,66,1.08,False,False,2,88.49,1459.04
19,85.88,109,1.31,False,False,2,122.58,1334.84
20,85.88,70,1.55,False,False,2,47.95,1285.78
21,85.88,105,1.6,False,False,2,47.25,1237.91
22,85.88,90,1.08,False,False,2,138.3,1098.67
1,86.25,68,1.51,False,False,2,97.41,0.01
2,86.25,113,0.9,False,False,2,140.19,2821.46
3,86.25,142,1.88,False,False,2,77.09,2743.71
4,86.25,72,1.56,False,False,2,121.21,2621.23
5,86.25,104,0.6,False,False,2,81.85,2538.82
6,86.25,74,1.13,False,False,2,51.7,2486.31
7,86.25,115,0.68,False,False,2,100.78,2385.03
8,86.25,82,0.64,False,False,2,46.99,2336.3
9,86.25,83,1.26,False,False,2,95.76,2239.32
10,86.25,66,1.61,False,False,2,52.65,2185.09
11,86.25,82,1.24,False,False,2,83.91,2099.0
12,86.25,84,1.61,False,False,2,99.66,1998.83
13,86.25,65,1.55,False,False,2,117.87,1880.2
14,86.25,93,1.8,False,False,2,96.39,1782.86
15,86.25,104,1.76,False,False,2,117.38,1664.73
16,86.25,67,1.29,False,False,2,27.76,1635.76
17,86.25,80,0.65,False,False,2,48.42,1586.39
18,86.25,64,0.82,False,False,2,108.73,1476.17
19,86.25,108,1.51,False,False,2,73.74,1401.59
20,86.25,67,1.7,False,False,2,146.91,1253.76
21,86.25,108,1.17,False,False,2,76.28,1176.26
22,86.25,91,1.1,False,False,2,52.23,1123.42
1,86.62,68,0.53,False,False,2,122.12,0.01
2,86.62,115,1.23,False,False,2,45.81,2565.9
3,86.62,139,1.85,False,False,2,29.61,2535.39
4,86.62,74,1.86,False,False,2,113.18,2421.15
5,86.62,103,1.92,False,False,2,33.29,2387.04
6,86.62,71,1.55,False,False,2,123.43,2261.53
7,86.62,116,1.54,False,False,2,82.78,2176.81
8,86.62,85,1.98,False,False,2,41.3,2134.06
9,86.62,80,1.16,False,False,2,38.67,2094.72
10,86.62,68,1.32,False,False,2,43.35,2049.9
11,86.62,84,1.39,False,False,2,94.39,1954.43
12,86.62,83,1.08,False,False,2,102.08,1850.85
13,86.62,67,1.9,False,False,2,71.48,1778.41
14,86.62,92,1.79,False,False,2,62.44,1714.57
15,86.62,106,1.84,False,False,2,86.55,1626.59
16,86.62,66,0.86,False,False,2,40.25,1585.82
17,86.62,83,1.4,False,False,2,86.6,1498.34
18,86.62,64,0.85,False,False,2,77.3,1419.92
19,86.62,111,1.58,False,False,2,52.99,1366.14
20,86.62,69,1.82,False,False,2,100.55,1264.56
21,86.62,106,0.51,False,False,2,143.65,1118.72
22,86.62,90,1.31,False,False,2,95.47,1021.63
1,87.0,68,0.69,False,False,2,20.3,0.01
2,87.0,112,1.83,False,False,2,149.43,2909.7
3,87.0,142,0.87,False,False,2,47.15,2859.87
4,87.0,75,1.03,False,False,2,126.46,2731.12
5,87.0,106,1.95,False,False,2,137.02,2593.37
6,87.0,69,0.71,False,False,2,68.92,2523.53
7,87.0,115,1.85,False,False,2,108.59,2413.94
9,87.0,82,1.44,False,False,2,123.14,2288.72
10,87.0,69,1.62,False,False,2,51.29,2236.64
11,87.0,82,1.17,False,False,2,140.33,2095.4
12,87.0,85,1.69,False,False,2,131.89,1960.76
13,87.0,70,1.55,False,False,2,63.51,1896.51
14,87.0,95,0.68,False,False,2,62.29,1833.21
15,87.0,108,1.41,False,False,2,130.51,1701.89
16,87.0,64,1.14,False,False,2,90.36,1610.81
17,87.0,83,1.24,False,False,2,24.31,1585.82
18,87.0,67,0.52,False,False,2,70.86,1512.65
19,87.0,114,1.7,False,False,2,134.3,1377.3
20,87.0,66,1.02,False,False,2,67.1,1309.28
21,87.0,103,0.52,False,False,2,66.19,1241.03
22,87.0,89,1.89,False,False,2,129.88,1110.55
1,87.38,65,1.92,False,False,2,109.26,0.02
2,87.38,112,0.81,False,False,2,140.58,1892.14
3,87.38,143,0.63,False,False,2,102.13,1788.93
4,87.38,72,1.86,False,False,2,148.91,1639.11
5,87.38,104,1.11,False,False,2,122.05,1514.61
6,87.38,69,1.11,False,False,2,149.79,1364.06
7,87.38,117,1.32,False,False,2,70.26,1292.52
8,87.38,84,0.74,False,False,2,32.54,1259.28
9,87.38,82,0.83,False,False,2,78.61,1179.73
10,87.38,69,1.01,False,False,2,63.09,1114.37
11,87.38,83,1.38,False,False,2,134.17,978.65
12,87.38,82,0.8,False,False,2,115.24,862.74
13,87.38,71,1.47,False,False,2,49.11,812.94
14,87.38,92,1.83,False,False,2,125.43,686.78
15,87.38,108,0.63,False,False,2,47.48,637.92
16,87.38,66,0.78,False,False,2,109.19,527.93
17,87.38,81,1.16,False,False,2,128.42,398.77
18,87.38,66,1.41,False,False,2,148.25,249.32
19,87.38,112,1.43,False,False,2,66.84,180.16
20,87.38,69,1.75,False,False,2,47.01,131.95
21,87.38,106,0.69,False,False,2,72.21,57.3
22,87.38,86,1.43,False,False,2,56.44,0.02
1,87.75,65,1.07,False,False,2,49.25,1020.91
2,87.75,114,1.12,False,False,2,122.26,897.82
3,87.75,144,0.74,False,False,2,26.71,869.46
4,87.75,71,1.08,False,False,2,79.98,788.77
5,87.75,102,1.19,False,False,2,111.95,675.66
6,87.75,67,0.97,False,False,2,140.87,533.79
7,87.75,114,1.43,False,False,2,23.77,508.4
8,87.75,83,1.12,False,False,2,94.32,411.94
9,87.75,81,1.71,False,False,2,110.36,300.59
10,87.75,72,0.55,False,False,2,83.88,215.68
11,87.75,84,1.48,False,False,2,65.98,148.9
12,87.75,79,1.33,False,False,2,74.12,74.03
13,87.75,71,0.58,False,False,2,73.52,0.01
14,87.75,90,1.58,False,False,2,68.88,1967.22
15,87.75,109,1.86,False,False,2,121.28,1844.99
16,87.75,67,1.6,False,False,2,128.53,1715.68
17,87.75,84,1.49,False,False,2,45.42,1669.49
18,87.75,67,0.99,False,False,2,76.01,1592.27
19,87.75,110,1.38,False,False,2,111.82,1479.28
20,87.75,69,1.58,False,False,2,121.9,1355.53
21,87.75,107,1.69,False,False,2,58.09,1296.66
22,87.75,88,1.23,False,False,2,144.66,1151.11
1,88.12,62,0.82,False,False,2,149.98,0.01
2,88.12,111,1.68,False,False,2,145.82,2726.42
3,88.12,142,1.7,False,False,2,45.51,2679.85
4,88.12,68,1.54,False,False,2,115.55,2563.41
5,88.12,102,1.26,False,False,2,79.58,2483.19
6,88.12,70,1.77,False,False,2,27.64,2454.14
7,88.12,111,0.79,False,False,2,93.92,2358.06
8,88.12,84,1.42,False,False,2,134.32,2222.64
9,88.12,79,0.61,False,False,2,38.33,2183.56
10,88.12,69,1.02,False,False,2,78.68,2104.01
11,88.12,86,1.65,False,False,2,86.82,2016.61
12,88.12,82,0.97,False,False,2,138.2,1878.0
13,88.12,72,0.98,False,False,2,62.86,1814.42
14,88.12,92,0.57,False,False,2,108.32,1704.86
15,88.12,108,0.88,False,False,2,97.65,1606.65
16,88.12,66,1.68,False,False,2,62.51,1543.11
17,88.12,86,0.95,False,False,2,79.52,1462.67
18,88.12,65,1.36,False,False,2,112.39,1349.57
19,88.12,113,0.66,False,False,2,87.45,1260.98
20,88.12,68,1.27,False,False,2,58.23,1200.22
21,88.12,107,1.74,False,False,2,67.86,1131.59
1,88.5,64,1.45,False,False,2,127.37,0.01
2,88.5,114,1.79,False,False,2,85.75,2915.28
3,88.5,143,1.6,False,False,2,95.21,2819.12
4,88.5,66,0.96,False,False,2,26.63,2791.72
5,88.5,105,1.09,False,False,2,104.11,2686.08
6,88.5,72,1.33,False,False,2,51.26,2634.17
7,88.5,109,0.63,False,False,2,120.36,2512.17
8,88.5,81,1.12,False,False,2,53.29,2457.03
9,88.5,77,1.25,False,False,2,83.91,2372.02
10,88.5,66,1.53,False,False,2,142.07,2229.34
11,88.5,88,1.86,False,False,2,115.68,2112.93
12,88.5,80,1.8,False,False,2,55.51,2056.59
13,88.5,75,1.07,False,False,2,106.82,1948.3
14,88.5,93,0.91,False,False,2,143.24,1803.32
15,88.5,106,1.98,False,False,2,95.19,1707.35
16,88.5,64,1.01,False,False,2,40.08,1666.51
17,88.5,88,1.08,False,False,2,60.53,1605.34
18,88.5,66,0.67,False,False,2,139.04,1463.92
19,88.5,112,1.9,False,False,2,116.1,1347.3
20,88.5,68,1.51,False,False,2,84.18,1262.01
21,88.5,104,0.82,False,False,2,124.08,1136.79
22,88.5,90,1.75,False,False,2,110.18,1025.64
1,88.88,61,1.71,False,False,2,24.47,0.01
2,88.88,115,1.96,False,False,2,97.29,2950.72
3,88.88,143,0.52,False,False,2,61.29,2887.6
4,88.88,65,1.2,False,False,2,119.93,2765.98
5,88.88,102,1.07,False,False,2,149.01,2614.8
6,88.88,71,1.03,False,False,2,121.7,2490.2
7,88.88,106,0.95,False,False,2,54.82,2434.45
8,88.88,83,1.15,False,False,2,112.45,2320.98
9,88.88,77,1.7,False,False,2,123.82,2196.34
10,88.88,68,1.39,False,False,2,39.67,2155.86
11,88.88,91,1.29,False,False,2,56.47,2098.62
12,88.88,77,0.94,False,False,2,112.95,1984.98
13,88.88,73,0.99,False,False,2,60.58,1923.68
14,88.88,90,1.82,False,False,2,119.15,1803.68
15,88.88,106,1.76,False,False,2,84.79,1717.95
16,88.88,62,0.5,False,False,2,137.3,1579.77
17,88.88,87,1.33,False,False,2,82.19,1496.73
18,88.88,65,1.63,False,False,2,127.22,1368.61
19,88.88,113,1.65,False,False,2,111.82,1256.15
20,88.88,70,1.28,False,False,2,27.38,1228.11
21,88.88,107,1.27,False,False,2,82.52,1145.06
22,88.88,91,1.64,False,False,2,76.34,1066.9
1,89.25,64,1.6,False,False,2,65.79,0.01
2,89.25,114,1.37,False,False,2,31.21,2710.79
3,89.25,145,1.85,False,False,2,42.39,2667.73
4,89.25,65,0.79,False,False,2,130.5,2536.47
5,89.25,101,1.48,False,False,2,26.24,2509.56
6,89.25,73,0.76,False,False,2,94.25,2414.43
7,89.25,105,1.83,False,False,2,60.87,2352.55
8,89.25,83,0.62,False,False,2,28.08,2323.08
9,89.25,75,0.54,False,False,2,149.73,2172.37
10,89.25,65,1.0,False,False,2,120.27,2051.26
11,89.25,93,1.32,False,False,2,44.92,2005.24
12,89.25,78,0.99,False,False,2,75.73,1928.47
13,89.25,70,0.86,False,False,2,146.92,1780.96
14,89.25,90,0.76,False,False,2,36.4,1743.35
15,89.25,109,0.55,False,False,2,47.38,1693.98
16,89.25,60,0.63,False,False,2,42.61,1650.65
17,89.25,90,0.55,False,False,2,129.75,1518.98
18,89.25,65,1.36,False,False,2,40.43,1477.94
19,89.25,112,0.92,False,False,2,84.15,1391.51
20,89.25,70,1.39,False,False,2,69.0,1321.14
21,89.25,107,1.21,False,False,2,65.79,1254.83
22,89.25,90,0.72,False,False,2,114.27,1139.65
1,89.62,64,1.02,False,False,2,138.1,0.01
2,89.62,112,0.91,False,False,2,75.0,2805.19
3,89.62,148,1.93,False,False,2,115.44,2688.81
4,89.62,67,1.55,False,False,2,27.27,2659.57
5,89.62,102,1.25,False,False,2,122.42,2535.93
6,89.62,74,0.92,False,False,2,122.34,2411.61
7,89.62,105,1.82,False,False,2,41.13,2367.58
8,89.62,82,1.1,False,False,2,123.23,2243.75
9,89.62,74,1.76,False,False,2,77.08,2166.11
10,89.62,67,0.95,False,False,2,37.26,2127.39
11,89.62,96,0.63,False,False,2,131.15,1995.36
12,89.62,76,1.52,False,False,2,144.37,1849.4
13,89.62,69,1.51,False,False,2,146.84,1701.81
14,89.62,91,1.18,False,False,2,32.25,1668.76
15,89.62,108,0.65,False,False,2,143.67,1522.85
16,89.62,60,0.72,False,False,2,126.47,1395.43
17,89.62,89,1.26,False,False,2,55.87,1338.37
18,89.62,68,1.24,False,False,2,111.75,1226.03
19,89.62,115,1.07,False,False,2,84.06,1141.31
20,89.62,71,0.51,False,False,2,32.0,1107.85
21,89.62,104,0.86,False,False,2,50.81,1056.2
22,89.62,87,1.91,False,False,2,52.64,1002.85
